lf_indekso;;;;;;;;;;;
lf_indekso;;;;;;;;;;;
jaro;monato;n-ro;paĝo(j);aŭtoro(j);titolo;tradukis;fontlingvo;rubriko;ŝlosilvorto;recenzita verko/filmo;tipologio
01 - 1970;junio;1;2;La Patrolo;Enkonduko;;;REDAKCIE;redakcie;;anonco
01 - 1970;junio;1;3-4;Nicolino Rossi;Du novaj poeziaĵoj (Kaliko, La kisoj de l'nokto);;;BELETRO;originala poezio;;poezio originala
01 - 1970;junio;1;4-7;Giorgio Silfer;Gabriela;;;BELETRO;originala prozo;;prozo originala
01 - 1970;junio;1;7-9;Giuseppe Ungaretti;Verkoj;Carlo Minnaja, Gaudenzio Pisoni, Nicolino Rossi;itala;BELETRO;tradukita poezio;;poezio tradukita
01 - 1970;junio;1;10;Lambert Mac Namara;Por instrui lingvon al infano;;;DIDAKTIKO;pedagogio;;eseo originala
01 - 1970;junio;1;11;Alec Coppel;David Niven filologo;;;LA SEPA ARTO;kinematografio;;eseo originala
01 - 1970;junio;1;12;Asterisko;M’illumino d’immenso;;;REDAKCIE;asterisko;;eseo originala
01 - 1970;aŭgusto;2;2;La Direktoro;Enkonduko;;;REDAKCIE;redakcie;;anonco
01 - 1970;aŭgusto;2;3;Nicolino Rossi;Unu, du kaj… tria;;;BELETRO;originala poezio;;poezio originala
01 - 1970;aŭgusto;2;4;Nicolino Rossi;Misrenkontoj;;;BELETRO;originala poezio;;poezio originala
01 - 1970;aŭgusto;2;5-8;Giorgio Silfer;Virinoj de la Kvina Avenuo (1);;;BELETRO;originala prozo;;prozo originala
01 - 1970;aŭgusto;2;9-11;Ugo Foscolo;Pri la tomboj;Luigi Minnaja;itala;BELETRO;tradukita poezio;;poezio tradukita
01 - 1970;aŭgusto;2;11-12;István Szerdahelyi;La socilingvistikaj problemoj;;;LINGVISTIKO;lingvistiko;;eseo originala
01 - 1970;aŭgusto;2;13-14;Nizo;Venecio ĉe la ĉapitro 31-a ekspozicio batas la horo de la televido por la italaj filmoj;;;LA SEPA ARTO;kinematografio;;eseo originala
01 - 1970;aŭgusto;2;14-15;Carlo Minnaja;Freŝa spiro el la Nordo;;;EN VITRINO;recenzo;Johan Hammond Rosbach (1970), Disko;recenzo
01 - 1970;aŭgusto;2;16;Asterikso;Modifi elinterne;;;REDAKCIE;asterisko;;eseo originala
01 - 1970;oktobro;3;2;La Direktoro;Enkonduko;;;REDAKCIE;redakcie;;anonco
01 - 1970;oktobro;3;3;;Ĉu novaj vojoj kaj skemoj por matura poeto?;;;BELETRO;originala poezio;;poezio originala
01 - 1970;oktobro;3;3-4;Nicolino Rossi;Ĉu ŝafi?;;;BELETRO;originala poezio;;poezio originala
01 - 1970;oktobro;3;5-7;Giorgio Silfer;Virinoj de la Kvina Avenuo (2);;;ESEO;originala rakonto;;eseo originala
01 - 1970;oktobro;3;8;Eugenio Montale;La domo doganista;Gaudenzio Pisoni;itala;BELETRO;tradukita poezio;;poezio tradukita
01 - 1970;oktobro;3;9-10;Gaudenzio Pisoni;La genio de Eugenio Montale;Gaudenzio Pisoni;itala;BELETRO;tradukita poezio;;poezio tradukita
01 - 1970;oktobro;3;11-12;István Szerdahelyi;Ci: ĉu mortnaskita?;;;LINGVISTIKO;lingvistiko;;eseo originala
01 - 1970;oktobro;3;13;Clelia Conterno;Ludovik L. Zamenhof (1859 - 1917);;;MEMORE PRI;galerio;;nekrologo
01 - 1970;oktobro;3;14-15;Carlo Minnaja;Krimo kaj puno;;;EN VITRINO;recenzo;Antonio Machado (1969), La lando de Alvargonzalez,  tr. F. de Diego;recenzo
01 - 1970;oktobro;3;15-16;Asterikso;Pro la etika forto;;;REDAKCIE;asterikso;;eseo originala
01 - 1970;decembro;4;2;La Redakcio;Enkonduko;;;REDAKCIE;redakcie;;anonco
01 - 1970;decembro;4;3;;Eta Vivo;;;EN VITRINO;recenzo;Clelia Conterno (1969), Eta Vivo;recenzo
01 - 1970;decembro;4;3-4;Clelia Conterno;"Ekzamenoj en instituto por kriplaj knaboj (specimeno el la lasta verslibro ""Eta Vivo"")";;;BELETRO;originala poezio;;poezio originala
01 - 1970;decembro;4;5;Nicolino Rossi;Giacomo Leopardi;;;HISTORIO;biografio;;nekrologo
01 - 1970;decembro;4;6-7;Giacomo Leopardi;Festotaga vespero;Nicolino Rossi;itala;TRADUKARTO;traduka poezio;;poezio tradukita
01 - 1970;decembro;4;8-11;Giorgio Silfer;SF = Science Fiction;;;ESEO;eseo;;eseo originala
01 - 1970;decembro;4;12-14;Carlo Minnaja;Rigardo malantaŭen tra 1970;;;EN VITRINO;recenzoj;;recenzo
01 - 1970;decembro;4;15-16;István Szerdahelyi;Esperanto: Universitata Fako;;;LINGVISTIKO;lingvistiko;;eseo originala
01 - 1970;decembro;4;17;Clelia Conterno;Antoni Grabowski (1857 - 1921);;;MEMORE PRI;galerio;;nekrologo
01 - 1970;decembro;4;18-19;H. Sonnabend;Gepatra kunlaboro;;;DIDAKTIKO;pedagogio;;eseo originala
01 - 1970;decembro;4;20;Asterikso;Obskura Esperanta autoro;;;REDAKCIE;asterisko;;eseo originala
02 - 1971;februaro;5;2;La Redakcio;Adoleska Gazeto… ...salutas vin.;;;NOVJARA SALUTO;saluto;;anonco
02 - 1971;februaro;5;3-4;Nicolino Rossi;Kroze tra ĝardeno patrina / Ampoemo;;;BELETRO;originala poezio;;poezio originala
02 - 1971;februaro;5;5;;Salvatore Quasimodo: Itala Nobel-Premio;;;HISTORIO;biografio;;nekrologo
02 - 1971;februaro;5;6-7;Salvatore Quasimondo;Poemoj;Gaudenzio Pisoni;itala;BELETRO;tradukita poezio;;poezio tradukita
02 - 1971;februaro;5;8;István Szerdahelyi;Pseudonomo? Pseudonimo?;;;LINGVISTIKO;lingvistiko;;eseo originala
02 - 1971;februaro;5;9-11;La Redakcio;Intervjuo al Emilija Lapenna;;;REDAKCIE;aktualaĵoj;;anonco
02 - 1971;februaro;5;11-13;Carlo Minnaja;Eta Vivo;;;EN VITRINO;recenzo;Clelia Conterno (1969), Eta Vivo;recenzo
02 - 1971;februaro;5;13-15;Roberto Improta;Orlando di Lasso;;;MUZIKO;muzikologio;;eseo originala
02 - 1971;februaro;5;16-17;Clelia Conterno;Nikolai Hohlov (1891-1953);;;MEMORE PRI;galerio;;nekrologo
02 - 1971;februaro;5;17-18;Clelia Conterno;Eŭgen Miĥalski (1897-?);;;MEMORE PRI;galerio;;nekrologo
02 - 1971;februaro;5;18-19;Asterikso;El Dante al Proust;;;REDAKCIE;asterisko;;eseo originala
02 - 1971;aprilo;6;2, 19;Asterikso;La Esperanta librovendado;;;REDAKCIE;asterikso;;eseo originala
02 - 1971;aprilo;6;3-4;Nicolino Rossi;La fonto;;;BELETRO;originala poezio;;poezio originala
02 - 1971;aprilo;6;4-6;Clelia Conterno Guglielminetti;Avinjo (1);;;BELETRO;originala prozo;;prozo originala
02 - 1971;aprilo;6;7;Aldo Palazzeschi;Mar' griza;Gaudenzio Pisoni;itala;TRADUKARTO;traduka poezio;;poezio tradukita
02 - 1971;aprilo;6;8;;Aldo Palazzeschi: Simpatio kaj pietato;;;HISTORIO;biografio;;nekrologo
02 - 1971;aprilo;6;9-11;Giorgio Silfer;Parolas Kalocsay;;;REDAKCIE;aktualaĵoj;;anonco
02 - 1971;aprilo;6;12-15;István Szerdahelyi;Onomastiko en Esperanto;;;LINGVISTIKO;lingvistiko;;eseo originala
02 - 1971;aprilo;6;15-16;Clelia Conterno;Kabe (1872-1959);;;MEMORE PRI;galerio;;nekrologo
02 - 1971;aprilo;6;16-18;Nicolino Rossi;Libero kaj amo;;;EN VITRINO;recenzo;Sándor Petőfi (1970), Libero kaj amo: poemoj elektitaj, tr. Kálmán Kalocsay;recenzo
02 - 1971;junio/aŭgusto;7-8;2-3;Asterisko;La ora trumpeto de Satchmo;;;REDAKCIE;asterisko;;eseo originala
02 - 1971;junio/aŭgusto;7-8;4-5;Clelia Conterno Guglielminetti;Avinjo (2);;;BELETRO;originala prozo;;prozo originala
02 - 1971;junio/aŭgusto;7-8;6;;Luigi Malerba;;;HISTORIO;biografio;;nekrologo
02 - 1971;junio/aŭgusto;7-8;7-15;Luigi Malerba;Babelo;Guglielmo Capacchi;itala;BELETRO;tradukita prozo;;prozo tradukita
02 - 1971;junio/aŭgusto;7-8;16;Salvatore Di Giacomo;Piano dum la nokto;Gaudenzio Pisoni;itala;TRADUKARTO;traduka poezio;;poezio tradukita
02 - 1971;junio/aŭgusto;7-8;16-17;Nicolino Rossi;Salvatore Di Giacomo;;;HISTORIO;biografio;;nekrologo
02 - 1971;junio/aŭgusto;7-8;18-19;Hans Michael Maitzen;La steloj - ĉu ili sensorĉiĝis?;;;SCIENCO;astronomio;;eseo originala
02 - 1971;junio/aŭgusto;7-8;20;F. R. Banham;Pri la figuro de Antoni Grabowski;;;KOMENTARIO;libera tribuno;;eseo originala
02 - 1971;junio/aŭgusto;7-8;21-25;Giorgio Silfer;Lapenna 26 Wensing 21;;;INTERVJUO;intervjuo/aktualaĵoj;;intervjuo
02 - 1971;junio/aŭgusto;7-8;26-30;Carlo Minnaja;Malsimilaj fratoj;;;EN VITRINO;recenzoj;;recenzo
02 - 1971;junio/aŭgusto;7-8;28;Tinin Mantegazza;Brikabrako;;;HUMURO;brikabrako;;eseo originala
02 - 1971;junio/aŭgusto;7-8;31;Clelia Conterno;Edmond Privat (1889-1962);;;MEMORE PRI;galerio;;nekrologo
02 - 1971;oktobro;9;2;La Redakcio;"Konkurso ""Grosseto"" 1971 (Rezultoj)";;;KONKURSFAKO;"konkurso ""grosseto""";;anonco
02 - 1971;oktobro;9;3;István Nemere;Se mi mortos;;;BELETRO;originala poezio;;poezio originala
02 - 1971;oktobro;9;4;;Konfirmo de nova talanto (Pri Stefano Nemere);;;BELETRO;originala poezio;;poezio originala
02 - 1971;oktobro;9;5;William Auld;Mezaĝulo al la hodiaŭa junularo;;;BELETRO;originala poezio;;poezio originala
02 - 1971;oktobro;9;6;Gianluigi Gimelli;Okuloj;;;BELETRO;originala poezio;;poezio originala
02 - 1971;oktobro;9;7-9;Lina Gabrielli;La granda skandalo;;;BELETRO;originala prozo;;prozo originala
02 - 1971;oktobro;9;10;F. Simonnet;"SemLK - Seminario ""Lingvo kaj Kulturo"" 1971";;;ESEO;referato;;eseo originala
02 - 1971;oktobro;9;11-13;Giorgio Silfer;Kafumante kun Bill Auld;;;INTERVJUO;intervjuo/aktualaĵoj;;intervjuo
02 - 1971;oktobro;9;13-14;Carlo Minnaja;Heine en Esperanto;;;EN VITRINO;recenzo;;recenzo
02 - 1971;oktobro;9;15;Michel Duc Goninaz;Al la solvo de literatura enigmo?;;;HISTORIO;literaturhistorio;;eseo originala
02 - 1971;oktobro;9;16;Tinin Mantegazza;Tio gravas: ne interkompreniĝi;;;HUMURO;brikobrako;;eseo originala
02 - 1971;oktobro;9;17-18;Giovanni B. Briano;Muzikaj problemoj;;;MUZIKO;muzikologio;;eseo originala
02 - 1971;oktobro;9;19;Asterisko;Homoj iris al Luno / Ĉinio iras al UNO;;;REDAKCIE;asterisko;;eseo originala
02 - 1971;decembro;10;2-3;Nicolino Rossi;Ĉu ankaŭ… poeto?;;;BELETRO;originala poezio;;poezio originala
02 - 1971;decembro;10;4;;Primo Levi;;;HISTORIO;biografio;;nekrologo
02 - 1971;decembro;10;5-10;Primo Levi;La kanto de Uliso;Clelia Conterno;itala;BELETRO;tradukita prozo;;prozo tradukita
02 - 1971;decembro;10;11-13;Giorgio Silfer;Kaj tamen estas Varsovio;;;TEATRO;teatro;;teatro originala
02 - 1971;decembro;10;13-14;István Szerdahelyi;Lingvistika ĉenludo;;;LINGVISTIKO;lingvistiko;;eseo originala
02 - 1971;decembro;10;15-16;Carlo Minnaja;Pri la pasintjara recenzado;;;EN VITRINO;recenzoj;;recenzo
02 - 1971;decembro;10;17;;Patrolkonkurso 1972;;;KONKURSFAKO;konkursoj;;anonco
02 - 1971;decembro;10;18-19;Clelia Conterno;Gyula Baghy (1891-1967);;;MEMORE PRI;galerio;;nekrologo
03 - 1972;februaro-aprilo;11-12;2-3;;Edwin de Kock (enpremiere por Literatura Foiro);;;INTERVJUO;intervjuo;;intervjuo
03 - 1972;februaro-aprilo;11-12;4-5;Edwin de Kock;Poemoj;;;BELETRO;originala poezio;;poezio originala
03 - 1972;februaro-aprilo;11-12;6;;Milena Milani;;;HISTORIO;biografio;;nekrologo
03 - 1972;februaro-aprilo;11-12;7-12;Milena Milani;La knabino nomata Julio;Giorgio Silfer;itala;BELETRO;tradukita prozo/romano;;prozo tradukita
03 - 1972;februaro-aprilo;11-12;13;Filippo Porcheddu;Joĉjo betono;;;HUMURO;humuro;;prozo originala
03 - 1972;februaro-aprilo;11-12;14-15;Carlo Minnaja;Grava evento en la traduka kampo;;;EN VITRINO;recenzo;(1971), Apenaŭ bukedeto: poemoj tradukitaj el la franca literaturo. tr. Roger Bernard;recenzo
03 - 1972;februaro-aprilo;11-12;15-16;Giorgio Silfer;Bonvenon ĉe S. U. K.;;;REDAKCIE;evento;;anonco
03 - 1972;februaro-aprilo;11-12;17-19;Vera Staniĉ;Kiel orientiĝi tra la porinfana literaturo?;;;INFANLITERATURO;infanliteraturo;;prozo originala
03 - 1972;februaro-aprilo;11-12;20-23;Joseph McGregor;La povostrukturo en la nuntempa okcidenta socio;;;MEMORE PRI;galerio;;nekrologo
03 - 1972;februaro-aprilo;11-12;23-25;Nicolino Rossi;Baghy en duobla formato … TK;;;EN VITRINO;recenzo;Julio Baghy (1971), Viktimoj  / Sur sanga tero;recenzo
03 - 1972;februaro-aprilo;11-12;26;Clelia Conterno;Kálmán Kalocsay (1891-);;;HISTORIO;biografio;;nekrologo
03 - 1972;februaro-aprilo;11-12;27;Asterisko;Mazzini hieraŭ kaj morgaŭ;;;HISTORIO;biografio;;nekrologo
03 - 1972;junio;13;2-4;Licia Sacchi, Giorgio Silfer;La 26a Avinjona Festivalo;;;INTERVJUO;intervjuo;;intervjuo
03 - 1972;junio;13;4-5;Asterikso;La ĝojo esti gaja;;;REDAKCIE;asterisko;;eseo originala
03 - 1972;junio;13;6-13;Giorgio Silfer;Puĉo;;;BELETRO;originala prozo;;prozo originala
03 - 1972;junio;13;13-14;Clelia Conterno;Marjorie Boulton (1924 -);;;MEMORE PRI;galerio;;nekrologo
03 - 1972;junio;13;15-18;Winfried Schumacher;Kompara blasfemologio;;;LINGVISTIKO;lingvistiko;;eseo originala
03 - 1972;junio;13;17;Filippo Porcheddu;Brikabrako;;;HUMURO;humuro;;prozo originala
03 - 1972;aŭgusto;14;2-3;Giorgio Silfer;Konfesoj de pioniro;;;INTERVJUO;intervjuo;;intervjuo
03 - 1972;aŭgusto;14;4-5;Nicolino Rossi;Platanoj;;;BELETRO;originala poezio;;poezio originala
03 - 1972;aŭgusto;14;6-12;La Redakcio;La 36a jardua arta ekspozicio en Venecio;;;ARTO;arto;;eseo originala
03 - 1972;aŭgusto;14;13-14;Carlo Minnaja;La reto;;;EN VITRINO;recenzo;Bukar /pseŭdonimo de Jean-Louis Saudian- Rousseau (1972), La reto. (teatraĵo);recenzo
03 - 1972;aŭgusto;14;15-16;Clelia Conterno;Ferenc Szilágyi (1895-1967);;;MEMORE PRI;galerio;;nekrologo
03 - 1972;aŭgusto;14;17;Filippo Porcheddu;Joĉjo betono;;;HUMURO;humuro;;prozo originala
03 - 1972;aŭgusto;14;16-18;Asterikso;De unu al alia;;;REDAKCIE;asterisko;;eseo originala
03 - 1972;oktobro;15;2-3;Gianluigi Gimelli;Mi mem;;;BELETRO;originala poezio;;poezio originala
03 - 1972;oktobro;15;4;Kjell Walraamoen;Floroj apud abismo;;;BELETRO;originala poezio;;poezio originala
03 - 1972;oktobro;15;5-6;Adriana Ravoni;Dialogo inter infano kaj lacertego;;;BELETRO;originala poezio;;poezio originala
03 - 1972;oktobro;15;7;Julius Balbin;Consecutio temporis;;;BELETRO;originala poezio;;poezio originala
03 - 1972;oktobro;15;8;La Redakcio;Unu ŝtupon plie (pri la literatura Patrolkonkurso);;;KONKURSFAKO;konkursoj;;anonco
03 - 1972;oktobro;15;9-13;Nevena Nedelĉeva;Kio estas lumo?;;;BELETRO;originala prozo;;prozo originala
03 - 1972;oktobro;15;14-15;Marinko Ĝivoje;Ilirologio daŭre aktuala;;;SCIENCO;arkeologio;;eseo originala
03 - 1972;oktobro;15;17;Filippo Porcheddu;Joĉjo betono;;;HUMURO;humuro;;prozo originala
03 - 1972;oktobro;15;18;Asterikso;La bravaj Nederlandanoj;;;REDAKCIE;asterisko;;eseo originala
03 - 1972;decembro;16;3-5;Giorgio Silfer;Pupteatro: malbela anasido de la arto;;;TEATRO;teatro;;teatro originala
03 - 1972;decembro;16;6;Nicolino Rossi;Al Vietnámio;;;BELETRO;originala poezio;;poezio originala
03 - 1972;decembro;16;7-8;Vicenzo Cardarelli;La mevoj, Aŭtuo, Al la morto;Gaudenzio Pisoni;itala;BELETRO;tradukita poezio;;poezio tradukita
03 - 1972;decembro;16;9-14;Carlo Minnaja;Preteratentita perlo;;;EN VITRINO;recenzoj;Julio Baghy (1958), Sonĝe sub pomarbo;recenzo
03 - 1972;decembro;16;11;Filippo Porcheddu;Joĉjo betono;;;HUMURO;humuro;;prozo originala
03 - 1972;decembro;16;15;Clelia Conterno;Stellan Engholm (1899 - 1960);;;MEMORE PRI;galerio;;nekrologo
03 - 1972;decembro;16;16-17;Reinhard Haupental;Esenco kaj celo de Interlingvistiko;;;LINGVISTIKO;lingvistiko;;eseo originala
04 - 1973;februaro-aprilo;17-18;2;La Redakcio;Stanislaw Lec;;;KOMENTARIO;ni ŝatus en esperanto;;eseo originala
04 - 1973;februaro-aprilo;17-18;3-5;Stanislaw Lec;"El ""Nekombitaj Pensoj""";Jerzy Banacki;pola;BELETRO;tradukita poezio;;poezio tradukita
04 - 1973;februaro-aprilo;17-18;6-8;Giorgio Silfer kaj Mario di Gregorio;Basa voĉo por laŭta esperantisto;;;INTERVJUO;intervjuo;;intervjuo
04 - 1973;februaro-aprilo;17-18;9-12;Humphrey Tonkin;Kalmanaj metiistoj el Ateno;;;EN VITRINO;recenzoj;;recenzo
04 - 1973;februaro-aprilo;17-18;13;Asterisko;Lasta instrujaro;;;BELETRO;prozo;;prozo originala
04 - 1973;februaro-aprilo;17-18;14-17;Gianluigi Gimelli;La Etruskoj, idoj de l’ mistero;;;SCIENCO;arkeologio;;eseo originala
04 - 1973;februaro-aprilo;17-18;18-22;István Szerdahelyi;Lingvistiko Interlingvistiko Esperanto;;;LINGVISTIKO;lingvistiko;;eseo originala
04 - 1973;februaro-aprilo;17-18;22-23;Clelia Conterno;Raymond Schwartz (1894 -);;;MEMORE PRI;galerio;;nekrologo
04 - 1973;februaro-aprilo;17-18;24-26;Nicolino Rossi;Verkoj de Nicolino Rossi;;;BELETRO;originala poezio;;poezio originala
04 - 1973;junio;19;2-3;Giorgio Silfer;Babilante en restoracio;;;REDAKCIE;aktualaĵoj;;anonco
04 - 1973;junio;19;4-5;Reinhard Haupental;Omaĝe al Schwartz;;;BELETRO;originala poezio;;poezio originala
04 - 1973;junio;19;5-8;Raymond Schwartz;Poemoj;;;BELETRO;originala poezio;;poezio originala
04 - 1973;junio;19;9-10;Pál Balkányi;La Tragedio de l’ Homo;Kálmán Kalocsay;hungara;BELETRO;tradukita poezio;;poezio tradukita
04 - 1973;junio;19;11;Clelia Conterno;William Auld (1924-);;;MEMORE PRI;galerio;;nekrologo
04 - 1973;junio;19;12-14;Reinhard Haupental;La arkaismoj en Esperanto;;;LINGVISTIKO;lingvistiko;;eseo originala
04 - 1973;junio;19;15-16;S. Cantoni;Sekso ĉe konfesejo;;;EN VITRINO;recenzo;Norberto Valentini e Clara Di Meglio (1973), Il sesso in confessionale;recenzo
04 - 1973;junio;19;17;Michel Duc Goninaz;Juna Amiko;;;DIDAKTIKO;pedagogio;;eseo originala
04 - 1973;junio;19;18;Asterisko;Bezono pri ekvilibro;;;DIDAKTIKO;pedagogio;;eseo originala
04 - 1973;aŭgusto;20;2;István Szerdahelyi;Esperantonimoj;;;LINGVISTIKO;lingvistiko;;eseo originala
04 - 1973;aŭgusto;20;3;;Giovanni Peterlongo;;;HISTORIO;biografio;;nekrologo
04 - 1973;aŭgusto;20;4-6;Clelia Conterno;Kiel ni reviziis la ĉefverkon;;;ESEO;eseo;;eseo originala
04 - 1973;aŭgusto;20;7-8;Dante;"El ""Dia Komedio""";Giovanni Peterlongo;itala;BELETRO;tradukita poezio;;poezio tradukita
04 - 1973;aŭgusto;20;9;Giorgio Silfer;Senĉenaj dialogoj;;;TEATRO;kabareto;;teatro originala
04 - 1973;aŭgusto;20;10-13;Giorgio Silfer;Doktoro Rosales;;;TEATRO;originala dramo;;teatro originala
04 - 1973;aŭgusto;20;14-15;Kjell Walraamoen;Branĉo super la abismo;;;BELETRO;originala poezio;;poezio originala
04 - 1973;aŭgusto;20;15-16;Julius Balbin;Kristnasko 1966 en Nov-Jorko;;;BELETRO;originala poezio;;poezio originala
04 - 1973;aŭgusto;20;17-18;Albert Goodhier;Printempo en Glasgovo;;;BELETRO;originala prozo;;prozo originala
04 - 1973;aŭgusto;20;19-21;Cesare Arieti;La porcio;;;BELETRO;originala prozo;;prozo originala
04 - 1973;oktobro;21;2;Nicolino Rossi;El Capri rememore al Nikolaj Rytjkov (omaĝo);;;TEATRO;teatro;;teatro originala
04 - 1973;oktobro;21;3-4;BBC-Radio Times;Tiom malvarme, ke eĉ la birdoj mortis;Mario di Gregorio;angla;HISTORIO;omaĝo;;nekrologo
04 - 1973;oktobro;21;5-6;Lina Gabrielli;La vivo savita;;;BELETRO;originala poezio;;poezio originala
04 - 1973;oktobro;21;7-8;Carlo Minnaja;Karnavalo;;;BELETRO;originala prozo;;prozo originala
04 - 1973;oktobro;21;9-10;Giorgio Silfer;1972: STAFETO 20-jara (intervjuo al Regulo Perez);;;INTERVJUO;intervjuo;;intervjuo
04 - 1973;oktobro;21;11;G. Mangini;La duonhoro de G. Mangini;;;HUMURO;humuro;;prozo originala
04 - 1973;oktobro;21;12-13;W. A. Verloren van Thermaat;"La ""Uranogedio"" de Giovanni Ricci";;;KOMENTARIO;retrospektivo;;recenzo
04 - 1973;oktobro;21;14-17;Giovanni Ricci;"El ""Uranogedio""";;;BELETRO;originala poezio;;poezio originala
04 - 1973;oktobro;21;18;La Redakcio;"Premio ""Urbo Novara""";;;REDAKCIE;aktualaĵoj;;anonco
04 - 1973;decembro;22;2;La Redakcio;Nur mallonga mesaĝo;;;BELETRO;prozo;;prozo originala
04 - 1973;decembro;22;3-5;Elio Migliorini;Kamparanaj domoj en Italujo;;;SCIENCO;geografio;;eseo originala
04 - 1973;decembro;22;6-8;István Szerdahelyi;Esperantistoj kaj interlingvistoj;;;LINGVISTIKO;lingvistiko;;eseo originala
04 - 1973;decembro;22;9;G. Mangini;La duonhoro;;;HUMURO;humuro;;prozo originala
04 - 1973;decembro;22;10-11;Asterisko;Negocado en la Nordo;;;ESEO;dokumento;;eseo originala
04 - 1973;decembro;22;12;Roger Bernard;Li spionis Aliam;;;TEATRO;teatro;;teatro originala
04 - 1973;decembro;22;12-13;La Redakcio;Marĝene al la Enciklopedio;;;KOMENTARIO;retrospektivo;;recenzo
04 - 1973;decembro;22;14;La Redakcio;"Internacia Literaturkonkurso ""Picenum""";;;REDAKCIE;aktualaĵoj;;anonco
05 - 1974;februaro;23;2-3;Giorgio Silfer;"Oni nomas lin ""Pajo"" …";;;INTERVJUO;intervjuo;;intervjuo
05 - 1974;februaro;23;4-5;Spomenka Ŝtimec;6a Pupteatra Internacia Festivalo;;;TEATRO;teatro;;teatro originala
05 - 1974;februaro;23;6-7;Carlo Minnaja;"""Ni kaj Ĝi""";;;EN VITRINO;recenzo;Gaston Waringhien (1972), Ni kaj Ĝi;recenzo
05 - 1974;februaro;23;8-11;István Szerdahelyi;La karaktero de vortelementoj en Esperanto (1);;;LINGVISTIKO;lingvistiko;;eseo originala
05 - 1974;februaro;23;11;;La brava knabo de la ’99 (Pri Luigi Minnaja);;;BELETRO;tradukita poezio;;poezio originala
05 - 1974;februaro;23;12-13;Giuseppe Ungaretti;Vi kriis: mi sufokiĝas…;Luigi Minnaja;itala;BELETRO;tradukita poezio;;poezio tradukita
05 - 1974;februaro;23;14;redakcie;"Premio ""Luciano Cattorini""";;;REDAKCIE;aktualaĵoj;;anonco
05 - 1974;aprilo;24;2-3;redakcie;Premio Picenum 1974;;;REDAKCIE;aktualaĵoj;;anonco
05 - 1974;aprilo;24;3;Josip Velebit;Kanto de l’ maljunulo;;;BELETRO;originala poezio;;poezio originala
05 - 1974;aprilo;24;4;Ruzar Briffa;Anastezio;Carmel Mallia;malta;BELETRO;tradukita poezio;;poezio tradukita
05 - 1974;aprilo;24;5-9;István Szerdahelyi;La karaktero de vortelementoj en Esperanto (2);;;LINGVISTIKO;lingvistko;;eseo originala
05 - 1974;aprilo;24;10-11;Carlo Minnaja;Forge kaj abismoj;;;EN VITRINO;recenzo;Jean Forge (1923), Abismoj, (1924) Saltego trans jarmiloj;recenzo
05 - 1974;aprilo;24;12-14;Giorgio Silfer;Intervjuo al Jussi Jüntti, respondeculo de FES;;;INTERVJUO;intervjuo;;intervjuo
05 - 1974;aprilo;24;16;redakcie;La duonhoro de G. Mangini;;;HUMURO;humuro;;prozo originala
05 - 1974;junio-aŭgusto;25-26;2;Asterikso;Konkursado, konkursado…;;;ESEO;artikolo;;eseo originala
05 - 1974;junio-aŭgusto;25-26;3;;"Premio ""Luciano Cattorini""";;;REDAKCIE;aktualaĵoj;;anonco
05 - 1974;junio-aŭgusto;25-26;4;Giancarlo Mangini;La duonhoro;;;HUMURO;humuro;;prozo originala
05 - 1974;junio-aŭgusto;25-26;5-10;Alfredo Perricone Pirandello;La mistera kastelo de baronino Risi;;;BELETRO;originala prozo;;prozo originala
05 - 1974;junio-aŭgusto;25-26;11-13;Giorgio Silfer;Doktoro Rosales;;;TEATRO;originala dramo;;teatro originala
05 - 1974;junio-aŭgusto;25-26;14;Lina Gabrielli;Molaj kiel veluro;;;BELETRO;originala poezio;;poezio originala
05 - 1974;junio-aŭgusto;25-26;15-16;Aldo de’ Giorgi;Ho, kiom mole hidas!;;;BELETRO;originala poezio;;poezio originala
05 - 1974;junio-aŭgusto;25-26;16-17;Julius Balbin;Neelĉifreble;;;BELETRO;originala poezio;;poezio originala
05 - 1974;junio-aŭgusto;25-26;17-18;Enzo Guernieri;La nova epoko kaj la paco de Gienz;;;EN VITRINO;recenzo;Gienz (1974), La nuova era e la pace di Gienz;recenzo
05 - 1974;junio-aŭgusto;25-26;19;Librofako de la Patrolo;Nove, sed ne konkurence;;;EN VITRINO;recenzoj;;recenzo
05 - 1974;junio-aŭgusto;25-26;20-22;Konfidence de la redaktejo;Konfidence el la redaktejo;;;INTERVJUO;intervjuo;;intervjuo
05 - 1974;oktobro;27;2-3;Carlo Minnaja;Someraj ekspozicioj en norda Italujo;;;ESEO;ekspozicio;;eseo originala
05 - 1974;oktobro;27;4-5;N. Z. Maimon;La juna Ludoviko ekster sia genta medio;;;FILOZOFIO;religio;;eseo originala
05 - 1974;oktobro;27;6-7;Giacomo Leopardi;Al Silvja;Gaudenzio Pisoni;itala;BELETRO;tradukita poezio;;poezio tradukita
05 - 1974;oktobro;27;8-9;Giorgio Silfer;Danielle Beguin, muziko en la poŝo;;;INTERVJUO;intervjuo;;intervjuo
05 - 1974;oktobro;27;10-12;Nevena Nedelĉeva;Patrino;;;BELETRO;novelo;;prozo originala
05 - 1974;oktobro;27;13;Giorgio Silfer;Nova Teatro;;;TEATRO;teatro;;teatro originala
05 - 1974;oktobro;27;14;Asterikso;Bondeziro, ONFRI;;;NOVJARA SALUTO;bondeziro;;anonco
05 - 1974;oktobro;27;16;Giancarlo Mangini;La duonhoro;;;HUMURO;humuro;;prozo originala
05 - 1974;decembro;28;2-3;Giorgio Silfer;Nova kontakto kun Samuel Becket;;;ESEO;dokumento;;eseo originala
05 - 1974;decembro;28;4-5;Giuseppe Ungaretti;La riveroj;Gaudenzio Pisoni;itala;BELETRO;tradukita poezio;;poezio tradukita
05 - 1974;decembro;28;6-7;Asterikso;Lasta Gulivero foriris;;;HISTORIO;omaĝo;;nekrologo
05 - 1974;decembro;28;8-14;Sándor Szathmári;Budapesta ekzameno;;;TEATRO;teatro;;teatro originala
05 - 1974;decembro;28;15;;"Internacia literaturkonkurso ''Gradara"" por poezia kaj prozo";;;REDAKCIE;aktualaĵoj;;anonco
05 - 1974;decembro;28;16-19;István Szerdahelyi;La bros-problemo;;;LINGVISTIKO;lingvistiko;;eseo originala
06 - 1975;februaro;29;2-3;Giorgio Silfer;Dramoj el la germana konsumismo;;;ESEO;prozo/arikolo;;eseo originala
06 - 1975;februaro;29;4-5;Gianluigi Gimelli;Poemoj de Gianluigi Gimelli;;;BELETRO;originala poezio;;poezio originala
06 - 1975;februaro;29;6-7;Carlo Minnaja;Stafeto ĉe la Belartaj Konkursoj;;;ESEO;artikolo;;eseo originala
06 - 1975;februaro;29;8-10;Giorgio Silfer;Profesieco en Esperanto-agado;;;INTERVJUO;intervjuo;;intervjuo
06 - 1975;februaro;29;11-14;K. Kalocsay;La karakteroj de vortelementoj en Esperanto;;;LINGVISTIKO;lingvistiko;;eseo originala
06 - 1975;februaro;29;15;redakcie;Patrolkonkurso 1975;;;REDAKCIE;aktualaĵoj;;anonco
06 - 1975;aprilo;30;2-4;Stanislaw Srokowski;el la poemaroj de Stanislaw Srokowski;Jan Smykalski;pola;BELETRO;tradukita poezio;;poezio tradukita
06 - 1975;aprilo;30;5;István Szerdahelyi;Reago al la kritiko de Kálmán Kalocsay;;;LINGVISTIKO;lingvstiko;;eseo originala
06 - 1975;aprilo;30;6-7;Perla Martinelli;Sciencfikcie kun Jan Forge;;;INTERVJUO;interjuo;;intervjuo
06 - 1975;aprilo;30;8-10;Giorgio Silfer;Renkonto kun Bertold Brecht;;;TEATRO;teatro;;teatro originala
06 - 1975;aprilo;30;11;redakcie;Kio pri ili;;;REDAKCIE;aktualaĵoj;;anonco
06 - 1975;aprilo;30;12-14;Giuseppe Ungaretti;"El ""La doloro""";Nicolino Rossi;itala;BELETRO;poezio;;poezio tradukita
6 - 1975;aprilo;30;16;;En vitrino;;;EN VITRINO;recenzo;"Lorjak (1975), Neologisme; Aldolf Holzhaus (1974), Granda galerio Zamenhofa; Vittorio Dall'Acqua (1974), Senkatenaj dialogoj";recenzo
06 - 1975;junio-aŭgusto;31-32;2-3;;"Pri la sorto de ""NORDA PRISMO""";;;REDAKCIE;aktualaĵoj;;anonco
06 - 1975;junio-aŭgusto;31-32;4-5;Clelia Conterno;Boccaccio;;;BELETRO;romano;;prozo originala
06 - 1975;junio-aŭgusto;31-32;6-8;Giovanni Boccaccio;"El ""Dekamerono""";Gaston Waringhien;itala;BELETRO;romano;;prozo tradukita
06 - 1975;junio-aŭgusto;31-32;9;Karolo Piĉ;Asfodeloj;;;BELETRO;poemo;;poezio originala
06 - 1975;junio-aŭgusto;31-32;10;Antonio Gambuti;La maro;;;BELETRO;poemo;;poezio originala
06 - 1975;junio-aŭgusto;31-32;11;redakcie;Premio Gradara 1975, Aŭtoro de la jaro 1976;;;REDAKCIE;komunikoj;;anonco
06 - 1975;junio-aŭgusto;31-32;12-15;libera tribuno;La bros-problemo;;;LINGVISTIKO;lingvistiko;;eseo originala
06 - 1975;junio-aŭgusto;31-32;16-17;Giorgio Silfer;Intervjuo al Alphonse Matejka;;;INTERVJUO;intervjuo;;intervjuo
06 - 1975;junio-aŭgusto;31-32;18;redakcie;Kio pri ili;;;REDAKCIE;aktualaĵoj;;anonco
06 - 1975;junio-aŭgusto;31-32;19;Giorgio Silfer;El la vivo de bervala sentaŭgulo;;;EN VITRINO;recenzo;Louis Beaucaire (1974), El la vivo de bervala sentaŭgulo;recenzo
06 - 1975;junio-aŭgusto;31-32;20-21;Carlo Minnaja;Esperanto en perspektivo;;;EN VITRINO;recenzo;Ivo Lapenna, Ulrich Lins kaj Tazio Carlevaro (1974), Esperanto en perspektivo;recenzo
06 - 1975;oktobro;33;2-3;;Patrolkonkurso;;;KONKURSFAKO;konkursojj;;anonco
06 - 1975;oktobro;33;4;Lina Gabrielli;Eble;;;BELETRO;originala poezio;;poezio originala
06 - 1975;oktobro;33;4;Aldo de’ Giorgi;Malabsolvo;;;BELETRO;originala poezio;;poezio originala
06 - 1975;oktobro;33;5;Kjell Walraamoen;Montdesegno en blanka memoro;;;BELETRO;originala poezio;;poezio originala
06 - 1975;oktobro;33;5;Elvira Lippe;Libro de l’ arbaro;;;BELETRO;originala poezio;;poezio originala
06 - 1975;oktobro;33;6-7;Alfredo Perricone Pirandello;Li nepre klarigadis la rilatan kialon;;;BELETRO;novelo;;prozo originala
06 - 1975;oktobro;33;8;redakcie;Kio pri ili;;;REDAKCIE;aktualaĵoj;;anonco
06 - 1975;oktobro;33;9-12;István Szerdahelyi;La lingvistika terminologio en Esperanto;;;LINGVISTIKO;lingvistiko;;eseo originala
06 - 1975;oktobro;33;12;redakcie;Memore pri Bruno Migliorini;;;HISTORIO;omaĝo;;nekrologo
06 - 1975;oktobro;33;13-14;Carlo Minnaja;Verda robo;;;EN VITRINO;recenzo;Johan Hammond Rosbach (1974), Verda robo aŭ ordinaraj Indianoj;recenzo
06 - 1975;oktobro;33;14;Giorgio Silfer;Kalejdoskopa varieto;;;EN VITRINO;recenzo;Ergoto de Bonaero (1974), Kalejdoskopa varieto;recenzo
06 - 1975;oktobro;33;15;Asterisko;Okaze de jubilea tosto;;;REDAKCIE;asterisko;;eseo originala
06 - 1975;decembro;34;2;Antonio De Salvo;Alia Nobel-premio;;;KONKURSFAKO;premio;;anonco
06 - 1975;decembro;34;2-3;Eugenio Montale;"Poemoj el la kolekto ""Ostoj de Sepio""";Gaudenzio Pisoni;itala;BELETRO;tradukita poezio;;poezio tradukita
06 - 1975;decembro;34;4-6;Clelia Conterno;Scolafritti (La virino en la E-literaturo);;;ESEO;esseo;;eseo originala
06 - 1975;decembro;34;7;Reinhard Haupental;La letero;;;REDAKCIE;letero;;anonco
06 - 1975;decembro;34;8-9;Spomenka Ŝtimec;Pupteatra oktobro en Zagrebo;;;TEATRO;pupteatro;;teatro originala
06 - 1975;decembro;34;10;redakcie;Sociologio kaj Beletro - tri demandoj al Peter G. Forster;;;INTERVJUO;intervjuo;;intervjuo
06 - 1975;decembro;34;11-12;Michel Duc Goninaz;La dudekkvar sonetoj;;;EN VITRINO;recenzo;Louise Labe (1975), La dudek kvar sonetoj, tr. Wilhelm Theodor Oeste;recenzo
06 - 1975;decembro;34;12;Giorgio Silfer;La perdita vizaĝo;;;EN VITRINO;recenzo;Josef Nesvadba (1973),  La perdita vizaĝo, tr. Adolf Staňura;recenzo
06 - 1975;decembro;34;13;István Szerdahelyi;Ĉu vorto aŭ vortelemento?;;;LINGVISTIKO;lingvistiko;;eseo originala
06 - 1975;decembro;34;14;Nicolino Rossi;"Literatura rondo ""La Patrolo""";;;HISTORIO;historio;;eseo originala
07 - 1976;februaro;35;2-3;redakcie;La Turo de Puijo post la Madoneto;;;ESEO;dokumento;;eseo originala
07 - 1976;februaro;35;4;Francesco Petrarca, Geonges de Scudéry;Ĉe la fonto de Valkluzoc;Gaston Waringhien;itala, franca;BELETRO;tradukita poezio;;poezio tradukita
07 - 1976;februaro;35;5;Umberto Saba;La poeto;Gaudenzio Pisoni;itala, franca;BELETRO;tradukita poezio;;poezio tradukita
07 - 1976;februaro;35;6;Nicolino Rossi;Uraganoj;;;BELETRO;poemo;;poezio originala
07 - 1976;februaro;35;7-9;Hantan Ellison;Sangaj ŝtonoj;Charles Power;angla;BELETRO;tradukita prozo;;prozo tradukita
07 - 1976;februaro;35;10-11;diversaj aŭtoroj;Komuna demando pri la Belartaj;;;REDAKCIE;aktualaĵoj;;anonco
07 - 1976;februaro;35;12;Pál Felső;Sukceson al SUK!;;;REDAKCIE;aktualaĵoj;;anonco
07 - 1976;februaro;35;13-14;Giorgio Silfer;Metodologio de Esperanto;;;EN VITRINO;recenzo;István Szerdahelyi (1975), Metodologio de Esperanto;recenzo
07 - 1976;aprilo;36;2-3;Nicolino Rossi;"el la poemkolekto ""Amiko Gaja""";;;BELETRO;originala poezio;;poezio originala
07 - 1976;aprilo;36;4;Zora Heide;Vizio;;;BELETRO;originala poezio;;poezio originala
07 - 1976;aprilo;36;5;Julius Balbin;Stranga muziko;;;BELETRO;originala prozo;;prozo originala
07 - 1976;aprilo;36;6-8;M. Delcourt - J. Amoroux;Unuaj esperantistaj Floraj Ludoj;;;REDAKCIE;konkurso;;anonco
07 - 1976;aprilo;36;9-12;Giorgio Silfer;Lasta kafo kun Kalocsay;;;HISTORIO;omaĝo;;nekrologo
07 - 1976;aprilo;36;13-14;Hartmut Trunte;Hasanagaino;;;EN VITRINO;recenzo;(1975), Hasanagaino, tr. Fran Janjiĉ;recenzo
07 - 1976;aprilo;36;14;redakcie;El la lasta Patrolkunsido;;;REDAKCIE;dokumento;;anonco
07 - 1976;junio-aŭgusto;37-38;2;Kálmán Kalocsay;"El ""Letero al William Auld""";;;BELETRO;letero;;prozo originala
07 - 1976;junio-aŭgusto;37-38;3-4;William Auld;La Infana Raso dudekjara;;;REDAKCIE;datreveno;;anonco
07 - 1976;junio-aŭgusto;37-38;5-7;Vilmos Benczik;Sinteza verko;;;ESEO;eseo;;eseo originala
07 - 1976;junio-aŭgusto;37-38;8-9;Giorgio Silfer;Epoko finiĝis;;;HISTORIO;historio;;eseo originala
07 - 1976;junio-aŭgusto;37-38;10-13;Tazio Carlevaro;La enigmo de Beaufront;;;BELETRO;historio;;prozo originala
07 - 1976;junio-aŭgusto;37-38;14-15;Gianluigi Gimelli;Lumoj kaj ombroj sur nuragoj;;;ESEO;eseo;;eseo originala
07 - 1976;junio-aŭgusto;37-38;16-17;Giorgio Silfer;Ses demandoj al István Szerdahelyi;;;INTERVJUO;intervjuo;;intervjuo
07 - 1976;junio-aŭgusto;37-38;18;Carlo Minnaja;Presitaj libroj kaj nepresitaj manuskriptoj;;;ESEO;artikolo;;eseo originala
07 - 1976;junio-aŭgusto;37-38;19-20;Gaston Waringhien;"""La Doloro"" de G.Ungaretti (tr. N.Rossi)";;;EN VITRINO;recenzo;G.Ungaretti (1975), La Doloro, tr. N.Rossi;recenzo
07 - 1976;junio-aŭgusto;37-38;20-21;Clelia Conterno;"""Ĝis nun"" de Daphne Lister";;;EN VITRINO;recenzo;Daphne Lister (1976), Ĝis nun;recenzo
07 - 1976;oktobro;39;2;Angelo Poliziano;Bonvenon, Majo!;Kálmán Kalocsay;itala;BELETRO;tradukita poezio;;poezio tradukita
07 - 1976;oktobro;39;3;redakcie;Lasta omaĝo al Kálmán Kalocsay;;;HISTORIO;omaĝo;;nekrologo
07 - 1976;oktobro;39;3-4;Michelangelo;Michelangelo kaj la nokto;Gaston Waringhien;itala;BELETRO;tradukita poezio;;poezio tradukita
07 - 1976;oktobro;39;6-7;Giorgio Silfer;Intervjuo kun Marcel Erbetta;;;INTERVJUO;intervjuo;;intervjuo
07 - 1976;oktobro;39;8-9;Roger Bernard;La Verda Kato testamentis antaŭ 50 jaroj;;;HISTORIO;historio;;eseo originala
07 - 1976;oktobro;39;10-11;Tina Miglioli;Planlingvistika fenomeno en la itala renesanco Teofilo Folengo;;;PLANLINGVISTIKO;planlingvistiko;;eseo originala
07 - 1976;oktobro;39;12;Ed Borsboom;La drinkokanto en Esperanto;;;;;;eseo originala
07 - 1976;oktobro;39;13-14;Carlo Minnaja;"""Plukonstrue"" de Edwin de Kock";;;EN VITRINO;recenzo;Edwin de Kock (1975), Plukonstrue;recenzo
07 - 1976;decembro;40;2-3;Carlo Porta;La elekto de la kapelpastro;Gaudenzio Pisoni;milana dialekto;BELETRO;tradukita poezio;;poezio tradukita
07 - 1976;decembro;40;4;Gianluigi Gimelli;Post la eksplodo / Somere en kamparo;;;BELETRO;originala poezio;;poezio originala
07 - 1976;decembro;40;4;Nicolino Rossi;Kaj ĉi vespere;;;BELETRO;originala poezio;;poezio originala
07 - 1976;decembro;40;5;Giorgio Silfer;Amikon mi havis / Ĉu mi revidos vin;;;BELETRO;originala poezio;;poezio originala
07 - 1976;decembro;40;6-7;J. Amouroux - M. Delcourt;Grandeco kaj dekadenco: fino de mito (1);;;;;;eseo originala
07 - 1976;decembro;40;8;N. Z. Maimon;Okaze de la Zamenhof-Tago;;;ZAMENHOFOLOGIO;festo;;anonco
07 - 1976;decembro;40;9;N. Z. Maimon;Jidlingvaj studoj de Zamenhof;;;HISTORIO;historio;;eseo originala
07 - 1976;decembro;40;10-11;Emilija Lapenna;Literatura anatomio;;;;;;eseo originala
07 - 1976;decembro;40;12;K. Kafavis;Itako;Renato Corsetti;angla;BELETRO;tradukita poezio;;poezio tradukita
07 - 1976;decembro;40;13-14;Michel Duc Goninaz;"""La Ĥimeroj"" G. de Nerval";;;EN VITRINO;recenzo;G. de Nerval (1976), Les Chimeres - La Ĥimeroj, tr. Gaston Waringhien;recenzo
07 - 1976;decembro;40;14;Clelia Conterno;"""Ĉu vi kuiras ĉine?"" de Johán Valano";;;EN VITRINO;recenzo;Johán Valano (1976), Ĉu vi kuiras ĉine?;recenzo
08 - 1977;februaro;41;2-4;Albert Goodhier;"El ""Merlo sur Menhiro""";;;BELETRO;originala poezio;;poezio originala
08 - 1977;februaro;41;4;Giorgio Silfer;Aŭtoro de la Jaro: kelkaj pensoj;;;;;;eseo originala
08 - 1977;februaro;41;5-7;Albert Goodhier;La filozofo;;;;;;eseo originala
08 - 1977;februaro;41;8;Giorgio Silfer;Renkonto kun Gorki;;;;;;eseo originala
08 - 1977;februaro;41;9;Reino Eriksson;La Barbaroj;;;;;;eseo originala
08 - 1977;februaro;41;10-11;Tyburciusz Tyblewski;Interparolo kun la sekretario de Tolstoj;;;;;;eseo originala
08 - 1977;februaro;41;12;M. Delcourt - J. Amoroux;Grandeco kaj dekadenco: fino de mito (2);;;;;;eseo originala
08 - 1977;februaro;41;13;Jim Cushing;"""Transe"" de Lorjak";;;EN VITRINO;recenzo;Lorjak (1976), Transe;recenzo
08 - 1977;februaro;41;14;Jouko Lindstedt;"""Vorto kaj Vortelemento"" de István Szerdahelyi";;;EN VITRINO;recenzo;István Szerdahelyi (1976), Vorto kaj vortelemento en Esperanto;recenzo
08 - 1977;aprilo;42;2-3;Julio Baghy;Poembukedo;;;BELETRO;originala poezio;;poezio originala
08 - 1977;aprilo;42;4-5;Pierre Ullman;Rifuĝoŝopiro;;;ESEO;eseo;;eseo originala
08 - 1977;aprilo;42;6-8;Johann Martin Schleyer / R. Haupental;Kiamaniere la eltrovinto de la Mondolingvo venis al la ideo de sia eltrovaĵo?;R. Haupental;germana;ESEO;artikolo;;eseo tradukita
08 - 1977;aprilo;42;9-10;Gaudenzio Pisoni;"""Rimleteroj"" de M. Boulton - W. Auld";;;EN VITRINO;recenzo;M. Boulton - W. Auld (1976), Rimleteroj;recenzo
08 - 1977;aprilo;42;10;Pekka Kaikumi;"""Hel"" de Sigurdur Nordal";;;EN VITRINO;recenzo;Sigurdur Nordal, Hel, tr. W. T. Oeste (manuskripto);recenzo
08 - 1977;aprilo;42;11;Sigurdur Nordal;Disigitaj vojoj;W. T. Oeste;islanda;BELETRO;tradukita prozo;;prozo tradukita
08 - 1977;aprilo;42;12-13;Katalin Nagy;"Lingvo- kaj stilevoluaj tendencoj en la spegulo de du tradukoj de ""La Tragedio de l' homo""";;;LINGVISTIKO;lingvistiko;"Imre Madách ""La Tragedio de l' homo"" (tr. K. Kalocsay)";eseo originala
08 - 1977;junio-aŭgusto;43-44;2;Gianluigi Gimelli;Cindro, Poezio;;;BELETRO;originala poezio;;poezio originala
08 - 1977;junio-aŭgusto;43-44;3-4;Giorgio Silfer;La sepan jaron li estu libera;;;KOMENTARIO;opinio;;eseo originala
08 - 1977;junio-aŭgusto;43-44;5-7;Laurie Lee;La alia sekso;William Auld;angla;BELETRO;novelo;;prozo tradukita
08 - 1977;junio-aŭgusto;43-44;8-9;Marcel Delcourt, Jean Amoroux;Tosto al la homaro;;;ESEO;eseo;;eseo originala
08 - 1977;junio-aŭgusto;43-44;10-11;Clelia Conterno;Baghy tra la tempo;;;ESEO;eseo;;eseo originala
08 - 1977;junio-aŭgusto;43-44;12-13;Tazio Carlevaro;Balaibalan;;;HISTORIO;historio;;eseo originala
08 - 1977;junio-aŭgusto;43-44;14;Carlo Minnaja;Freŝa sciencfikcio;;;ESEO;artikolo;;eseo originala
08 - 1977;junio-aŭgusto;43-44;15-17;Bernard Golden;Epifanio;;;EN VITRINO;recenzo;William Shakespeare (1977), Epifanio, tr. William Auld;recenzo
08 - 1977;junio-aŭgusto;43-44;18-19;Tazio Carlevaro;CDELI dekjara utopio;;;HISTORIO;historio;;eseo originala
08 - 1977;junio-aŭgusto;43-44;20;Helmar Frank;Pedagogiaj Tagoj en Caceres;;;REDAKCIE;evento;;anonco
08 - 1977;oktobro;45;2;Johán Valano;Spegule;;;BELETRO;originala poezio;;poezio originala
08 - 1977;oktobro;45;3;Giorgio Silfer;Pri: Ĉu vi kuiras ĉine?;;;EN VITRINO;recenzo;Johán Valano (1976), Ĉu vi kuiras ĉine?;recenzo
08 - 1977;oktobro;45;4;Perla Martinelli;Publiko pli matura ol la opinifarantaj;;;ESEO;artikolo;;eseo originala
08 - 1977;oktobro;45;6-7;Johán Valano;La albana garaĝisto;;;BELETRO;romano;;prozo originala
08 - 1977;oktobro;45;8-9;diversaj intervjuantoj;Respondas la Esperanta Simenon;;;BELETRO;prozo;;prozo originala
08 - 1977;oktobro;45;10-11;Ed Borsboom;Babilante kun Manders;;;ESEO;artikolo;;eseo originala
08 - 1977;oktobro;45;12-13;diversaj aŭtoroj;Floru ĉiuj floroj!;;;ESEO;artikolo;;eseo originala
08 - 1977;oktobro;45;14;Jouko Lindstedt;Internacia Lingvistika Simpozio;;;EN VITRINO;recenzo;red. Ztakto Tiŝlar (1976), Internacia Lingvistika Simpozio;recenzo
08 - 1977;decembro;46;2;Ferenc Szilágyi;Vivraporto;;;BELETRO;poemo;;poezio originala
08 - 1977;decembro;46;3-5;Giorgio Silfer;Ferenc Szilágyi: Unika hungaro;;;ESEO;eseo;;eseo originala
08 - 1977;decembro;46;4;William Auld;Memore al Ferenc Szilágyi;;;HISTORIO;omaĝo;;nekrologo
08 - 1977;decembro;46;5;Giorgio Silfer;Pri Agostino Brizzi;;;;;;eseo originala
08 - 1977;decembro;46;6-7;Agostino Brizzi;La indigno de Mastro Roko;;;BELETRO;romano;;prozo originala
08 - 1977;decembro;46;8;Nicolino Rossi;Du poemoj;;;BELETRO;poezio;;poezio originala
08 - 1977;decembro;46;9;Ĝuro Sudeta;Ĝuro Sudeta: Juna voĉo kroata;Jozevo Valebit;kroata;BELETRO;poezio;;poezio tradukita
08 - 1977;decembro;46;10-11;Spomenka Ŝtimec;De IOE al PIF;;;TEATRO;teatro;;teatro originala
08 - 1977;decembro;46;12-14;Bernard Golden;Ĉu Zamenhof konis la turkan lingvon?;;;ZAMENHOFOLOGIO;festo;;anonco
08 - 1977;decembro;46;15-16;Vittorio Dall’ Acqua;"""De tempo al tempo"" de G. Silfer";;;EN VITRINO;recenzo;Giorgio Silfer (1977), De tempo al tempo;recenzo
08 - 1977;decembro;46;16;Clelia Conterno;"""Homa animo"" de Despina Patrinu";;;EN VITRINO;recenzo;Despina Patrinu (1976), Homa animo;recenzo
08 - 1977;decembro;46;17;Reinhard Haupental;Koko krias jam, De Paĝo al Paĝo, Kvaropo;;;EN VITRINO;recenzo;"Ferenc Szilágyi, Koko krias jam; Lajos Tankony, De paĝo al paĝo; Autd/Dinwoodie/ Fnancis /Rosseti (1977), Kvaropo";recenzo
08 - 1977;decembro;46;17;W. A. Verloren van Thermaat;Letero al la redakcio;;;REDAKCIE;letero;;anonco
09 - 1978;februaro;47;2-3;Eugenio Montale;Eksprese pri kino;;;ESEO;artikolo;;eseo originala
09 - 1978;februaro;47;4-7;Bernard Golden;La profanado;;;ESEO;eseo;;eseo originala
09 - 1978;februaro;47;8;Bernard Golden;Ĉu Zamenhof konis la turkan lingvon? (bibliografio de la artikolo);;;ZAMENHOFOLOGIO;;;eseo originala
09 - 1978;februaro;47;9;Clelia Conterno;Juvelo minora;;;BELETRO;prozo;;prozo originala
09 - 1978;februaro;47;10-11;Tazio Carlevaro;La revuo Cosmoglotta;;;ESEO;eseo;;eseo originala
09 - 1978;februaro;47;12-13;redakcie;Someraj Universitataj Kursoj / IFA 1978;;;REDAKCIE;anonco;;anonco
09 - 1978;februaro;47;14-15;Clelia Conterno;"""Venis viro"" de Torben Nielsen";;;EN VITRINO;recenzo;Torben Nielsen (1976), Venis viro, tr. Gudrun Riisberg;recenzo
09 - 1978;februaro;47;15;Tazio Carlevaro;"""Noktoj"" de Serge Sire";;;EN VITRINO;recenzo;Serge Sire (1977), Noktoj;recenzo
09 - 1978;februaro;47;16-17;Giulio Cappa;"""Tra l' mondo"" de Oliver Tzaut / C. Piron";;;EN VITRINO;recenzo;Oliver Tzaut / C. Piron (1977) Tra l' mondo. (popolkanzona disko);recenzo
09 - 1978;februaro;47;17;Henri Vatré;"""Malmalice"" de Johán Valano";;;EN VITRINO;recenzo;Johán Valano (1977), Malmalice;recenzo
09 - 1978;februaro;47;20;Asterisko;Charlye Chaplin;;;REDAKCIE;asterisko;;eseo originala
09 - 1978;aprilo;48;2-4;Victor Lebrun;"La unua amo (el ""Devoto al Tolstoi"")";Tyburciusz Tyblewski;rusa;HISTORIO;omaĝo;;nekrologo
09 - 1978;aprilo;48;5;Seamus Heaney;La tollund-homo;Kris Long;angla;BELETRO;poemo;;poezio tradukita
09 - 1978;aprilo;48;6-9;István Szerdahelyi;La kontinueco en la historio de Interlingvistiko;;;PLANLINGVISTIKO;interlingvistiko;;eseo originala
09 - 1978;aprilo;48;10-11;Giorgio Silfer;La rolo de Finnlando en la Esperanto-kulturo;;;HISTORIO;kulturhistorio;;eseo originala
09 - 1978;aprilo;48;12;Reinhard Haupental / La redakcio;Hungaraj represoj;;;;;;eseo originala
09 - 1978;aprilo;48;13-16;Bernard Golden;"""Kantoj, poemoj kaj satiroj"" de Burns (tr. Auld-Rossetti)";;;EN VITRINO;recenzo;Robert Burns (1977), Kantoj, poemoj kaj satiroj, tr. Auld-Rossetti;recenzo
09 - 1978;aprilo;48;17;Michel Duc Goninaz;"""La renesanca periodo"" de Gaston Waringhien";;;EN VITRINO;recenzo;Gaston Waringhien (1977), La renesanca periodo (enkonduko, notoj kaj tradukoj);recenzo
09 - 1978;aprilo;48;17-18;Claude Piron;"""La Vojo"" (kasedo) de Ĝanfranko";;;EN VITRINO;recenzo;Ĝanfranko (1977) La Vojo (kasedo);recenzo
09 - 1978;junio;49;2-4;Carlo Porta;La preĝo;Gaudenzio Pison;milana dialekto;BELETRO;poemo;;poezio tradukita
09 - 1978;junio;49;5-6;Claude Gacond;Rousseau kaj montara civito;;;HISTORIO;historio;;eseo originala
09 - 1978;junio;49;7;Rejna de Jong;La kato / La psik-analigantoj / Ĉe ĉiu paŝo mia;;;BELETRO;poezio;;poezio originala
09 - 1978;junio;49;8-11;Giulio Cappa;Juan Rodolfo Wilcock;;;ESEO;eseo;;eseo originala
09 - 1978;junio;49;12-13;Reinhard Haupental;Eugen Wüster;;;ESEO;eseo;;eseo originala
09 - 1978;junio;49;14-15;Clelia Conterno;"""El la vivo"" de Vesna Skaljer-Race";;;EN VITRINO;recenzo;Vesna Skaljer-Race (1977), El la vivo;recenzo
09 - 1978;junio;49;15;Jim Cuscing;"""Naskitaj sur la ruino"" de Miyamoto Masao";;;EN VITRINO;recenzo;Miyamoto Masao (1976), Naskitaj sur la ruino;recenzo
09 - 1978;junio;49;16-17;J. Vemo;"""Matenruĝo"" de Oka Kazuto";;;EN VITRINO;recenzo;Oka Kazuto (1976), Matenruĝo;recenzo
09 - 1978;junio;49;18;Jouko Lindstedt;"""Sociopsikologio kaj grupdinamiko de la E-movado"" de T. Carlevaro";;;EN VITRINO;recenzo;T. Carlevaro (1977), Sociopsikologio kaj grupdinamiko de la E-movado;recenzo
09 - 1978;junio;49;20;Asterisko;Saluto el Svislando;;;REDAKCIE;asterisko;;eseo originala
09 - 1978;aŭgusto;50;2;la ĉeredaktoro;Enkonduke;;;REDAKCIE;redakcie;;anonco
09 - 1978;aŭgusto;50;3-5;Gulliver;El la lasta vojaĝo de Gulliver Letero al unika Ekstermonda Arkipelago;;;;;;eseo originala
09 - 1978;aŭgusto;50;6-7;Giorgio Silfer;Ni kreu per esperanto kulturan alternativon;;;ESEO;artikolo;;eseo originala
09 - 1978;aŭgusto;50;8-10;István Szerdahelyi;Vorto kaj vortelemento en Esperanto Studoj 10;;;LINGVISTIKO;lingvistiko;;eseo originala
09 - 1978;aŭgusto;50;11-12;Jouko Lindstedt;Al nova gazetaro;;;;;;eseo originala
09 - 1978;aŭgusto;50;13-14;Perla Martinelli;"Eeperanto havos sian ""Camplello""";;;;;;eseo originala
09 - 1978;aŭgusto;50;15;Giorgio Silfer;Esperanto en lernejoj aŭ lernejoj en Esperanto?;;;ESPERANTOLOGIO;lingvo;;eseo originala
09 - 1978;aŭgusto;50;16-17;Gianfranco Molle;Unua konkurso de E-kanzono: impersoj de partopreninto;;;KONKURSFAKO;konkurso;;anonco
09 - 1978;aŭgusto;50;18-19;Nicolino Rossi;"""Izolo"" de Kálmán Kalocsay";;;EN VITRINO;recenzo;Kálmán Kalocsay (1978), Izolo;recenzo
09 - 1978;aŭgusto;50;20;Kris Long;"""La urbo de terura nokto"" de James Thomson (tr. William Auld)";;;EN VITRINO;recenzo;James Thomson (1977), La urbo de terura nokto, tr. William Auld;recenzo
09 - 1978;aŭgusto;50;20-21;Roger Imbert;"""La justuloj"" de Albert Camus (tr. Georges Lagrange)";;;EN VITRINO;recenzo;Albert Camus (1977), La justuloj, tr. Georges Lagrange;recenzo
09 - 1978;oktobro;51;2-3;Giorgio Silfer;La satelito de Kalocsay;;;ESEO;dokumento;;eseo originala
09 - 1978;oktobro;51;4-5;Perla Martinelli;Grava leciono en jaro de magra rikolto;;;ESEO;eseo;;eseo originala
09 - 1978;oktobro;51;6-7;Giorgio Silfer;Unu Persono serĉanta Epilogon - El la dua akto;;;TEATRO;dramo;;teatro originala
09 - 1978;oktobro;51;8-9;René Descartes;Cogito Ergo Sum;Albert Goodhier;franca;REDAKCIE;traduka konkurso 1978;;anonco
09 - 1978;oktobro;51;10-12;Gianluigi Gimelli;Vivo en urbo neolitika;;;ESEO;eseo;;eseo originala
09 - 1978;oktobro;51;13-15;David K. Jordan;La unuaj kvindek jaroj de Miĉjo Muso vido el Usono;;;KONKURSFAKO;premio;;anonco
09 - 1978;oktobro;51;16-17;Georges Lagrange;Teatro en Pollando;;;TEATRO;teatro;;teatro originala
09 - 1978;oktobro;51;18;Pekka Kaikumi;"""Frithjof - Sagao"" de Esaias Tegnér (tr. Nilhelm Th. Oeste)";;;EN VITRINO;recenzo;Esaias Tegnér (1977), Frithjof - Sagao, tr. Nilhelm Th. Oeste;recenzo
09 - 1978;oktobro;51;20;Mauro Nervi;Komparado de doloroj;;;BELETRO;poemo;;poezio originala
09 - 1978;decembro;52;2-3;Tamásné Gyenes;De Babelo ĝis la mondolingvo;;;LINGVISTIKO;eseo;;eseo originala
09 - 1978;decembro;52;4-5;Vittorio Mathieu;Thomas More: La signifo de elekto;;;ESPERANTOLOGIO;artikolo;;eseo originala
09 - 1978;decembro;52;6-9;Renato Corsetti - Nino Vesella;Pri bantudevenaj vortoj en la Internacia Lingvo;;;LINGVISTIKO;eseo;;eseo originala
09 - 1978;decembro;52;10-11;redakcie;Tri demandoj al Srefan Maul;;;INTERVJUO;prozo;;intervjuo
09 - 1978;decembro;52;12;Suzanne Bourot;En Lieĝo SUK 1978;;;HISTORIO;dokumento;;eseo originala
09 - 1978;decembro;52;13;N. Z. Maimon;Kiel naskiĝis la ideo pri kvarlingva frazaro?;;;ESPERANTOLOGIO;dokumento;;eseo originala
09 - 1978;decembro;52;14-15;Clelia Conterno;"""Malmalice"" de Johán Valano";;;EN VITRINO;recenzo;Johán Valano (1977), Malmalice;recenzo
09 - 1978;decembro;52;15;Giorgio Silfer;"""Vivo de Lanti"" de Ed Borsboom";;;EN VITRINO;recenzo;Ed Borsboom (1976), Vivo de Lanti;recenzo
09 - 1978;decembro;52;16;Carlo Minnaja;"""Fianĉo de l’ sorto"" de Johan Hammond Rosbach";;;EN VITRINO;recenzo;Johan Hammond Rosbach (1977), Fianĉo de l’ sorto;recenzo
09 - 1978;decembro;52;17;Nicolino Rossi;"""Pri Internacia Lingvo dum jarcentoj"" de Isaj Dratwer";;;EN VITRINO;recenzo;Isaj Dratwer (1977), Pri Internacia Lingvo dum jarcentoj;recenzo
09 - 1978;decembro;52;17-18;Giulio Cappa;"""La amo de Danto Alighieri"" de Trygve Müller";;;EN VITRINO;recenzo;Trygve Müller (1978), La amo de Danto Alighieri;recenzo
09 - 1978;decembro;52;18;Giorgio Silfer;"""Estona soveta poezio"" tr. Hilda Dresen";;;EN VITRINO;recenzo;Hilda Dresen (1977), Estona soveta poezio (antologio de tradukitaj poemoj);recenzo
10 - 1979;februaro;53;2-4;Giorgio Silfer;Kial Esperanto bezonas kulturan ĉefurbon?;;;ESEO;dokumento;;eseo originala
10 - 1979;februaro;53;5-9;Claude Gacond;Pierre Bovet je la servo de Paco;;;HISTORIO;dokumento;;eseo originala
10 - 1979;februaro;53;10-11;Arvo Valton;"El la libro ""La vojo al la alia ekstremo de senfineco""";Antonina Apollo;estona;BELETRO;novelo;;prozo tradukita
10 - 1979;februaro;53;13;Albert Goodhier;"""La granda kaldrono"" de John Francis";;;EN VITRINO;recenzo;John Francis (1978), La granda kaldrono;recenzo
10 - 1979;februaro;53;14;Jean-Marie Jacques;"""Kain kaj Abel"" de Sándor Szathmári";;;EN VITRINO;recenzo;Sándor Szathmári (1977), Kain kaj Abel;recenzo
10 - 1979;februaro;53;15;Clelia Conterno;"""La ĝardeno de la urbestro"" de Lina Gabrielli";;;EN VITRINO;recenzo;Lina Gabrielli (1978), La ĝardeno de la urbestro;recenzo
10 - 1979;februaro;53;15-16;Olivier Tzaut;"""Horo da opozicio"" de Molle - Cappa - Corsetti";;;EN VITRINO;recenzo;Molle - Cappa - Corsetti (1978), Horo da opozicio (kasedo);recenzo
10 - 1979;februaro;53;16-17;Jouko Lindstedt;"""Jes, Esperanto estas lingvo!"" de István Szerdahelyi";;;EN VITRINO;recenzo;István Szerdahelyi (1976), Jes, Esperanto estas lingvo! (Respondo al Spang-Hanssen);recenzo
10 - 1979;februaro;53;17;Giorgio Silfer;"""Dudek-kvin jaroj"" kompilis W. Auld - V. Benczik";;;EN VITRINO;recenzo;William Auld - Vilmos Benczik (1977), Dudek-kvin jaroj;recenzo
10 - 1979;februaro;53;20;Giancarlo Mangini kaj Giorgio Silfer;La verdaj monstroj estas jam inter ni;;;LINGVISTIKO;komikso;;prozo originala
10 - 1979;aprilo;54;2;Claude Gacond;Objekto ankoraŭ esplorota;;;LINGVISTIKO;dokumento;;eseo originala
10 - 1979;aprilo;54;3;W. J. A. Manders;Volapük centjara;;;LINGVISTIKO;datrevene;;anonco
10 - 1979;aprilo;54;4-6;Claude Gacond;Al Doktoro Esperanto por influi lin gramatike;;;REDAKCIE;dokumento/eseo;;eseo originala
10 - 1979;aprilo;54;7-9;Giorgio Silfer redaktis;Cogabled Volapüka - Volapuka koserio;;Volapük;HISTORIO;eseo;;eseo tradukita
10 - 1979;aprilo;54;10-13;Tazio Carlevaro;"""Volapükamufalif in Jveiz"" La plej longdaŭra branĉo de la volapukmovado";;;HISTORIO;eseo;;eseo originala
10 - 1979;aprilo;54;14-18;Bernard Golden;Ĉu Doktoro Zamenhof estis Volapükel?;;;ESPERANTOLOGIO;eseo;;eseo originala
10 - 1979;aprilo;54;19-20;Giorgio Silfer;Ĉu ekzistis originala poezio volapuka?;;;LINGVISTIKO;dokumento;;eseo originala
10 - 1979;aprilo;54;21-22;Tazio Carlevaro;La Langue blue;;;LINGVISTIKO;eseo;;eseo originala
10 - 1979;aprilo;54;23-24;Giorgio Silfer;"""Je la flanko de la Profeto"" de Italo Chiussi";;;EN VITRINO;recenzo;Italo Chiussi (1978), Je la flanko de la Profeto;recenzo
10 - 1979;aprilo;54;25;Carlo Minnaja;"""Skota antologio"" de diversaj aŭtoroj";;;EN VITRINO;recenzo;diversaj aŭtoroj (1978), Skota antologio;recenzo
10 - 1979;aprilo;54;28;Giancarlo Mangini kaj Giorgio Silfer;La verdaj monstroj estas jam inter ni;;;LINGVISTIKO;komikso;;prozo originala
10 - 1979;junio;55;2-3;Giorgio Silfer;"Literatura rondo ""La Patrolo""";;;HISTORIO;historio;;eseo originala
10 - 1979;junio;55;4-5;Nicolino Rossi;Sur la vivopado;;;BELETRO;poemoj;;poezio originala
10 - 1979;junio;55;5-6;Ed Borsboom;La vivo je la servo de la verda standardo;;;ESEO;artikolo;;eseo originala
10 - 1979;junio;55;6-7;Camillo Sbàrbaro;Poemoj;G. Pisoni kaj C. Minnaja;itala;BELETRO;poemo;;poezio tradukita
10 - 1979;junio;55;7;Leonardo Sinisgalli;Poemo;G. Gimelli;itala;BELETRO;poemo;;poezio tradukita
10 - 1979;junio;55;8-9;Clelia Conterno;"El la libro ""Unu tago post la alia""";Roger Bernard;itala;BELETRO;romano;;prozo tradukita
10 - 1979;junio;55;10-11;Dario Besseghini;La tria judo;;;ESEO;artikolo;;eseo originala
10 - 1979;junio;55;13-15;Perla Martinelli;La Esperanto-Kanzono;;;MUZIKO;eseo;;eseo originala
10 - 1979;junio;55;16;W. A. Perrenoud-Theis;"""Lazur' kristala kaj pluv' susura"" de Masayuki Kuroda";;;EN VITRINO;recenzo;Masayuki Kuroda (1978), Lazur' kristala kaj pluv' susura;recenzo
10 - 1979;junio;55;17;Giorgio Silfer;"""El unu verda vivo"" de William Auld";;;EN VITRINO;recenzo;William Auld (1978), El unu verda vivo;recenzo
10 - 1979;junio;55;20;Giancarlo Mangini kaj Giorgio Silfer;La verdaj monstroj estas jam inter ni;;;LINGVISTIKO;komikso;;prozo originala
10 - 1979;aŭgusto;56;2;Helmut Sonnabend;Salutmesaĝo al la Kolokvo pri porinfana literaturo;;;NOVJARA SALUTO;salutmesaĝo;;anonco
10 - 1979;aŭgusto;56;3-9;Claude Piron;Lingva kreemo kaj lernado de la arto paroli;;;LINGVISTIKO;lingvistiko;;eseo originala
10 - 1979;aŭgusto;56;10-13;Claude Gacond;De la unuaj infanlibroj al la kontribuo de Svislando;;;INFANLITERATURO;infanlibroj;;eseo originala
10 - 1979;aŭgusto;56;14-16;Janusz Sulzycki;"""Paĉjo"" Korczak";;;ESEO;eseo;;eseo originala
10 - 1979;aŭgusto;56;16-18;Pertti Lassila;Böll estas bona germano;Jussi Jantti;finna;BELETRO;eksluzive;;prozo tradukita
10 - 1979;aŭgusto;56;20;Giancarlo Mangini kaj Giorgio Silfer;La verdaj monstroj estas jam inter ni;;;LINGVISTIKO;komikso;;prozo originala
10 - 1979;oktobro;57;2-4;Giorgio Silfer;Kvar demandoj al John Francis;;;INTERVJUO;prozo;;intervjuo
10 - 1979;oktobro;57;5;Nicole Margot;Laŭro por pacisma verko;;;KONKURSFAKO;konkurso;;anonco
10 - 1979;oktobro;57;6-8;David K. Jordan;Asteriks la Gaŭlo;;;BELETRO;bildrakonto;;prozo originala
10 - 1979;oktobro;57;10-11;John Islay Francis;"El la romano ""Halman intendanto""";;;BELETRO;romano;;prozo originala
10 - 1979;oktobro;57;12-13;Marinko Ĝivoje;Marinko Alberti , revoluciulo, poeto, pentristo tutmonda;Marinko Ĝivoje;itala;ESEO;artikolo;;eseo tradukita
10 - 1979;oktobro;57;14-15;Jouko Lindstedt;Esperanto kaj lingvistiko;;;LINGVISTIKO;artikolo;;eseo originala
10 - 1979;oktobro;57;16;Roger Bernard;"""La kalva kantistino"" de Eugène Ionesco";;;EN VITRINO;recenzo;Eugène Ionesco (1978), La kalva kantistino, tr. Georges. Lagrange;recenzo
10 - 1979;oktobro;57;17;Vittorio Dall’ Acqua;"""Ĉu li bremsis sufiĉe?"" de Johán Valano";;;EN VITRINO;recenzo;Johán Valano (1979), Ĉu li bremsis sufiĉe?;recenzo
10 - 1979;oktobro;57;17-18;Nicolino Rossi;"""La turoj de l' ĉefurbo"" de Mauro Nervi";;;EN VITRINO;recenzo;Mauro Nervi (1978), La turoj de l' ĉefurbo;recenzo
10 - 1979;oktobro;57;20;Giancarlo Mangini kaj Giorgio Silfer;La verdaj monstroj estas jam inter ni;;;LINGVISTIKO;komikso;;prozo originala
10 - 1979;decembro;58;2-3;Ralph L. Harry;"Pri la romano ""Sur la Plaĝo"" de Nevil Shute";;;UVERTURO;romano;Nevil Shute (1957), On the beach;poezio originala
10 - 1979;decembro;58;3-4;Nevil Shute;"El la romano ""Sur la Plaĝo""";Ken Linton;angla;UVERTURO;romano;;poezio tradukita
10 - 1979;decembro;58;5;Aleksander Puŝkin;Obsedas min amara sent’;Nikolao Fedotov;rusa;BELETRO;poemo;;poezio tradukita
10 - 1979;decembro;58;6-9;Giorgio Silfer;Ido-influoj en la esperanto-poezio;;;KULTURPOLITIKO;eseo;;eseo originala
10 - 1979;decembro;58;10-11;Pier Giorgio Soranzo;Ŝakludo kaj literaturo;;;ESEO;eseo;;eseo originala
10 - 1979;decembro;58;12-13;Ada Csiszár;La geneologia arbo de Kalocsay;;;HISTORIO;libro;;eseo originala
10 - 1979;decembro;58;14;Clelia Conterno;"""Danai Vraila"" de Despina Patrinu";;;EN VITRINO;recenzo;Despina Patrinu (1978), Danai Vraila;recenzo
10 - 1979;decembro;58;15-16;Teo Jung;"""Ĉiu ciun"" de Teo Jung";;;EN VITRINO;recenzo;Teo Jung (1979), Ĉiu ciun;recenzo
10 - 1979;decembro;58;17;Gaudenzio Pisoni;"""El la nova ĝardeno"" de Dante Bettolini";;;EN VITRINO;recenzo;Dante Bettolini (1979), El la nova ĝardeno;recenzo
10 - 1979;decembro;58;18;Rikardo Ŝulco;"""Elektitai fabeloj"" de Krilov, tr. Rublov";;;EN VITRINO;recenzo;Ivan Krilov (1979), Elektitai fabeloj, tr. S.Rublov;recenzo
10 - 1979;decembro;58;20;Giancarlo Mangini kaj Giorgio Silfer;La verdaj monstroj estas jam inter ni;;;BILDLITERATURO;komikso;;prozo originala
11 - 1980;februaro;59;1;Nicolino Rossi;"El la libro ""Sur la Vivopado""";;;UVERTURO;poemo;;poezio originala
11 - 1980;februaro;59;2-3;Tazio Carlevaro;Kultura revuo por la jaroj 80-aj;;;REDAKCIE;historio;;anonco
11 - 1980;februaro;59;4-5;Ada Csiszár;Kalocsay, la neologo;;;BELETRO;historio;;prozo originala
11 - 1980;februaro;59;8-13;Bernard Golden;La misa profetaĵo de Petro Stojan;;;PLANLINGVISTIKO;eseo;;eseo originala
11 - 1980;februaro;59;14-15;N. Z. Maimon;Marĝene al la HALINA-dokumento;;;ZAMENHOFOLOGIO;historio;;eseo originala
11 - 1980;februaro;59;16-17;Perla Martinelli kaj Giorgio Silfer;MONATO unutaga;;;INTERVJUO;prozo;;intervjuo
11 - 1980;februaro;59;18-19;Giorgio Silfer;Por kvalita kresko de la traduka ĝenro;;;KULTURPOLITIKO;pri tradukarto;;eseo originala
11 - 1980;februaro;59;21;Olivier Tzaut;"Giulio Cappa, Renato Corsetti, Gianfranco Molle ""Kontakto"" (kasedo kaj libreto)";;;EN VITRINO;recenzo;Giulio Cappa, Renato Corsetti, Gianfranco Molle (1979), Kontakto (kasedo kaj libreto);recenzo
11 - 1980;februaro;59;22-23;Walter Żelazny;"Corsetti, Tonkin, Daŝgupto ""La lingvo kaj la rajto je komunjkado""";;;EN VITRINO;recenzo;Renato Corsetti, Humphrey Tonkin, Probal Daŝgupto (1978), La lingvo kaj la rajto je komunjkado;recenzo
11 - 1980;februaro;59;23;Albert Goodhier;"Edward Thomas ""Poemoj"" (tr. Kris Long)";;;EN VITRINO;recenzo;Edward Thomas (1979), Poemoj, tr. Kris Long;recenzo
12 - 1980;februaro;59;23;Albert Goodhier;"Emily Dickinson ""Vulkane"" (tr. Kris Long)";;;EN VITRINO;recenzo;Emily Dickinson (1979) Vulkane, tr. Kris Long;recenzo
11 - 1980;februaro;59;24;Giancarlo Mangini kaj Giorgio Silfer;La verdaj monstroj estas jam inter ni;;;LINGVISTIKO;komikso;;prozo originala
11 - 1980;aprilo;60;25;Johán Valano;Oazo;;;UVERTURO;poemo;;poezio originala
11 - 1980;aprilo;60;26-27;Giorgio Silfer;Trafu la rendevuon kun Finnlando;;;REDAKCIE;alvoko;;anonco
11 - 1980;aprilo;60;28-29;Sándor Révész;Limoj ne transpaŝeblaj;;;ESPERANTOLOGIO;eseo;;eseo originala
11 - 1980;aprilo;60;30-32;Ed Borsboom;Hendrik de Hoog sepdekjara;;;INTERVJUO;prozo;;intervjuo
11 - 1980;aprilo;60;33;Giorgio Silfer;En la spirito de Puatiero;;;KULTURPOLITIKO;artikolo;;eseo originala
11 - 1980;aprilo;60;34-38;K. Kalocsay, Ada Csiszár;Vortoduelo inter Baghy kaj Kalocsay;;;BELETRO;eseo;;prozo originala
11 - 1980;aprilo;60;39-42;Tazio Carlevaro;Novlatinoida tendenco: 1880-1900;;;PLANLINGVISTIKO;eseo;;eseo originala
11 - 1980;aprilo;60;43;Paola Mamone;"Lina Gabrielli ""Vivendo""";;;EN VITRINO;recenzo;Lina Gabrielli (1979), Vivendo;recenzo
11 - 1980;aprilo;60;44-45;Jouko Lindstedt;"John Wells ""Lingvistikaj aspektoj de Esperanto""";;;EN VITRINO;recenzo;John Wells (1978), Lingvistikaj aspektoj de Esperanto;recenzo
11 - 1980;aprilo;60;46;Corrado d’ Arezzo;"Avoto ""Gutaro""";;;EN VITRINO;recenzo;Avoto (Aleksandro W. Thomson) (1979), Gutaro;recenzo
11 - 1980;aprilo;60;48;Giancarlo Mangini kaj Giorgio Silfer;La verdaj monstroj estas jam inter ni;;;LINGVISTIKO;komikso;;prozo originala
11 - 1980;junio;61;49;John Francis;Kolono;;;UVERTURO;poemo;;poezio originala
11 - 1980;junio;61;50;Perla Martinelli;Pri Alejo Carpentier;;;BELETRO;literaturo;;prozo originala
11 - 1980;junio;61;51-52;Alejo Carpentier;"el la romano ""La paŝoj perditaj""";Perla Martinelli;hispana;BELETRO;romano;;prozo tradukita
11 - 1980;junio;61;53-59;Walter Żelazny;Studia Esperantologiczne;;;PLANLINGVISTIKO;eseo;;eseo originala
11 - 1980;junio;61;60-61;Giorgio Silfer;Neŭtra kaj neŭtrala;;;KULTURPOLITIKO;artikolo;;eseo originala
11 - 1980;junio;61;62-64;Giorgio Silfer;La fenomeno Baur;;;INTERVJUO;prozo;;intervjuo
11 - 1980;junio;61;65-68;Ada Csiszár;La PIRATO sturmas;;;BELETRO;eseo;;prozo originala
11 - 1980;junio;61;69;Tazio Carlevaro;"Claude Piron ""Kiel personeco sin strukturas""";;;EN VITRINO;recenzo;Claude Piron (1978), Kiel personeco sin strukturas;recenzo
11 - 1980;junio;61;70;Tazio Carlevaro;"red. Detlev Blanke ""Socipolitikaj aspektoj de la Esperanto-movado""";;;EN VITRINO;recenzo;red. Detlev Blanke (1978), Socipolitikaj aspektoj de la Esperanto-movado;recenzo
11 - 1980;junio;61;71;Perla Martinelli;"Vladimir Beeckman ""Lumo de Orienta Eŭropo""";;;EN VITRINO;recenzo;Vladimir Beeckman (1978), Lumo de Orienta Eŭropo;recenzo
11 - 1980;junio;61;72;Giancarlo Mangini kaj Giorgio Silfer;La verdaj monstroj estas jam inter ni;;;EN VITRINO;komikso;;recenzo
11 - 1980;aŭgusto;62;73;Baldur Ragnarsson;Portovenere por Janet;;;UVERTURO;poemo;;poezio originala
11 - 1980;aŭgusto;62;74-75;Perla Martinelli;Esperanto-Festo 1980;;;REDAKCIE;informo;;anonco
11 - 1980;aŭgusto;62;75;August Braun;Esperanto-Festo 1980 (Salutmesaĝo);;;REDAKCIE;saluto;;anonco
11 - 1980;aŭgusto;62;76-82;Umberto Stoppolini;La aŭtora rajto en la internacia juro;;;REDAKCIE;aŭtoraj rajtoj;;anonco
11 - 1980;aŭgusto;62;84-85;redakcie;Manifesto de Raŭmo;;;KULTURPOLITIKO;manifesto;;anonco
11 - 1980;aŭgusto;62;86-92;Giorgio Silfer;Aŭtora kaj eldonista etiko: 1887-1980;;;KULTURPOLITIKO;koncepto;;eseo originala
11 - 1980;aŭgusto;62;93-95;Ada Csiszár;La fundamento kaj la palaco;;;BELETRO;memorlibro;;prozo originala
11 - 1980;aŭgusto;62;96;Giancarlo Mangini kaj Giorgio Silfer;La verdaj monstroj estas jam inter ni;;;BILDLITERATURO;komikso;;prozo originala
11 - 1980;oktobro;63;97;Sapho;Pri malproksima amikino;Mauro Nervi;greka;UVERTURO;poemo;;poezio tradukita
11 - 1980;oktobro;63;98;Nicole Margot;Ex aequo;;;KONKURSFAKO;kongreso;;anonco
11 - 1980;oktobro;63;99;Herbert Mayer;Inter publiko kaj kreanto;;;KULTURPOLITIKO;artikolo;;eseo originala
11 - 1980;oktobro;63;100-102;Johán Valano;"el la romano ""Ĉu li venis trakosme?""";;;BELETRO;romano;;prozo originala
12 - 1980;oktobro;63;103;Giulio Cappa;Jorge Luis Borges;;;;;;eseo originala
11 - 1980;oktobro;63;104-106;Jorge Luis Borges;Pri la analiza idiomo de John Wilkins;Giulio Cappa;hispana;BELETRO;eseo;;prozo tradukita
11 - 1980;oktobro;63;108-110;redakcie;La fikcia evento… … okazis postmorgaŭ;;;REDAKCIE;premio agrus;;anonco
11 - 1980;oktobro;63;111-114;Walter Żelazny;Fierigas min virinaj okuloj…;;;REDAKCIE;premio agrus;;anonco
11 - 1980;oktobro;63;115-119;Wilhelm Theodor Oeste;"Friedrich Nietzsche ""Tiele parolis Zaratuŝtra"" (tr. W. A. Verloren van Themaat)";;;EN VITRINO;recenzo;Friedrich Nietzsche  (1977), Tiele parolis Zaratuŝtra, tr. W. A. Verloren van Themaat;recenzo
11 - 1980;oktobro;63;120;Giancarlo Mangini kaj Giorgio Silfer;La verdaj monstroj estas jam inter ni;;;BILDLITERATURO;komikso;;prozo originala
11 - 1980;decembro;64;121;Giorgio Silfer;Vi scias (el Poemoj por vi);;;UVERTURO;poemo;;poezio originala
11 - 1980;decembro;64;122;Perla Martinelli;Karaj legantoj;;;REDAKCIE;informo;;anonco
11 - 1980;decembro;64;123-124;Kees Ruig;La mesaĝo de Anne;;;BELETRO;taglibro;;prozo originala
11 - 1980;decembro;64;125-127;Giorgio Silfer;Preter la letero al s-ro B.;;;ZAMENHOFOLOGIO;eseo;;eseo originala
11 - 1980;decembro;64;128-131;Tazio Carlevaro;Post neo… plu nenio;;;PLANLINGVISTIKO;eseo;;eseo originala
11 - 1980;decembro;64;132-133;Poul Thorsen;Drinkokanto;;;BELETRO;poemo;;poezio originala
11 - 1980;decembro;64;134-135;Irma Heikkila;Delegita interveno;;;KULTURPOLITIKO;interveno;;eseo originala
11 - 1980;decembro;64;136-138;Pierre Janton;"William Shakespeare ""Rikardo Tria"" (tr. John Francis)";;;EN VITRINO;recenzo;William Shakespeare (1980), Rikardo Tria, tr. John Francis;recenzo
11 - 1980;decembro;64;139;Carlo Minnaja;"Gaston Waringhien ""1887 kaj la sekvo...""";;;EN VITRINO;recenzo;Gaston Waringhien (1980), 1887 kaj la sekvo...;recenzo
11 - 1980;decembro;64;140-141;Arthur Baur;"Dante Alighieri ""Infero"" (tr. K. Kalocsay)";;;EN VITRINO;recenzo;Dante Alighieri (1979), Infero, tr. K. Kalocsay;recenzo
11 - 1980;decembro;64;142-143;Herbert Mayer;"T. Carlevaro, G. Lobin ""Einführung in die Interlinguistik""";;;EN VITRINO;recenzo;Tazio Carlevaro, Gerhard Lobin (1979), Einführung in die Interlinguistik;recenzo
11 - 1980;decembro;64;144;Giancarlo Mangini kaj Giorgio Silfer;La verdaj monstroj estas jam inter ni;;;BILDLITERATURO;komikso;;prozo originala
12 - 1981;februaro;65;1;Cecco Angiolieri;S’ i’ fosse foco;K. Kalocsay;itala;UVERTURO;poemo;;poezio tradukita
12 - 1981;februaro;65;2;Perla Martinelli;Bonvenon al Bazelo;;;REDAKCIE;bonvenigo;;anonco
12 - 1981;februaro;65;3;Serge Sire;Mal-h.elik-a verko;;;BILDLITERATURO;komikso;;prozo originala
12 - 1981;februaro;65;4-5;Giorgio Silfer;La leginda Baghy;;;ESEO;eseo;;eseo originala
12 - 1981;februaro;65;6;Spomenka Ŝtimec;Pupoj ridas;;;ESEO;artikolo;;eseo originala
12 - 1981;februaro;65;7-8;Julio J. Juanes;Ridi, pagliaccio!;;;KONKURSFAKO;poemo;;poezio originala
12 - 1981;februaro;65;9-12;Dario Besseghini;De Prato al Esperantujo per bildliteraturo;;;ESEO;eseo;;eseo originala
12 - 1981;februaro;65;13;Quino;Mafalda;Perla Martinelli;hispana;BELETRO;komikso;;prozo tradukita
12 - 1981;februaro;65;14-15;Reino Eriksson;Norda humuro;;;HUMURO;humuro;;prozo originala
12 - 1981;februaro;65;17-19;Pierre Ullman;"Ĉu Cervantes estis ""submokanto""?";;;BELETRO;eseo;;prozo originala
12 - 1981;februaro;65;21-22;Arthur Baur;"Miyamoto Masao ""Sarkasme kaj entuziasme""";;;EN VITRINO;recenzo;Miyamoto Masao (1979), Sarkasme kaj entuziasme;recenzo
12 - 1981;februaro;65;22;W. A. Verloren van Thermaat;Ĉu la Taglibro de Anna Frank estas falsaĵo?;;;EN VITRINO;recenzo;Anne Frank, La Taglibro;recenzo
12 - 1981;februaro;65;23;Johannes Palu;Hilda Dresen (1896-1981);;;MEMORE PRI;omaĝo;;nekrologo
12 - 1981;februaro;65;24;Giancarlo Mangini kaj Giorgio Silfer;La verdaj monstroj estas jam inter ni;;;BILDLITERATURO;komikso;;prozo originala
12 - 1981;aprilo;66;1;Herbert Mayer;Poemoj de Herbert Mayer;;;UVERTURO;poemoj;;poezio originala
12 - 1981;aprilo;66;2;Perla Martinelli;Karaj legantoj;;;REDAKCIE;alvoko;;anonco
12 - 1981;aprilo;66;3-5;Louis Beaucaire;La ribelema kruro;;;BELETRO;fabelo;;prozo originala
12 - 1981;aprilo;66;7;Pierre Hirsch;Thomas More, heroldo de paco;;;ESEO;artikolo;;eseo originala
12 - 1981;aprilo;66;8-10;Clelia Conterno;Mi deĵoris sur tiu ferdeko;;;BELETRO;eseo;;prozo originala
12 - 1981;aprilo;66;11-12;Jouko Lindstedt;Planlingvistiko;;;LINGVISTIKO;revuo;;eseo originala
12 - 1981;aprilo;66;13-14;redakcie;Deklaro de PSEK;;;KULTURPOLITIKO;deklaro;;anonco
12 - 1981;aprilo;66;15-19;Bernard Golden;Kompara tipologio de planlingvoj kaj planlingvistoj;;;PLANLINGVISTIKO;eseo;;eseo originala
12 - 1981;aprilo;66;20-22;Masayuki Kuroda;"Miyamoto Masao ""Skiza historio de la utao""";;;EN VITRINO;recenzo;Miyamoto Masao (1979), Skiza historio de la utao;recenzo
12 - 1981;aprilo;66;23;Corrado d’ Arezzo;"Carmel Mallia ""Kontrastoj""";;;EN VITRINO;recenzo;Carmel Mallia (1980), Kontrastoj;recenzo
12 - 1981;aprilo;66;24;Giancarlo Mangini kaj Giorgio Silfer;La verdaj monstroj estas jam inter ni;;;BILDLITERATURO;komikso;;prozo originala
12 - 1981;junio;67;1;Dante Alighieri;Gentil pensero;Enrico Dondi;itala;UVERTURO;poemo;;poezio tradukita
12 - 1981;junio;67;2;Carlo Minnaja;Cesare Pavese;;;MEMORE PRI;biografio;;nekrologo
12 - 1981;junio;67;3-4;Cesare Pavese;El la poemaro Tero kaj morto;Carlo Minnaja;itala;BELETRO;poezio;;poezio tradukita
12 - 1981;junio;67;5-10;David K. Jordan;Humura ŝanĝiĝo: aŭ kial miaj maljunaj gepatroj ne ĝuas la …;;;BELETRO;eseo;;prozo originala
12 - 1981;junio;67;11-12;Gazetfako de LF-koop;Karaj legantoj;;;REDAKCIE;anonco;;anonco
12 - 1981;junio;67;13-14;zorge de LF-koop;De Tyresö al Raŭmo;;;KULTURPOLITIKO;artikolo;;eseo originala
12 - 1981;junio;67;15-17;Giorgio Silfer;La ekzemplo de la freinet-istoj;;;INTERVJUO;prozo;;intervjuo
12 - 1981;junio;67;18-19;Walter Żelazny;Filmo pri artefaritaj lingvoj;;;LA SEPA ARTO;artikolo;;eseo originala
12 - 1981;junio;67;20-21;Adriaan den Haan;"Bertolt Brecht ""Trigrosa romano""";;;EN VITRINO;recenzo;Bertolt Brecht (1977), Trigrosa romano, tr. Karl Schulze;recenzo
12 - 1981;junio;67;22;Henri Vatré;"Kazimierz Szczurek/Lina Gabrielli ""Nuancoj""";;;EN VITRINO;recenzo;Kazimierz Szczurek - Lina Gabrielli, (1980), Nuancoj;recenzo
12 - 1981;junio;67;23;Corrado d’ Arezzo;"Rejna de Jong ""Divershumore""";;;EN VITRINO;recenzo;Rejna de Jong (1980), Divershumore;recenzo
12 - 1981;junio;67;24;Giancarlo Mangini kaj Giorgio Silfer;La verdaj monstroj estas jam inter ni;;;BILDLITERATURO;komikso;;prozo originala
12 - 1981;aŭgusto;68;1-2;Vergilio;Kvara bukoliko;Gaston Waringhien;latino;UVERTURO;poemo;;poezio tradukita
12 - 1981;aŭgusto;68;3;Perla Martinelli;John Keats;;;BELETRO;artikolo;;prozo originala
12 - 1981;aŭgusto;68;4-7;John Keats;Odo al greka urno;John I. Francis;angla;BELETRO;poemo;;poezio tradukita
12 - 1981;aŭgusto;68;8-10;Giorgio Silfer;gW = 20x4 (Kvarfoje dudekjara);;;INTERVJUO;prozo;;intervjuo
12 - 1981;aŭgusto;68;11-12;Giorgio Silfer;Interesa voĉo el Islando;;;KULTURPOLITIKO;eseo;;eseo originala
12 - 1981;aŭgusto;68;14-16;Ryszard Rokicki kaj Giorgio Silfer;La 9a SIS: omaĝo al PIV;;;ESPERANTOLOGIO;eseo;;eseo originala
12 - 1981;aŭgusto;68;17-18;Ed Borsboom;"Marinko Gjivoje ""Panorama de Esperanta literaturo""";;;EN VITRINO;recenzo;Marinko Gjivoje (1979), Panorama de Esperanta literaturo;recenzo
12 - 1981;aŭgusto;68;18-19;La kunulo de Hera Elik;"Suzana ""Per nia nura vol'"" (kasedo) diversaj aŭtoroj (tr. Renato Corsetti)";;;EN VITRINO;recenzo;Suzana (1980), Per nia nura vol (kasedo), diversaj aŭtoroj (tr. Renato Corsetti);recenzo
12 - 1981;aŭgusto;68;20-21;Mirek Wiechowski;"Henryk Sienkiewicz ""Tra dezerto kaj praarbaro""";;;EN VITRINO;recenzo;Henryk Sienkiewicz (1978), Tra dezerto kaj praarbaro, tr. M. Sygnarski;recenzo
12 - 1981;aŭgusto;68;21-23;Probal Daŝgupta;"Nino Vessella ""Skizo de suahila metriko""";;;EN VITRINO;recenzo;Nino Vessella (1980), Skizo de suahila metriko;recenzo
12 - 1981;aŭgusto;68;24;Giancarlo Mangini kaj Giorgio Silfer;La verdaj monstroj estas jam inter ni;;;BILDLITERATURO;komikso;;prozo originala
12 - 1981;oktobro;69;1-2;Nicolino Rossi;Elegie / Somermezaj variacioj / Ekardas animo;;;UVERTURO;poemo;;poezio originala
12 - 1981;oktobro;69;3;Nekonata Mecenato;La poeto el Sanmarino;;;UVERTURO;poezio kaj muziko;;poezio originala
12 - 1981;oktobro;69;4-5;Herbert Mayer, Gaston Waringhien;Suferoj filtritaj per arto;;;UVERTURO;komentarioj;;poezio originala
12 - 1981;oktobro;69;6;;Premio ARGUS;;;KONKURSFAKO;konkurso;;anonco
12 - 1981;oktobro;69;7-10;Henri Vatré;Mozaike pri iama budapeŝta itinero;;;BELETRO;eseo;;prozo originala
12 - 1981;oktobro;69;12-14;Giulio Cappa;Fantasta planlingvistiko;;;PLANLINGVISTIKO;eseo;;eseo originala
12 - 1981;oktobro;69;16-17;Robert Musil;La muŝpapero;Gangolf Nitsch;germana;BELETRO;eseo;;prozo tradukita
12 - 1981;oktobro;69;18;Kris Long;Tradukoj por la tria mondo;;;KULTURPOLITIKO;traduko;;eseo originala
12 - 1981;oktobro;69;19;Suzanne Bourot;Pri Freinet-istoj;;;KULTURPOLITIKO;lingvistiko;;eseo originala
12 - 1981;oktobro;69;20-21;Georges Lagrange;"G. Silfer, C. Conterno, G. Gimelli, N. Rossi ""La poezio de La Patrolo"" (kasedo de Gianfranco Molle)";;;EN VITRINO;recenzo;G. Silfer, C. Conterno, G. Gimelli, N. Rossi (1980), La poezio de La Patrolo, muziko kaj interpretado de Gianfranco Molle (kasedo);recenzo
12 - 1981;oktobro;69;21-23;Julian Modest;"Oldřich Kníchal ""Mediteme""";;;EN VITRINO;recenzo;Oldřich Kníchal (1980), Mediteme;recenzo
12 - 1981;oktobro;69;23;Elisabeth Puskary;"Eisa Otto ""Joĉjo""";;;EN VITRINO;recenzo;Eisa Otto (1980), Joĉjo;recenzo
12 - 1981;oktobro;69;24;Giancarlo Mangini kaj Giorgio Silfer;La verdaj monstroj estas jam inter ni;;;BILDLITERATURO;karikaturo;;prozo originala
12 - 1981;decembro;70;1;Walter Żelazny;Vigilia;;;UVERTURO;poemo;;poezio originala
12 - 1981;decembro;70;2;Perla Martinelli;Karaj legantoj;;;REDAKCIE;saluto;;anonco
12 - 1981;decembro;70;3-6;Ada Csiszár;La dua Vilmos B. (Benczik, ne Bleier);;;INTERVJUO;prozo;;intervjuo
12 - 1981;decembro;70;6;redakcie;La Verko de la Jaro;;;KONKURSFAKO;konkurso;;anonco
12 - 1981;decembro;70;7;Johan Hammond Rosbach;La kruĉo kaj la telero;;;BELETRO;poemo;;poezio originala
12 - 1981;decembro;70;8;Gianluigi Gimelli;Laste pri Montale;;;BELETRO;poezio;;poezio originala
12 - 1981;decembro;70;9;Eugenio Montale;Poemoj tradukitaj;Gianluigi Gimelli, Giorgio Silfer;itala;BELETRO;poezio;;poezio tradukita
12 - 1981;decembro;70;10-11;Maria Noël;Anunciacio;Roger Bernard;franca;BELETRO;poezio;;poezio tradukita
12 - 1981;decembro;70;12;Giorgio Silfer;Marĝena noto;;;KULTURPOLITIKO;artikolo;;eseo originala
12 - 1981;decembro;70;13-17;Bernard Golden;Petro Stojan - malesperantisto;;;BELETRO;eseo;;prozo originala
12 - 1981;decembro;70;18-19;Herbert Mayer;Studoj pri la Esperanta literaturo;;;EN VITRINO;recenzo;Vilmos Benczik (1980), Studoj pri la Esperanta literaturo;recenzo
12 - 1981;decembro;70;20;Giancarlo Mangini kaj Giorgio Silfer;La verdaj monstroj estas jam inter ni;;;BILDLITERATURO;karikaturo;;prozo originala
13 - 1982;februaro;71;1-3;Lorenco de’ Medici;Trionfo de Bacco e Arianna;K. Kalocsay / G. Pisoni;itala;UVERTURO;poemo;;poezio tradukita
13 - 1982;februaro;71;4;redakcie;ILF 1981 11 27 - 29;;;REDAKCIE;evento;;anonco
13 - 1982;februaro;71;5;D-ro Tazio Carlevaro;Salutvortoj de Tazio Carlevaro, prezidanto de LF-koop;;;REDAKCIE;saluto;;anonco
13 - 1982;februaro;71;5-7;Giorgio Silfer;Tradukarto: kiucele?;;;ESEO;traduko;;eseo originala
13 - 1982;februaro;71;8-13;Georges Lagrange;Tradukarto;;;ESEO;traduko;;eseo originala
13 - 1982;februaro;71;14-15;Kris Long;Konfesoj de fuŝinta poeto;;;BELETRO;konfeso;;prozo originala
13 - 1982;februaro;71;16;redakcie;Plie pri Montale;;;ESEO;eseo;;eseo originala
13 - 1982;februaro;71;17-19;Ada Csiszár;Kalocsay la recenzanto;;;BELETRO;eseo;;prozo originala
13 - 1982;februaro;71;20-21;Giorgio Silfer;Bazo por ambicia plano;;;KULTURPOLITIKO;jarkunveno;;anonco
13 - 1982;februaro;71;22-23;Jouko Lindstedt;Kiven Testamentti / La ŝtona testamento;;;EN VITRINO;recenzo;Reino Eriksson (1981), Kiven Testamentti / La ŝtona testamento;recenzo
13 - 1982;februaro;71;23;Elio Migliorini;Skizo pri Ĉinio;;;EN VITRINO;recenzo;diversaj aŭtoroj (1981), Skizo pri Ĉinio;recenzo
13 - 1982;februaro;71;24;Giancarlo Mangini kaj Giorgio Silfer;La verdaj monstroj estas jam inter ni;;;BILDLITERATURO;karikaturo;;prozo originala
13 - 1982;aprilo;72;1;Maurice Merger;Printempo;;;UVERTURO;poemo;;poezio originala
13 - 1982;aprilo;72;2;redakcie;Nia dua surprizo;;;BELETRO;prezento;;prozo originala
13 - 1982;aprilo;72;3;Arvo Valton;Mia opinio pri Esperanto;Antonina Apollo;estona;INTERVJUO;artikolo;;intervjuo
13 - 1982;aprilo;72;4-5;Arvo Valton;La rozkolora kaprino;Antonina Apollo;estona;INTERVJUO;prozo;;intervjuo
13 - 1982;aprilo;72;6-10;Claude Piron;Pri kantotradukado;;;INTERNACIA LITERATURA FORUMO;eseo;;anonco
13 - 1982;aprilo;72;10;redakcie;La Verko de la Jaro;;;KONKURSFAKO;dokumento;;anonco
13 - 1982;aprilo;72;11-12;W. A. Verloren van Thermaat;La diskonigo de la Esperanta poezio;;;INTERNACIA LITERATURA FORUMO;eseo;;anonco
13 - 1982;aprilo;72;13;redakcie;La rolo de fantasta planlingvisto;;;INTERNACIA LITERATURA FORUMO;evento;;anonco
13 - 1982;aprilo;72;17;Julian Modest;Ĉu printempas la Esperanto-teatroj?;;;TEATRO;artikolo;;eseo originala
13 - 1982;aprilo;72;18-20;redakcie;La rolo de LF-koop;;;KULTURPOLITIKO;artikolo;;eseo originala
13 - 1982;aprilo;72;21;Giorgio Silfer;Serafino Ari (1909-1972);;;MEMORE PRI;omaĝo;;nekrologo
13 - 1982;aprilo;72;22-23;Kris Long;La Litomiŝla tombejo;;;EN VITRINO;recenzo;Karolo Piĉ (1981), La Litomiŝla tombejo;recenzo
13 - 1982;aprilo;72;23-24;Clelia Conterno;Al abelujo ĝi flugas;;;EN VITRINO;recenzo;Juhan Liiv (1980), Al abelujo ĝi flugas, tr. Hilda Dresen;recenzo
13 - 1982;aprilo;72;25-26;Ignat F. Bociort;Enkonduko al literatura kritiko;;;EN VITRINO;recenzo;Giorgio Silfer (1978), Enkonduko al literatura kritiko;recenzo
13 - 1982;aprilo;72;26-27;Michel Duc Goninaz;Participoj kaj konjugaciaj formoj en Esperanto;;;EN VITRINO;recenzo;Olav Reiersøl (1980), Participoj kaj konjugaciaj formoj en Esperanto;recenzo
13 - 1982;aprilo;72;28;Giancarlo Mangini kaj Giorgio Silfer;La verdaj monstroj estas jam inter ni;;;BILDLITERATURO;karikaturo;;prozo originala
13 - 1982;junio;73;1;Nicolino Rossi;Konkoj trivitaj;;;UVERTURO;poemo;;poezio originala
13 - 1982;junio;73;2-7;Georgo Lagrange;Pri teatro-lingvo;;;INTERNACIA LITERATURA FORUMO;teatro;;anonco
13 - 1982;junio;73;8-11;Bernard Golden;Kiu estis Anna R.?;;;ZAMENHOFOLOGIO;historio;;eseo originala
13 - 1982;junio;73;13-16;Arvo Valton;Ok japaninoj;Antonina Apollo;estona;BELETRO;novelo;;prozo tradukita
13 - 1982;junio;73;17-19;Gaudenzio Pisoni;Giovanni Gioacchino Belli;;;BELETRO;eseo;;prozo originala
13 - 1982;junio;73;20-21;Herbert Mayer;Regulus de Lorjak;;;EN VITRINO;recenzo;Lorjak (1981), Regulus;recenzo
13 - 1982;junio;73;21-22;Adriaan den Haan;Tonio Kröger;;;EN VITRINO;recenzo;Thomas Mann (1977), Tonio Kröger, tr. Ŝiger Ujeki;recenzo
13 - 1982;junio;73;22-23;Jouko Lindstedt;Ĉu vi venis trakosme?;;;EN VITRINO;recenzo;Johán Valano (1980), Ĉu vi venis trakosme?;recenzo
13 - 1982;junio;73;24;Giancarlo Mangini kaj Giorgio Silfer;La verdaj monstroj estas jam inter ni;;;BILDLITERATURO;karikaturo;;prozo originala
13 - 1982;aŭgusto;74;1;Edwin de Kock;Poeziaj eroj;;;UVERTURO;poemoj;;poezio originala
13 - 1982;aŭgusto;74;2;Kooperativo de LF;Grava atentigo;;;REDAKCIE;redakcie;;anonco
13 - 1982;aŭgusto;74;3;Perla Martinelli;Yvor Winters;;;BELETRO;ses-silabaj poemoj;;poezio originala
13 - 1982;aŭgusto;74;4-5;Kris Long;La «ses-silaba» poeto;;;BELETRO;literaturo;;prozo originala
13 - 1982;aŭgusto;74;6;Giorgio Silfer;Luisella Sergiampieri(1939-1982);;;MEMORE PRI;omaĝo;;nekrologo
13 - 1982;aŭgusto;74;6;Emilija Lapenna;Marinko Gjivoje (1919-1982);;;MEMORE PRI;omaĝo;;nekrologo
13 - 1982;aŭgusto;74;7-10;Poul Thorsen;vid-al-vide kun Kolomano;;;MEMORE PRI;omaĝo;;nekrologo
13 - 1982;aŭgusto;74;11-14;Arvo Valton;Akompananto;Antonina Apollo;estona;BELETRO;artkolo;;prozo tradukita
13 - 1982;aŭgusto;74;15-16;Giorgio Silfer;Metodologiaj sugestoj;;;KULTURPOLITIKO;artikolo;;eseo originala
13 - 1982;aŭgusto;74;16-17;Jerzy Banacki;Kaoso kaj nokto;;;KULTURPOLITIKO;rememoro;;nekrologo
13 - 1982;aŭgusto;74;18-21;Gaudenzio Pisoni;Tutmonda Sonoro;;;EN VITRINO;recenzo;Kálmán Kalocsay (1981), Tutmonda Sonoro;recenzo
13 - 1982;aŭgusto;74;22;Clelia Conterno;Prometeo ligita;;;EN VITRINO;recenzo;Esĥilo (1982), Prometeo ligita, tr. A. Goodheir;recenzo
13 - 1982;aŭgusto;74;22;Roger Bernard;Hieraŭ, hodiaŭ, morgaŭ;;;EN VITRINO;recenzo;Bernard Golden (1982), Hieraŭ, hodiaŭ, morgaŭ;recenzo
13 - 1982;aŭgusto;74;23;Spomenka Ŝtimec;Cendekunu fabloj de Krilov;;;EN VITRINO;recenzo;Ivan Andrejeviĉ Krilov (1979), Cendekunu fabloj de Krilov, tr. Sergej Rublov;recenzo
13 - 1982;aŭgusto;74;24;Giancarlo Mangini kaj Giorgio Silfer;La verdaj monstroj estas jam inter ni;;;BILDLITERATURO;karikaturo;;prozo originala
13 - 1982;oktobro;75;1;Miroslav Krleĵa;Aŭtuna kanto;Lucija Borčić;serba-kroata;UVERTURO;poemo;;poezio tradukita
13 - 1982;oktobro;75;2;Tazio Carlevaro;Plej ekvilibra rezulto;;;KONKURSFAKO;dokumento;;anonco
13 - 1982;oktobro;75;3-4;Giorgio Silfer;La verkalo;;;KONKURSFAKO;literaturo;Karolo Piĉ (1981), La Litomiŝla tombejo;anonco
13 - 1982;oktobro;75;5-6;Giorgio Silfer;Premio argus aljuĝita;;;INTERVJUO;premio;;intervjuo
13 - 1982;oktobro;75;7-10;Corrado Tavanti;"unua ĉapitro ""Varmas en Romo""";;;REDAKCIE;premio argus;;anonco
13 - 1982;oktobro;75;11;Reus;dudekduaj Internaciaj Floraj Ludoj;;;KONKURSFAKO;konkurso;;anonco
13 - 1982;oktobro;75;12-14;Giorgio Silfer;danka bukedo por Perla;;;INTERNACIA LITERATURA FORUMO;konkurso;;anonco
13 - 1982;oktobro;75;15-16;Herbert Mayer;Fantasta planlingvistiko;;;INTERNACIA LITERATURA FORUMO;novelo;;anonco
13 - 1982;oktobro;75;17-19;Arvo Valton;Akompananto;Antonina Apollo;estona;BELETRO;novelo;;prozo tradukita
13 - 1982;oktobro;75;20-21;Julian Modest;Vizaĝoj;;;EN VITRINO;recenzo;Ivo Andriĉ (1981), Vizaĝoj, tr. Roger Imbert;recenzo
13 - 1982;oktobro;75;21-22;Clelia Conterno;La Klasika Periodo;;;EN VITRINO;recenzo;"(1980), La Klasika Periodo. Tra la parko de la franca poezio, vol. III,
tradukis kaj redaktis Gaston Waringhien";recenzo
13 - 1982;oktobro;75;23;Giulio Cappa;Poemoj;;;EN VITRINO;recenzo;Cesare Pavese (1982), Poemoj, tr. C. Minnaja;recenzo
13 - 1982;oktobro;75;24;Giancarlo Mangini kaj Giorgio Silfer;La verdaj monstroj estas jam inter ni;;;BILDLITERATURO;karikaturo;;prozo originala
13 - 1982;decembro;76;1;Ladislav Ĥodaseviĉ;Muziko;Kris Long;rusa;UVERTURO;poemo;;poezio tradukita
13 - 1982;decembro;76;2;Tazio Carlevaro;Salutmesaĝo de la prezidanto de LF-koop;;;REDAKCIE;redakcie;;anonco
13 - 1982;decembro;76;3-9;Giulio Cappa;Rilatoj inter lingva kaj literatura kreemoj;;;INTERNACIA LITERATURA FORUMO;eseo;;anonco
13 - 1982;decembro;76;10;Perla Martinelli;Karaj legantoj;;;REDAKCIE;novjara bondeziro;;anonco
13 - 1982;decembro;76;11-12;Arvo Valton;Savantoj;Antonina Apollo;estona;BELETRO;novelo;;prozo tradukita
13 - 1982;decembro;76;13-16;redakcie;3a Internacia Literatura Forumo: La Esperanto-Kanzono;;;REDAKCIE;muziko;;eseo originala
13 - 1982;decembro;76;17-18;Gabriel Mora i Arana;Nova epoko por la floraj ludoj;;;REDAKCIE;aranĝo;;anonco
13 - 1982;decembro;76;19-21;Jorge Luis Borges;La libro el sablo;Liven Dek;hispana;BELETRO;novelo;;prozo tradukita
13 - 1982;decembro;76;22-23;Jouko Lindstedt;Intelekta, jes - banka aŭ rota, ne;;;KULTURPOLITIKO;letero;;prozo originala
13 - 1982;decembro;76;24-25;Georgo Lagrange;Ĉu vi vidis jam la piedsignon de l’ profeto?;;;EN VITRINO;recenzo;János Elem (1982), Ĉu vi vidis jam la piedsignon de l’ profeto?, tr. V. Benczik;recenzo
13 - 1982;decembro;76;26;Miguel Gutierrez Aduriz;Frandu Piron kantas Johán Valano;;;EN VITRINO;recenzo;Johán Valano (1982), Frandu Piron (kasedo);recenzo
13 - 1982;decembro;76;27;Elio Migliorini;Mondo de travivaĵoj;;;EN VITRINO;recenzo;Tibor Sekelj (1981), Mondo de travivaĵoj;recenzo
14 - 1983;februaro;77;1-2;Serĝo Elgo;Donacitaj poemoj;;;UVERTURO;poemoj;;poezio originala
14 - 1983;februaro;77;3-4;Kris Long;Tadeusz Sutkowski;;;BELETRO;poemoj;;poezio originala
14 - 1983;februaro;77;5-9;Ed Borsboom;H. J. Bulthuis en retrospektivo;;;INTERVJUO;prozo;;intervjuo
14 - 1983;februaro;77;10;Perla Martinelli;Nur du linioj;;;;artikolo;;eseo originala
14 - 1983;februaro;77;11;Giorgio Silfer;Imagemo parolu;;;;artikolo;;eseo originala
14 - 1983;februaro;77;12-14;Gabriel Garcia Márquez;Iu malordigis ĉi rozojn;Liven Dek;hispana;BELETRO;novelo;;prozo tradukita
14 - 1983;februaro;77;15-16;Nicolino Rossi;Moderne filozofia romano;;;BELETRO;romano;;prozo originala
14 - 1983;februaro;77;17-19;Aŝvinikumar;Iŝavaŝjam, la hejmo de Dio;;;BELETRO;romano;;poezio originala
14 - 1983;februaro;77;20;Nicolino Rossi;Lappar la Antikristo;;;EN VITRINO;recenzo;Endre Toth (1982), Lappar, la Antikristo;recenzo
14 - 1983;februaro;77;21-22;P. I. Ullman;Don Juan’ tenorio;;;EN VITRINO;recenzo;José Zorrilla (1981), Don Juan’ tenorio, tr. Mimó Espinalt;recenzo
14 - 1983;februaro;77;23;Renato Corsetti;Karnavaleto;;;EN VITRINO;recenzo;Olivier Tzaut (1981), Karnavaleto (gramofondisko aŭ kasedo);recenzo
14 - 1983;februaro;77;24;Poul Thorsen;Ĉu ŝi mortu tra - fike?;;;EN VITRINO;recenzo;Johán Balano (1982), Ĉu ŝi mortu tra - fike?;recenzo
14 - 1983;aprilo;78;1;Baldur Ragnarsson;Sen lasta floro;;;UVERTURO;poemo;;poezio originala
14 - 1983;aprilo;78;2-10;Ista Makler (Kálmán Kalocsay);Esti vidvino…;;;BELETRO;rakonto;;prozo originala
14 - 1983;aprilo;78;11-12;Perla Martinelli;Dua Internacia Renkontiĝo de E-Teatroj;;;ESEO;artikolo;;eseo originala
14 - 1983;aprilo;78;13;Julian Modest;la Parada Spektaklo;;;ESEO;artikolo;;eseo originala
14 - 1983;aprilo;78;13;Julian Modest;Ni vivos;;;ESEO;artikoleto;;eseo originala
14 - 1983;aprilo;78;14-15;Perla Martinelli;Post la spektaklo kun Gabi Jobba;;;INTERVJUO;interparolo;;intervjuo
14 - 1983;aprilo;78;16-20;Serĝo Elgo;Ŝia lasta poŝtkarto;;;BELETRO;romano, deka ĉapitro;;poezio originala
14 - 1983;aprilo;78;21-24;Stella Agostini;La saĝo de la tarokoj (sekvo el Nia Kovrilpaĝo, LF 77);;;BELETRO;teatro;;teatro originala
14 - 1983;aprilo;78;25-26;Poul Thorsen;Ĉu ni kunvenis vane?;;;EN VITRINO;recenzo;Johán Valano (1982), Ĉu ni kunvenis vane?;recenzo
14 - 1983;aprilo;78;26-27;Julian Modest;Misio sen alveno;;;EN VITRINO;recenzo;John Francis (1982), Misio sen alveno;recenzo
14 - 1983;aprilo;78;28;Perla Martinelli;La naŭa kanalo;;;EN VITRINO;recenzo;István Nemere (1982), La naŭa kanalo;recenzo
14 - 1983;junio;79;1;Poul Thorsen;Jangzi;;;UVERTURO;poemo;;poezio originala
14 - 1983;junio;79;2-4;redakcie;3a Internacia Literatura Forumo Ĝenevo, Pasko 1983;;;REDAKCIE;programo;;anonco
14 - 1983;junio;79;5;redakcie;Regularo de konkurso NIFO;;;KONKURSFAKO;konkurso;;anonco
14 - 1983;junio;79;6-8;Clelia Conterno;Ho tomboj de l’ prapatroj…;;;BELETRO;romano;;poezio originala
14 - 1983;junio;79;9;redakcie;Esperanto-rendevuo: sukcesa formulo;;;;novaĵo;;anonco
14 - 1983;junio;79;10-14;Ada Csiszár;Postlasitaj verkoj de Kalocsay;;;BELETRO;dokumento;;prozo originala
14 - 1983;junio;79;15-17;Stella Agostini;La saĝo de la tarokoj (2);;;BELETRO;teatro;;teatro originala
14 - 1983;junio;79;17;redakcie;Rekomendo de la 3a ILF;;;MUZIKO;rekomendo;;recenzo
14 - 1983;junio;79;18;Magda Ŝaturová;El subaj fontoj;;;EN VITRINO;recenzo;Eli Urbanová (1981), El subaj fontoj;recenzo
14 - 1983;junio;79;19-20;Carlo Minnaja;Japaneskoj;;;EN VITRINO;recenzo;Edwin de Kock (1982), Japaneskoj;recenzo
14 - 1983;junio;79;21-22;Gaudenzio Pisoni;La Gastejestrino;;;EN VITRINO;recenzo;Carlo Goldoni (1981), La Gastejestrino, tr. Carlo Minnaja;recenzo
14 - 1983;junio;79;23;Giorgio Silfer;SFEROJ 1: Sciencfikcio kaj fantasto;;;EN VITRINO;recenzo;Diversaj aŭtoroj (1982), SFEROJ 1: Sciencfikcio kaj fantasto, Miguel Gutierrez Aduriz  red.;recenzo
14 - 1983;junio;79;24;Administra Komitato de LF-koop;Aprobitaj kreditoj ĝis 20.000 frankoj;;;REDAKCIE;dokumento;;anonco
14 - 1983;aŭgusto;80;1;Johán Valano;Havena nokto;;;UVERTURO;poemo;;poezio originala
14 - 1983;aŭgusto;80;2-10;Roger Bernard;Raymond Schwartz kaj la esperanto-kanzono;;;INTERNACIA LITERATURA FORUMO;eseo;;anonco
14 - 1983;aŭgusto;80;11;Giorgio Silfer;Louis Beaucaire;;;MEMORE PRI;eseo;;nekrologo
14 - 1983;aŭgusto;80;12-14;Kris Long;C. H. Sisson;;;BELETRO;poezio;;poezio originala
14 - 1983;aŭgusto;80;16-19;Julian Modest;La Ora Pozidono;;;BELETRO;romano;;poezio originala
14 - 1983;aŭgusto;80;20-24;Stella Agostini;La saĝo de la tarokoj (3);;;BELETRO;teatro;;teatro originala
14 - 1983;aŭgusto;80;24;Jorge Luis Borges;La du reĝoj kaj la du labirintoj;Liven Dek;hispana;BELETRO;rakonto;;prozo tradukita
14 - 1983;aŭgusto;80;25-28;Bernard Golden;La rolo de la armenoj en la frua esperanto-movado;;;BELETRO;eseo;;prozo originala
14 - 1983;oktobro;81;1;David Mager;Aŭtuna soneto;;;UVERTURO;poemo;;poezio originala
14 - 1983;oktobro;81;2;Marc Hiltbrand;Varmas en Debrecen…;;;KONKURSFAKO;prozo;;anonco
14 - 1983;oktobro;81;3;Tazio Carlevaro;Unu aso super reĝa pokero;;;KONKURSFAKO;prozo;;anonco
14 - 1983;oktobro;81;3-4;Giorgio Silfer;El la arda mallumo;;;KONKURSFAKO;artikolo;;anonco
14 - 1983;oktobro;81;4;Perla Martinelli;Nur utili kaj ne brili;;;KONKURSFAKO;renkontiĝo de e-teatroj;;anonco
14 - 1983;oktobro;81;5;Nicolino Rossi;Nova regularo de Premio La Verko de la Jaro;;;KONKURSFAKO;regularo;;anonco
14 - 1983;oktobro;81;6-8;Perla Martinelli kaj Gaudenzio Pisoni;Umberto Saba;Gaudenzio Pisoni;itala;BELETRO;itala poezio;;poezio tradukita
14 - 1983;oktobro;81;9-10;Giorgio Silfer;De dokumenta dramo al teatra sonĝo;;;INTERVJUO;teatro;;intervjuo
14 - 1983;oktobro;81;10-11;Perla Martinelli;Kien la akademio?;;;ESEO;eseo;;eseo originala
14 - 1983;oktobro;81;12-16;Corrado Tavanti;Tiu damna atenco ĉe la «tri fazanoj»;;;BELETRO;nova krimromano;;poezio originala
14 - 1983;oktobro;81;17-20;Stella Agostini;La saĝo de la tarokoj (4);;;BELETRO;teatro;;teatro originala
14 - 1983;oktobro;81;21-22;Giulio Cappa;Esperanta Songazeto n-ro 1;;;EN VITRINO;recenzo;LF-koop (1983), Esperanta Songazeto n-ro 1, redaktis G. Silfer, P. Martinelli, J.Vasserot, kunlaboris N. Totaro, T. Bisi (kasedo);recenzo
14 - 1983;oktobro;81;22-23;Nicolino Rossi;Moderna kroatia prozo;;;EN VITRINO;recenzo;(1979), Moderna kroatia prozo, redaktis Ivan Krtalić, tradukis Roger Imbert;recenzo
14 - 1983;oktobro;81;24;redakcie;Esperanto-Rendevuo de LF-koop;;;EN VITRINO;novaĵo;;recenzo
14 - 1983;decembro;82;1-3;Nicolino Rossi;Post am’ tioma jam la menso transas;;;UVERTURO;poezio;;poezio originala
14 - 1983;decembro;82;4-5;Gabriel Mora i Arana;El la sekretaria memuaro de la 23aj Internaciaj Floraj Ludoj;;;REDAKCIE;internaciaj floraj ludoj;;anonco
14 - 1983;decembro;82;6-7;Oldrich Knichal;Fajrero en tenebroj;;;BELETRO;eseo;;prozo originala
14 - 1983;decembro;82;8-9;Marguerite Yourcenar;La krono kaj la liro;Gaston Waringhien;franca;BELETRO;prozo;;prozo tradukita
14 - 1983;decembro;82;9-14;Stella Agostini;La saĝo de la tarokoj (5);;;BELETRO;teatro;;teatro originala
14 - 1983;decembro;82;15-18;redakcie;La kooperativo de Literatura Foiro invitas vin al la 4a ILF;;;INTERNACIA LITERATURA FORUMO;invito;;anonco
14 - 1983;decembro;82;19-21;Julian Modest;Mi ne deziras esti juvelo;;;KONKURSFAKO;novelo;;anonco
14 - 1983;decembro;82;22-25;Sidonie-Gabrielle Colette;La verda tritiko;Roger Imbert;franca;BELETRO;romano;;poezio tradukita
14 - 1983;decembro;82;26-28;Kris Long;Jan Twardowski;;;BELETRO;poezio;;poezio originala
14 - 1983;decembro;82;29-30;J. Punt;Proverbaroj de Marko Zamenhof kaj de Lazaro Zamenhof;;;EN VITRINO;recenzo;(1981), Proverbaroj de Marko Zamenhof kaj de Lazaro Zamenhof, redaktis Adolf Holzhaus;recenzo
14 - 1983;decembro;82;30-31;Giorgio Silfer;Unu tago post la alia;;;EN VITRINO;recenzo;Clelia Conterno Guglielminetti (1982), Unu tago post la alia, tr. Roger Bernard;recenzo
14 - 1983;decembro;82;30-31;redakcie;Oficialaj komunikoj;;;REDAKCIE;dokumento;;eseo originala
15 - 1984;februaro;83;3;Tazio Carlevaro;Novjara salutmesaĝo de la prezidanto de LF-koop;;;REDAKCIE;artikolo;;anonco
15 - 1984;februaro;83;4-5;Giorgio Silfer;Pagana himno, Internaciaj Floraj Ludoj, Premio Eglanterio;;;UVERTURO;poemo;;poezio originala
15 - 1984;februaro;83;6;Perla Martinelli;Nia omaĝo al Ĉeĥov;;;MEMORE PRI;omaĝo;;nekrologo
15 - 1984;februaro;83;6-9, 27;Anton Ĉeĥov;Almozulo;Aleksandro Korĵenkov;rusa;BELETRO;rakonto;;prozo tradukita
15 - 1984;februaro;83;10;redakcie;Ĉu ili argumentas prave?;;;KOMENTARIO;prozo;;prozo originala
15 - 1984;februaro;83;10-12;Bernard Golden;Ĉu ili kapablas verki?;;;KOMENTARIO;prozo;;prozo originala
15 - 1984;februaro;83;12-13;Johán Valano;Ĉu li suferas ĝue?;;;KOMENTARIO;prozo;;prozo originala
15 - 1984;februaro;83;14-15;Giorgio Silfer;Clelia Conterno ne plu estas inter ni;;;MEMORE PRI;rememoro;;nekrologo
15 - 1984;februaro;83;16-19;Kálmán Kalocsay enkondukas Ada Csiszár;La Tragedio de l’ Homo kaj Imre Madách;;;BELETRO;eseo/teatraĵo;;teatro originala
15 - 1984;februaro;83;20-21;Carlo kaj Luigi Minnaja;Corrado Govoni travojaĝanto de tendencoj;Luigi Minnaja;itala;BELETRO;poezio;;poezio tradukita
15 - 1984;februaro;83;22;Nicolino Rossi;La Verko de la Jaro 1983;;;KONKURSFAKO;literatura konkurso;;anonco
15 - 1984;februaro;83;23;redakcie;Reago de Akademianoj;;;KOMENTARIO;opinioj;;eseo originala
15 - 1984;februaro;83;24-27;Trevor Steele;Sed nur fragmento…;;;BELETRO;aventurromano;;poezio originala
15 - 1984;februaro;83;28;Corrado Tavanti;Saluton! Esperanto Aŭtodidakte;;;EN VITRINO;recenzo;Audrey Childs Mee (1982), Saluton! Esperanto Aŭtodidakte;recenzo
15 - 1984;februaro;83;29-30;Giorgio Silfer;Zamenhof - Movado - Doktrino;;;EN VITRINO;recenzo;Ryszard Krasko, Jerzy Leyk, Walter Zelazny (1983), Zamenhof - Movado  - Doktrino;recenzo
15 - 1984;februaro;83;30;Roger Bernard;Fenestro kristala;;;EN VITRINO;recenzo;Julia Pióro (1982), Fenestro kristala;recenzo
15 - 1984;aprilo;84;3;Nicolino Rossi;La verko de la Jaro 1983: La Blinda Birdo de István Nemere;;;KONKURSFAKO;verdikto;;recenzo
15 - 1984;aprilo;84;4-5;Gabriel Mora i Arana;Intermeya meditado;;;UVERTURO;poemoj;;poezio originala
15 - 1984;aprilo;84;6-8;István Nemere;La stranga verkisto;;;REDAKCIE;artikolo;;anonco
15 - 1984;aprilo;84;8;redakcie;Internacia Komitato por honoro al Kálmán Kalocsay;;;;;;eseo originala
15 - 1984;aprilo;84;9-10;Anton Ĉeĥov;Fragmento;Aleksandro Korĵenkov;rusa;BELETRO;artikolo;;prozo tradukita
15 - 1984;aprilo;84;11-13;Reto Rossetti;La ĉeĥa travivaĵo;;;ESEO;eseo;;eseo originala
15 - 1984;aprilo;84;14-15;Giorgio Silfer;La balo: simbola dolĉamara epopeo;;;LA SEPA ARTO;artikolo;;eseo originala
15 - 1984;aprilo;84;16-19;Giorgio Silfer;La paroj stultaj;;;KONKURSFAKO;prozo;;prozo originala
15 - 1984;aprilo;84;20;Giorgio Silfer;"Enkonduko al ""La verdikto"" de Franz Kafka";;;BELETRO;;;prozo originala
15 - 1984;aprilo;84;20-26;Franz Kafka;La verdikto;Rikardo Ŝulco kaj Perla Martinelli;germana;BELETRO;novelo;;prozo tradukita
15 - 1984;aprilo;84;27;Kris Long;Georgo Ivanov;Kris Long;rusa;KONKURSFAKO;poemo;;poezio tradukita
15 - 1984;aprilo;84;28;Tazio Carlevaro;Etulaj aventuroj;;;EN VITRINO;recenzo;Zora Heide (1983), Etulaj aventuroj;recenzo
15 - 1984;aprilo;84;28-29;Georges Lagrange;La fermita urbo;;;EN VITRINO;recenzo;István Nemere (1982), La fermita urbo;recenzo
15 - 1984;aprilo;84;30;Pierre L. Ullman;Viveroj;;;EN VITRINO;recenzo;Alfonso Rodriguez Castelao (1983), Viveroj, tr. Fernando de Diego;recenzo
15 - 1984;junio;85;3-4;Leendert Deij;Dilemo dolora;;;UVERTURO;poemo;;poezio originala
15 - 1984;junio;85;5-6;Ed Borsboom;Leendert Deji vortiganto de teruraĵoj;;;BELETRO;artikolo;;prozo originala
15 - 1984;junio;85;7-9;György Nanovfszky;"La aŭtoro de ""LvdlJ 1983"", intervjuo kun István Nemere";;;INTERVJUO;prozo;;intervjuo
15 - 1984;junio;85;9;Suzanne Bourot;Sur kampo granita de István Nemere;;;EN VITRINO;recenzo;István Nemere (1983), Sur kampo granita;recenzo
15 - 1984;junio;85;10-11;Anton Ĉeĥov;Fiŝa amo;Traduka fako de E-klubo Revo;rusa;BELETRO;prozo;;prozo tradukita
15 - 1984;junio;85;12;Tyburciusz Tyblewski, Giorgio Silfer;Reagoj al la debato Golden-Valano;;;KOMENTARIO;prozo;;prozo originala
15 - 1984;junio;85;13-20;Giorgio Silfer;Kia socia rolo por la esperantlingva intelektulo?;;;KULTURPOLITIKO;referaĵo;;eseo originala
15 - 1984;junio;85;21-23;Lorjak;Kromosomoj;;;BELETRO;novelo;;poezio originala
15 - 1984;junio;85;24-25;redakcie;Internacia literatura konkurso Clelia Conterno;;;KONKURSFAKO;konkurso;;anonco
15 - 1984;junio;85;26-27;Datrevene;Difiniĝas la kontribuo de LF-koop por la jubileo de esperanto;;;NOVJARA SALUTO;jubilee;;anonco
15 - 1984;junio;85;27;Administra Komitato de LF-koop;Internacia Komitato por honoro al Kálmán Kalocsay;;;REDAKCIE;kroniko;;anonco
15 - 1984;junio;85;28, 30;Tyburciusz Tyblewski;La blinda birdo;;;EN VITRINO;recenzo;István Nemere (1983), La blinda birdo;recenzo
15 - 1984;junio;85;29-30;Nicolino Rossi;Saluton al la Suno;;;EN VITRINO;recenzo;Edwin de Kock (1983), Saluton al la Suno;recenzo
15 - 1984;aŭgusto;86;3;Giorgio Silfer;Strauss protektanto de UK? Raŭmo diras: ne!;;;KULTURPOLITIKO;artikolo;;eseo originala
15 - 1984;aŭgusto;86;4-5;Serĝo Elgo;Pomo;;;UVERTURO;poezio;;poezio originala
15 - 1984;aŭgusto;86;6-9;Gaston Waringhien, Tyburciusz Tyblewski, Georges Lagrange, Giorgio Silfer;"Kien la Esperanto-poezio?
La nunan izolon de niaj verkistoj
amare konstatas Waringhien";;;INTERNACIA LITERATURA FORUMO;literaturo;;eseo originala
15 - 1984;aŭgusto;86;10-12;Anton Ĉeĥov;Historio de komerca entrpreno;A. Korĵenkov;rusa;BELETRO;rakonto;;prozo tradukita
15 - 1984;aŭgusto;86;13-15;Czeslaw Milos;Tri tradukantoj por unu granda poeto;Tyburciusz Tyblewski, Wojciech Usakiewicz, Walter Żelazny;pola;BELETRO;poezio;;poezio tradukita
15 - 1984;aŭgusto;86;16-17;Julian Modest;Renkontiĝo de Junularaj Esperanto-teatroj;;;BELETRO;teatro;;teatro originala
15 - 1984;aŭgusto;86;18-19;Franz Kafka;Antaŭ la leĝo;Hagen Hirte;germana;BELETRO;noveleto;;prozo tradukita
15 - 1984;aŭgusto;86;19-20;Simone Boniol;Malpermesite fumi;;;BELETRO;prozo;;prozo originala
15 - 1984;aŭgusto;86;21-26;Bernard Golden;La dek plej belaj vortoj: historio de duonjarcenta enketado;;;KOMENTARIO;eseo;;eseo originala
15 - 1984;aŭgusto;86;27;Giorgio Silfer;Enciklopedia Espasa-Calpe;;;EN VITRINO;recenzo;Jose Corredor Matheos (1983), Enciclopedia Espasa-Calpe;recenzo
15 - 1984;aŭgusto;86;28;Franco Polimeni;Esperanta Songazeto;;;EN VITRINO;recenzo;LF-koop (1983, aŭtuno), Esperanta Songazeto numero III (kasedo);recenzo
15 - 1984;aŭgusto;86;29-30;Nicolino Rossi;Kiuj Semas Plorante…;;;EN VITRINO;recenzo;Eva Tofalvi - Oldrich Knichal (1984), Kiuj Semas Plorante…;recenzo
15 - 1984;oktobro;87;3;Perla Martinelli;Jaroslav Seifert: la ora voĉo el la urbo larma;;;KONKURSFAKO;artikolo;;anonco
15 - 1984;oktobro;87;4-5;Giorgio Silfer;Sur la plaĝo de l’ Ciklopo;;;KONKURSFAKO;poemo;;poezio originala
15 - 1984;oktobro;87;5;Gabriel Mora i Arana;Verdikto;;;KONKURSFAKO;konkurso;;anonco
15 - 1984;oktobro;87;6-9;Anton Ĉeĥov;Sveda alumeto;Aleksandro Korĵenkov;rusa;BELETRO;lasta specimeno;;prozo tradukita
15 - 1984;oktobro;87;10-11, 27;Giorgio Silfer;Komputiloj kaj piratoj protagonistoj de la ĉi-jara Librofoiro…;;;ESEO;artikolo;;eseo originala
15 - 1984;oktobro;87;12-15;"Zdzislaw
Laczkowski / Jerzy Fornal";Prikanti homan sopiron;Kris Long;pola;TEATRO;prezento;;teatro tradukita
15 - 1984;oktobro;87;16-17;Poul Thorsen;European Graffiti;;;KULTURPOLITIKO;murskribaĵoj;;prozo originala
15 - 1984;oktobro;87;18-20;Serĝo Elgo;La paneo;;;BELETRO;novelo;;prozo originala
15 - 1984;oktobro;87;21-22;Stefano Keller;Konkreta propono por la Tria Mondo: la plano Keller;;;KULTURPOLITIKO;komentario;;eseo originala
15 - 1984;oktobro;87;23-27;Leendert C. Deij;"el ""Aminda"": La senlingvulo";;;BELETRO;romano;;poezio originala
15 - 1984;oktobro;87;28;Nicolino Rossi;Kroata poezio;;;EN VITRINO;recenzo;Spomenka Stimec, red. (1983), Kroata poezio;recenzo
15 - 1984;oktobro;87;29-30;Giulio Cappa;"""Ajn"" de Jarlo Martel-Monto";;;EN VITRINO;recenzo;Jarlo Martel-Monto (1983), Ajn;recenzo
15 - 1984;decembro;88;3-5;Masayuki Kuroda;Orbrila templo aktualas;;;UVERTURO;poemo;;poezio originala
15 - 1984;decembro;88;6-8;Giorgio Silfer;"""Orwell 1984"": la granda frato estas vi mem";;;LA SEPA ARTO;filmo;Michael Radford, reĝisoro (1983), Mil naŭcent okdek kvar (filmo);eseo originala
15 - 1984;decembro;88;9-10;Hagen Hirte;Viro el Virginio;;;;rakonto;;prozo originala
15 - 1984;decembro;88;11-12;Walter Żelazny;Ĉu ili scias pri kio temas?;;;KOMENTARIO;prozo;;prozo originala
15 - 1984;decembro;88;13-17;Pier Giorgio Soranzo;Fulvio Tomizza verkisto de landlimo;;;INTERVJUO;prozo;;intervjuo
15 - 1984;decembro;88;18-19;Jadviga Gibczynska;Aktorino pro elekto solistino pro neceso;;;TEATRO;konversacio;;intervjuo
15 - 1984;decembro;88;20-21;Serĝo Elgo;La paneo (2);;;BELETRO;novelo;;prozo originala
15 - 1984;decembro;88;22-24;Ivo Lapenna kaj Giorgio Silfer;Lapenna firmas sed Silfer konfirmas;;;KOMENTARIO;varsovia simpozio;;eseo originala
15 - 1984;decembro;88;25;Gabriel Mora i Arana;Baldaŭ la jubileo de la Internaciaj Floraj Ludoj;;;KONKURSFAKO;konkurso;;anonco
15 - 1984;decembro;88;26-27;Anton Ĉeĥov;Sveda alumeto (2);Aleksandro Korĵenkov;rusa;BELETRO;felietono;;prozo tradukita
15 - 1984;decembro;88;29;Julian Modest;Kiaj protektantoj por niaj kongresoj?;;;KULTURPOLITIKO;artikolo;;eseo originala
15 - 1984;decembro;88;30-31;Adriaan den Haan;Vortoj de Andreo Cseh;;;EN VITRINO;recenzo;Ed Borsboom, ed. (1984), Vortoj de Andreo Cseh;recenzo
15 - 1984;decembro;88;31-33;Poul Thorsen;Eŭlalia;;;EN VITRINO;recenzo;Lorjak (1984), Eŭlalia;recenzo
15 - 1984;decembro;88;33;Nicolino Rossi,;La Verko de la Jaro;;;KONKURSFAKO;konkurso;;anonco
15 - 1984;decembro;88;34;Perla Martinelli;Jarfine;;;REDAKCIE;artikolo;;anonco
16 - 1985;februaro;89;3-4;Poul Thorsen;Lasta taŭro;;;UVERTURO;poemo;;poezio originala
16 - 1985;februaro;89;5-6;Reino Eriksson;La mistero de Sampo inter Kalevala kaj Nordo;;;HISTORIO;eseo;;eseo originala
16 - 1985;februaro;89;7-9;Bernard Golden;La Esperanta, ĉu pario inter la mondaj literaturoj?;;;KULTURPOLITIKO;eseo;;eseo originala
16 - 1985;februaro;89;10-11;Gaudenzio Pisoni;Marino Moretti poeto verkinta krajone;;;REDAKCIE;eseo;;anonco
16 - 1985;februaro;89;12-14;Anton Ĉeĥov;Sveda alumeto (3);Aleksandro Korĵenkov;rusa;BELETRO;felietono;;prozo tradukita
16 - 1985;februaro;89;15-17;Jaroslav Seifert;Mi volis esti poeto de ĉeĥaj virinoj;;;KONKURSFAKO;poezio;;anonco
16 - 1985;februaro;89;18-19;Joseph Roth;La fumo ligas la urbojn;Hagen Hirte;germana;BELETRO;rakonto;;prozo tradukita
16 - 1985;februaro;89;20-21;Serĝo Elgo;La paneo (3);;;BELETRO;novelo;;prozo originala
16 - 1985;februaro;89;22-24;Flannery O’Connor;La dio sur la dorso;Kris Long;angla;BELETRO;novelo;;prozo tradukita
16 - 1985;februaro;89;25-27;Giorgio Silfer;Esperanta Antologio 1887-1981;;;EN VITRINO;recenzo;William Auld, red. (1984), Esperanta Antologio 1887-1981;recenzo
16 - 1985;februaro;89;28;Nicolino Rossi;Febro;;;EN VITRINO;recenzo;István Nemere (1984), Febro;recenzo
16 - 1985;februaro;89;29-30;Franco Polimeni;La Ora Pozidono;;;EN VITRINO;recenzo;Julian Modest (1984), La Ora Pozidono;recenzo
16 - 1985;aprilo;90;3;Jirĵi Korĵinek;Blanka siringo;;;UVERTURO;poemo;;poezio originala
16 - 1985;aprilo;90;4-6;Giorgio Silfer;La epika universaleco de Kalevala;;;HISTORIO;eseo;;eseo originala
16 - 1985;aprilo;90;7-9;Sergio Elgo;La paneo (4);;;BELETRO;novelo;;prozo originala
16 - 1985;aprilo;90;10-15;Anton Ĉeĥov;Sveda alumeto (4);Aleksandro Korĵenkov;rusa;BELETRO;felietono;;prozo tradukita
16 - 1985;aprilo;90;16-17;Victor Hugo;La ĝinoj;Guido Holz;franca;REDAKCIE;poemo;;anonco
16 - 1985;aprilo;90;18;Perla Martinelli;Mediteranea konferenco de esperantologio;;;REDAKCIE;aranĝo;;anonco
16 - 1985;aprilo;90;19-23;Juhani Peltonen;Matraco;Kalle Kniivilä;finna;BELETRO;novelo;;prozo tradukita
16 - 1985;aprilo;90;24-25;Kris Long;Miĥail Kuzmin;;;BELETRO;poezio;;poezio originala
16 - 1985;aprilo;90;26-28;Giulio Cappa;Robaioj;;;EN VITRINO;recenzo;Umar Kajjam (1984), Robaioj, tr. Gaston Waringhien;recenzo
16 - 1985;aprilo;90;28;Kroniko;Komitato por Kalocsay;;;REDAKCIE;novaĵo;;anonco
16 - 1985;aprilo;90;29;Oldrich Knichal;Spuroj de l’ doloro;;;EN VITRINO;recenzo;Zora Heide (1984), Spuroj de l’ doloro;recenzo
16 - 1985;aprilo;90;30;redakcie;Rezultoj de la ĝenerala asembleo de LF-koop;;;REDAKCIE;novaĵoj;;anonco
16 - 1985;junio;91;3-5;Gabriel Mora i Arana;Suito de la koro en la kosmo kaj de la kosmo en la koro;;;UVERTURO;poemo;;poezio originala
16 - 1985;junio;91;6-7;redakcie;Nova prezidanto por la dua jarcento;;;INTERVJUO;intervjuo;;intervjuo
16 - 1985;junio;91;8-9;Kalle Kniivila;Lönnrot: aŭtoro, kompilinto aŭ trovinto;;;HISTORIO;eseo;;eseo originala
16 - 1985;junio;91;10-11;Reto Rossetti;Sir Patrick Spens, skota balado;;;BELETRO;popolbalado;;poezio originala
16 - 1985;junio;91;12-15;Osmo Buller;Prefere instrumentalismon!;;;KULTURPOLITIKO;eseo;;eseo originala
16 - 1985;junio;91;16-17;Stéphane Mallarmé;Tri vizaĝoj de unu amo;Gaston Waringhien;franca;BELETRO;poezio;;poezio tradukita
16 - 1985;junio;91;18-19;Jean Marin;Optimismo kaj edukado;;;DIDAKTIKO;eseeto;;eseo originala
16 - 1985;junio;91;20-22;Lina Gabrielli;Morto de Bett;;;BELETRO;novelo;;prozo originala
16 - 1985;junio;91;23-24;Giorgio Silfer;La Verko de la Jaro: senprecedenta verdikto;;;KONKURSFAKO;rezulto;;anonco
16 - 1985;junio;91;25-27;Serĝo Elgo;La paneo (5);;;BELETRO;novelo;;prozo originala
16 - 1985;junio;91;28;Georges Lagrange;SFEROJ 3;;;EN VITRINO;recenzo;Diversaj aŭtoroj (1984), SFEROJ 3, Miguel Gutierrez Aduriz, red.;recenzo
16 - 1985;junio;91;28-30;Wolfgang Günther;La centa simio;;;EN VITRINO;recenzo;Ken Keyes jr. (1984), La centa simio, tr.  Joek Naber-Keller;recenzo
16 - 1985;aŭgusto;92;3;Leendert C. Deij;La patrinoj de Plaza de Mayo;;;UVERTURO;eseo;;poezio originala
16 - 1985;aŭgusto;92;4;redakcie;"Internacia literatura premio ""Clelia Conterno"" 1985";;;KONKURSFAKO;rezulto;;anonco
16 - 1985;aŭgusto;92;5;Lucija Borĉiĉ;Artist’ blua;;;KONKURSFAKO;poemo;;anonco
16 - 1985;aŭgusto;92;6-8;Spomenka Ŝtimec;Vojaĝo al disiĝo;;;KONKURSFAKO;prozo;;anonco
16 - 1985;aŭgusto;92;9-11;Julian Modest;Universon ĉiu guto havas en si;;;BELETRO;eseo;;prozo originala
16 - 1985;aŭgusto;92;12-13;Perla Martinelli;Kaj li kapablis diri multajn vortojn…;;;MEMORE PRI;omaĝo;;nekrologo
16 - 1985;aŭgusto;92;14-18;Perla Martinelli;Giouse Carducci (1835-1907): por itala Italio;Gaudenzio Pisoni;itala;REDAKCIE;datreveno;;anonco
16 - 1985;aŭgusto;92;19-21;G. Waringhien, S. Ŝtimec, W. A. Verloren van Thermaat;Ne ĉiu enciklopedio ignoras nian literaturon;;;KOMENTARIO;opinioj;;eseo originala
16 - 1985;aŭgusto;92;22-24;Ed Borsboom;...kaj ŝipo ne aperis;;;INTERVJUO;prozo;;intervjuo
16 - 1985;aŭgusto;92;25-27;Serĝo Elgo;La paneo (6);;;BELETRO;novelo;;prozo originala
16 - 1985;aŭgusto;92;28-29;Sławomir Mrożek;Pri nudeco;Kris Long;pola;BELETRO;rakonto;;prozo tradukita
16 - 1985;aŭgusto;92;30;Georges Lagrange;Betonterapio;;;EN VITRINO;recenzo;János Elem (1985), Betonterapio;recenzo
16 - 1985;aŭgusto;92;30;Georges Lagrange;La damo de l’ fatalo;;;EN VITRINO;recenzo;László Tabi (1985), La damo de l’ fatalo;recenzo
16 - 1985;oktobro;93;3;Kris Long;Roze;;;UVERTURO;poezio;;poezio originala
16 - 1985;oktobro;93;4;Gabriel Mora i Arana;Intesrnaciaj Floraj Ludoj 1985: verdikto;;;INTERNACIA LITERATURA FORUMO;rezzulto;;anonco
16 - 1985;oktobro;93;5-8;Roberto Lloancy;Kiel flokoj…;;;INTERNACIA LITERATURA FORUMO;eseo;;eseo originala
16 - 1985;oktobro;93;9-10;Antonia Apollo;Epopeoj de frataj gentoj;;;HISTORIO;eseo;;eseo originala
16 - 1985;oktobro;93;11-14;Hagen Hirte;Duce la dua;;;BELETRO;eseo;;prozo originala
16 - 1985;oktobro;93;15;Victor Hugo;La siesto de l’ leono;Gaston Waringhien;franca;REDAKCIE;poezio;;anonco
16 - 1985;oktobro;93;16-17;José F. Arrayo;Nenio estas kiel via ventro;;;KONKURSFAKO;poezio;;poezio originala
16 - 1985;oktobro;93;18-20;Italo Calvino;La aŭtoŝosea arbaro;Perla Martinelli;itala;BELETRO;rakonto;;prozo tradukita
16 - 1985;oktobro;93;21;Cléa Georget;Sorĉaĵo;;;KONKURSFAKO;poemo;;anonco
16 - 1985;oktobro;93;22-23;Franco Polimeni;Gastejo Edmond Privast: dekjara realaĵo;;;INTERVJUO;datreveno;;intervjuo
16 - 1985;oktobro;93;24-25;Giorgio Silfer;Amadeus: kohera, sed ne vera;;;LA SEPA ARTO;filmo;Milos Forman, reĝisoro (1984), Amadeus (filmo);eseo originala
16 - 1985;oktobro;93;26;redakcie;Kalendaro 1986 de LF-koop;;;REDAKCIE;programo;;anonco
16 - 1985;oktobro;93;27;István Nemere;SFEROJ 2;;;EN VITRINO;recenzo;Diversaj aŭtoroj (1983), SFEROJ 2, Miguel Gutierrez Aduriz, red.;recenzo
16 - 1985;oktobro;93;28-29;Herbert Mayer;La Mezepoka periodo;;;EN VITRINO;recenzo;(1984), La Mezepoka periodo, tradukis kaj redaktis Gaston Waringhien;recenzo
16 - 1985;oktobro;93;30;redakcie;La Verko de la Jaro 1985;;;REDAKCIE;konkurso;;anonco
16 - 1985;decembro;94;3;Hagen Hirte;Tra la sezonoj;;;UVERTURO;poemo;;poezio originala
16 - 1985;decembro;94;4-5;Giorgio Silfer;Novjara mesaĝo de la prezidanto de LF-koop;;;REDAKCIE;novjara mesaĝo;;anonco
16 - 1985;decembro;94;6-8;Erik von Hertzen;Finna, estona, ĉu ankaŭ lapona epopeo?;;;HISTORIO;eseo;;eseo originala
16 - 1985;decembro;94;9-13, 16;Humphrey Tonkin;"De ""Trgroŝa Opero"" al ""Trgroŝa romano""";;;BELETRO;eseo;;prozo originala
16 - 1985;decembro;94;14-15;Fernando de Diego;De Diego al de...genero;;;KOMENTARIO;eseo;;eseo originala
16 - 1985;decembro;94;16;William Auld;Letero;;;;;;eseo originala
16 - 1985;decembro;94;17-19;Christian Castillon;Konferenco pri sociologiaj aspektoj de Esperanto;;;ESEO;eseo;;eseo originala
16 - 1985;decembro;94;20;redakcie;Regularo de la Internacia literatura premio Clelia Conterno 1987;;;KONKURSFAKO;regularo;;anonco
16 - 1985;decembro;94;21-23;redakcie;Raŭma vento ekblovas en Vieno;;;INTERVJUO;prozo;;intervjuo
16 - 1985;decembro;94;24-28;Audrey Childs-Mee;Kun iom da helpo far miaj geamikoj;;;KONKURSFAKO;novelo;;anonco
16 - 1985;decembro;94;29-30;Euros Bowen;Kimra voĉo por konĉerto homara;Kris Long;angla;BELETRO;poezio;;poezio tradukita
16 - 1985;decembro;94;31-32;Perla Martinelli;De Ilmatar al Marjatta;;;HISTORIO;eseo;;eseo originala
16 - 1985;decembro;94;33-34;Giulio Cappa;La Romantika Periodo;;;EN VITRINO;recenzo;(1982), La Romantika Periodo, tradukis kaj redaktis Gaston Waringhien;recenzo
16 - 1985;decembro;94;34;redakcie;Ĝenerala asembleo de LF-koop;;;EN VITRINO;kunvoko;;recenzo
17 - 1986;februaro;95;3;Perla Martinelli;Karaj geamikoj;;;REDAKCIE;novjara saluto;;anonco
17 - 1986;februaro;95;4-5;Giorgio Silfer;Kvin papavoj;;;UVERTURO;prozo;;poezio originala
17 - 1986;februaro;95;6-8;Reto Rossetti;Ĝi estas nek lakto nek selakto;;;ESEO;eseo;;eseo originala
17 - 1986;februaro;95;9-11;Giorgio Silfer;Gianfranko Molle, nia unua trobadoro;;;INTERVJUO;prozo;;intervjuo
17 - 1986;februaro;95;12-14;Gianluigi Gimelli;Etruska lingvo: ĉu daŭra mistero?;;;ESEO;eseo;;eseo originala
17 - 1986;februaro;95;15;redakcie;Enciklopedioj kaj esperanto-literaturo;;;KOMENTARIO;prozo;;prozo originala
17 - 1986;februaro;95;16-17;Jaroslav Seifert;Rigardo de Karola Ponto;Jiři Kořínek;ĉeĥa;BELETRO;poemo;;poezio tradukita
17 - 1986;februaro;95;18-22;Sándor Révész;Sojle de la dua jarcento: historiaj rimarkoj;;;KULTURPOLITIKO;eseo;;eseo originala
17 - 1986;februaro;95;23-24;Georges Lagrange;Kiel fini jubileegon?;;;REDAKCIE;eseo;;anonco
17 - 1986;februaro;95;25-29;Poul Thorsen;Limako levas atenton;;;BELETRO;eseo;;prozo originala
17 - 1986;februaro;95;29-30;Herbert Mayer;Germana Antologio;;;EN VITRINO;recenzo;Ortwin Brodt, red. (1985), Germana Antologio, tr. W. Herrmann kaj H. Rössler;recenzo
17 - 1986;aprilo;96;3;Cléa Georget;Vesper’ arkaŝona;;;UVERTURO;poemo;;poezio originala
17 - 1986;aprilo;96;4-5;Giorgio Silfer;La bildo de esperanto en la hispana kulturo;;;BELETRO;artikolo;;prozo originala
17 - 1986;aprilo;96;5-8;Miguel de Unamuno;Nebulo - sesa ĉapitro;José F. Arroyo;hispana;BELETRO;novelo;;prozo tradukita
17 - 1986;aprilo;96;9;Perla Martinelli;La lirika sugesto de Anna Aĥmatova;;;MEMORE PRI;enkonduko;;nekrologo
17 - 1986;aprilo;96;9-10;Kris Long;Sep… (memore pri Anna Aĥmatova);;;MEMORE PRI;poemo;;poezio originala
17 - 1986;aprilo;96;11-14;Bernard Golden, Helmar Frank;Ĉu esperanto estas nur… Ilo?;;;KOMENTARIO;prozo;;prozo originala
17 - 1986;aprilo;96;14;redakcie;La kalendaro de LF-koop;;;REDAKCIE;informo;;anonco
17 - 1986;aprilo;96;15-19;Serĝo Elgo;La direktoro;;;BELETRO;prozo;;prozo originala
17 - 1986;aprilo;96;20;redakcie;5a Internacia Literatura Forumo: unua bulteno;;;REDAKCIE;anonco;;anonco
17 - 1986;aprilo;96;21-25;Sándor Révész;Sojle de la dua jarcento (2);;;KULTURPOLITIKO;eseo;;eseo originala
17 - 1986;aprilo;96;26-28;Poul Thorsen;Kalevala;;;EN VITRINO;recenzo;Elias Lönnrot (1985), Kalevala, tr. J.E.Leppäkoski;recenzo
17 - 1986;aprilo;96;28-30;Nicolino Rossi;Kvarfolio;;;EN VITRINO;recenzo;Karen, Rumler, Urbanova, Vidman (1985), Kvarfolio;recenzo
17 - 1986;junio;97;3;Gianfranco Molle;La kanzono de atendado;;;UVERTURO;kanto;;poezio originala
17 - 1986;junio;97;4-6;Giorgio Silfer;Upsalo 1986: blanka studenta ĉapo por kroni nian kulturon;;;REDAKCIE;festivalo;;anonco
17 - 1986;junio;97;7;redakcie;LF-koop por la J-Jaro;;;REDAKCIE;jubileo;;anonco
17 - 1986;junio;97;8-10;Cipryan K. Norwid;"Gvido, el la poemo ""Quidam""";Kris Long;pola;BELETRO;eseo;;prozo tradukita
17 - 1986;junio;97;11-15;Pierre Hirsch kaj Tazio Carlevaro;(Psiko)analizo pri la junaĝo de esperanto-pioniro;;;ESEO;eseo;;eseo originala
17 - 1986;junio;97;16-17;Arnoldo Aguila;Eĉ pri tio…;;;BELETRO;noveleto;;prozo originala
17 - 1986;junio;97;19-22;Giorgio Silfer;La krizo de Unesko: ĉu influa en Esperantio?;;;KULTURPOLITIKO;eseo;;eseo originala
17 - 1986;junio;97;23-25;Fernando de Diego;Di-ego aŭ di-eto?;;;KOMENTARIO;eseo;;eseo originala
17 - 1986;junio;97;26;Lorjak;La forpasinto - Edvardo kaj Agripina;;;EN VITRINO;recenzo;René de Obaldia (1984), La forpasinto - Edvardo kaj Agripina, tr. Georges Lagrange;recenzo
17 - 1986;junio;97;27-28;Martin Haase;Maks kaj Morits;;;EN VITRINO;recenzo;Wilhelm Busch (1985), Maks kaj Morits, tr. Rudolph Fischer;recenzo
17 - 1986;junio;97;28-30;Claude Gacond;Inititation theorique et pratique a la langue Internationale Esperanto;;;EN VITRINO;recenzo;Pol Denoël (1984), Inititation theorique et pratique a la langue Internationale Esperanto;recenzo
17 - 1986;aŭgusto;98;3;Giorgio Silfer;SOLe Ree SOLe;;;UVERTURO;muziko;;poezio originala
17 - 1986;aŭgusto;98;4-5;Pierre Ullman;Miaj renkontoj kun Jorge Luis Borges;;;MEMORE PRI;omaĝo;;nekrologo
17 - 1986;aŭgusto;98;6-12;Jorge Luis Borges;Borges, mistera klasikulo;Giulio Cappa;hispana;BELETRO;eseo;;prozo tradukita
17 - 1986;aŭgusto;98;13-19;Ernő Csiszár;Du plus… enkonduke al denaskismo;;;DIDAKTIKO;artikolo;;eseo originala
17 - 1986;aŭgusto;98;20-23;Flann O'Brien;"el ""Ĉe Naĝas-du-Birdoj""";Kris Long;angla;BELETRO;eseo;;prozo tradukita
17 - 1986;aŭgusto;98;24-25;Giorgio Silfer;Sdrjan Flego: la homo kun glor’ elbuŝe… (1920-1986);;;TEATRO;eseo;;teatro originala
17 - 1986;aŭgusto;98;26;István Nemere;La Turo;;;BELETRO;artikolo;;prozo originala
17 - 1986;aŭgusto;98;27;Nicolino Rossi;Tridek naŭ modernaj poetoj;;;EN VITRINO;recenzo;(1985), Tridek naŭ modernaj poetoj, kompilis Ivan Kordić - tradukis Ladislav Režek;recenzo
17 - 1986;aŭgusto;98;28;Georges Lagrange;La barbiro de Sevilla;;;EN VITRINO;recenzo;Pierre-Augustin Caron de Beaumarchais (1985), La barbiro de Sevilla, tr. Kiril Draĵev;recenzo
17 - 1986;aŭgusto;98;29-30;IK por Honoro al Kolomano Kalocsay;5a Internacia Literatura Forumo;;;EN VITRINO;invito;;recenzo
17 - 1986;oktobro;99;3;Kris Long;Papaveroj (omaĝe al Wierzinski;;;UVERTURO;poemo;;poezio originala
17 - 1986;oktobro;99;4-6;Gabriel Mora i Arana;Inter tradicio kaj reformismo;;;KONKURSFAKO;konkurso;;anonco
17 - 1986;oktobro;99;7-8;Timothy Brian Carr;La unua printempo;;;INTERNACIA LITERATURA FORUMO;poemoj;;poezio originala
17 - 1986;oktobro;99;9-10;Tomasz Chmielik;Literatura enciklopedioen esperanto;;;KOMENTARIO;artikolo;;eseo originala
17 - 1986;oktobro;99;11;redakcie;La Kvinpetalo: burĝono preta por flori ĉiujare;;;REDAKCIE;nova anonco;;anonco
17 - 1986;oktobro;99;12-15;Jorge Luis Borges;La viro ĉe la sojlo;Liven Dek;hispana;MEMORE PRI;rememoro;;nekrologo
17 - 1986;oktobro;99;16-17;Kris Long;Nigra bubkato miaŭas esperante;;;UVERTURO;poemo;;poezio originala
17 - 1986;oktobro;99;18;Perla Martinelli;Varsovio komunikas;;;INTERVJUO;prozo;;intervjuo
17 - 1986;oktobro;99;20-22;Sciencfikcio;Flava rozo por Debora;;;ESEO;prozo;;prozo originala
17 - 1986;oktobro;99;23-25;Reto Rossetti;Ĉirkaŭ la esperanta stilo;;;REDAKCIE;eseo;;eseo originala
17 - 1986;oktobro;99;26-27;Ralph Harry;La Privata lernejo en Ĝenevo;;;DIDAKTIKO;eseo;;eseo originala
17 - 1986;oktobro;99;28-29;Spomenka Ŝtimec;Viro en nigra mantelo kaj aliaj rakontoj;;;EN VITRINO;recenzo;Barbara Sokalówna (1984), Viro en nigra mantelo kaj aliaj rakontoj;recenzo
17 - 1986;oktobro;99;29;Herbert Mayer;Krono de l’ sonetoj;;;EN VITRINO;recenzo;France Prešeren (1986), Sonetni venec / Krono de l’ sonetoj, tr. Tone Logar;recenzo
17 - 1986;dec-jan;100;3;Serĝo Elgo;Cent!;;;UVERTURO;poemo;;poezio originala
17 - 1986;dec-jan;100;4-5;Giorgio Silfer;Novjara mesaĝo de la prezidanto de LF-koop;;;REDAKCIE;prozo;;anonco
17 - 1986;dec-jan;100;6-7;Czeslaw Kozlowski;Pri esperanta gazetaro;;;ESEO;eseo;;eseo originala
17 - 1986;dec-jan;100;8-9;Perla Martinelli;K. Kalocsay, ĉu la Danto de esperanto?;;;INTERNACIA LITERATURA FORUMO;eseo;;eseo originala
17 - 1986;dec-jan;100;9-10;Nicolino Rossi;La Verko de la Jaro 1985: konfirmo por István Nemere;;;KONKURSFAKO;konkurso;;anonco
17 - 1986;dec-jan;100;11;Giorgio Silfer;Grimpas La Monton sed jam flosas sur La alta Akvo…;;;INTERVJUO;prozo;;intervjuo
17 - 1986;dec-jan;100;12-14;István Nemere;La fatala amanto (omaĝe al Boccaccio);;;BELETRO;novelo;;prozo originala
17 - 1986;dec-jan;100;15-16;W. A. Verloren van Thermaat;Kio estas realisma en la projekto Chmielik?;;;KOMENTARIO;artikolo;;eseo originala
17 - 1986;dec-jan;100;17-19;"E-Rondo ""Kulturo""";Urala kontribuo al raŭmismo;;;KULTURPOLITIKO;dokumento;;eseo originala
17 - 1986;dec-jan;100;20;Jaroslav Marik;La unua agnoskita esperantlingvano;;;DIDAKTIKO;komentario;;eseo originala
17 - 1986;dec-jan;100;21-24;Kooperativo de Literatura Foiro;6a Internacia Literatura Forumo;;;REDAKCIE;invito;;anonco
17 - 1986;dec-jan;100;25;Ada Csiszár;Erotika ĉefverko de nia literaturo;;;BELETRO;poemo;;poezio originala
17 - 1986;dec-jan;100;26;Peter P. Peneter;Deka Kanto;;;BELETRO;poemo;;poezio originala
17 - 1986;dec-jan;100;28-29;Bertold Brecht;Omaĝo al Bertold Brecht;;;REDAKCIE;poemo;;anonco
17 - 1986;dec-jan;100;30-31;Giorgio Silfer;André Morel: Kandido la verda;;;TEATRO;artikolo;;teatro originala
17 - 1986;dec-jan;100;33;Jouko Lindstedt;Lulkanto al tempo turmentata;;;EN VITRINO;recenzo;Reino Eriksson (1984), Kehtolaulu kiusatulle ajalle / Lulkanto al tempo turmentata;recenzo
17 - 1986;dec-jan;100;34-39;Pierre Ullman;La familio de Pascal Duarte;;;EN VITRINO;recenzo;Camilo José Cela (1986), La familio de Pascal Duarte, tr. Fernado de Diego;recenzo
17 - 1986;dec-jan;100;40;Kris Long;Duel de Marjorie Boulton kaj Poul Thorsen;;;EN VITRINO;recenzo;Marjorie Boulton kaj Poul Thorsen (1985), Duel;recenzo
17 - 1986;dec-jan;100;41-42;redakcie;La J-Jaro en alia cirkvito;;;REDAKCIE;kalendaro;;anonco
18 - 1987;februaro;101;3;Perla Martinelli;Damo kun reĝa pokero;;;REDAKCIE;eseo;;anonco
18 - 1987;februaro;101;4-5;Nicolino Rossi;Jarmila revo;;;UVERTURO;poemo;;poezio originala
18 - 1987;februaro;101;6-11;Giulio Cappa;Okazaj rimarkoj pri senmorteco;;;ESEO;prozo;;prozo originala
18 - 1987;februaro;101;12-14;Reto Rossetti;Esti aŭ ne esti… vortluda?;;;ZAMENHOFOLOGIO;eseo;;eseo originala
18 - 1987;februaro;101;15-18;Amplifiki;Sed tute negravas;;;MUZIKO;kantotekstoj;;poezio originala
18 - 1987;februaro;101;19-20;Marco Picasso;Unu vivo, unu kastelo por Esperantio;;;INTERVJUO;prozo;;intervjuo
18 - 1987;februaro;101;21-26;Pekka Virtanen;Infero aŭ ĉielo;;;BELETRO;novelo;;prozo originala
18 - 1987;februaro;101;26-28;Ed Borsboom;Nia mantelo por la J-Jaro;;;;artikolo;;eseo originala
18 - 1987;februaro;101;29;Kris Long;"""The house not right in the head""";;;EN VITRINO;recenzo;Arthur D. Foote (1986), The house not right in the head;recenzo
18 - 1987;februaro;101;30;Sven Jonsson;Kor(r)espondu esperante;;;EN VITRINO;recenzo;Inga Johansson kaj Aasa Sahlgvist (1985), Kor(r)espondu esperante;recenzo
18 - 1987;marto;102;3;Hagen Hirte;Se la iluzia vendisto elbabilas…;;;UVERTURO;poemo;;poezio originala
18 - 1987;marto;102;4;Nikolaj Lozgaĉev;Neforgesebla Puŝkin;Nikolaj Lozgaĉev;rusa;REDAKCIE;poemo;;anonco
18 - 1987;marto;102;5-9;Julian Modest;Kalocsay: ĉu kreinto de nia avangarda poezio? (1);;;INTERNACIA LITERATURA FORUMO;eseo;;eseo originala
18 - 1987;marto;102;10-12;Liven Dek;La bleko de l’ ŝargu;;;BELETRO;eseo;;prozo originala
18 - 1987;marto;102;13-16;Amplifiki;Sed tute negravas;;;;muziko;;eseo originala
18 - 1987;marto;102;17-22;James Joyce;Giacomo Joyce;Kris Long;angla;BELETRO;eseo;;prozo tradukita
18 - 1987;marto;102;23-24;Georges Lagrange;Spektaklo por oreloj;;;TEATRO;eseo;;teatro originala
18 - 1987;marto;102;25;Gaston Waringhien;Dek prelegoj de Kolomano Kalocsay;;;EN VITRINO;recenzo;Kálmán Kalocsay (1985), Dek prelegoj;recenzo
18 - 1987;marto;102;26;Nicolino Rossi;Verso kaj larmo de Eli Urbanova;;;EN VITRINO;recenzo;Eli Urbanová (1986), Verso kaj larmo;recenzo
18 - 1987;aprilo;103;3;Kris Long;Surdorse;;;UVERTURO;poemo;;poezio originala
18 - 1987;aprilo;103;4-7;Guido Holz;Trifoja printempiĝo;;;ESEO;prozo;;prozo originala
18 - 1987;aprilo;103;8-10;Oskar Luts;Tabako;Johannes Palu;estona;REDAKCIE;novelo;;anonco
18 - 1987;aprilo;103;11-16;Renato Corsetti;Esperanto Afriken: kial kie kiel;;;KOMENTARIO;prozo;;prozo originala
18 - 1987;aprilo;103;16-17;Koffi Gbeglo;En fiŝkaptejo kun mia patro;;;BELETRO;rakonteto;;prozo originala
18 - 1987;aprilo;103;17-18;Evgenij Evtuŝenko;Dubi pri si mem necesas;Fabrizio Pennachietti;rusa;BELETRO;poemo;;poezio tradukita
18 - 1987;aprilo;103;19-23;Julian Modest;Kalocsay: ĉu kreinto de nia avangarda poezio? (2);;;INTERNACIA LITERATURA FORUMO;eseo;;eseo originala
18 - 1987;aprilo;103;24-25;István Nemere;La Drako;;;BELETRO;prozo;;prozo originala
18 - 1987;aprilo;103;25-26;Perla Martinelli;La granda Meaulnes;;;EN VITRINO;recenzo;Alain-Fournier (1976), La Granda Meaulnes, tr. Roger Bernard;recenzo
18 - 1987;majo;104;3;Roland Levreaud;Inaŭgurita La Kvinpetalo!;;;ESEO;historio;;eseo originala
18 - 1987;majo;104;4-5;Leif Nordenstorm;Tagnokto;;;UVERTURO;poemoj;;poezio originala
18 - 1987;majo;104;6-11;Herbert Mayer;Kalocsay la neologo kaj liaj falsaj disĉiploj;;;INTERNACIA LITERATURA FORUMO;eseo;;eseo originala
18 - 1987;majo;104;12-13;Zhou Liuxi;Kiel taksi la terminon «interlingvistiko»;;;LINGVISTIKO;scienco;;eseo originala
18 - 1987;majo;104;14-15;Kris Long;Lirika esenco hungara;Kris Long;hungara;BELETRO;poemoj;;poezio tradukita
18 - 1987;majo;104;17;Aleksander Puŝkin;Dono vana kaj hazarda?;Nikolaj Lozgaĉev, Sergej Verŝinin;rusa;REDAKCIE;poemo;;anonco
18 - 1987;majo;104;18;Perla Martinelli;Orm la ruĝa (enkonduko);;;;;;eseo originala
18 - 1987;majo;104;18-22;Frans G. Bengtsson;Orm la ruĝa;Bertil Nilsson;sveda;BELETRO;eseo;;poezio tradukita
18 - 1987;majo;104;23;redakcie;Kataluna Esperanto-Asocio kolektiva membro de LF-koop;;;REDAKCIE;historio/deklaro;;anonco
18 - 1987;majo;104;24-25;Giulio Cappa;BAF!;;;EN VITRINO;recenzo;Gianfranco Molle, Guido Brandenburg (1985), BAF! (kasedo);recenzo
18 - 1987;majo;104;25-26;Tazio Carlevaro;Kritikaj studoj defende de Esperanto;;;EN VITRINO;recenzo;Ivo Lapenna (1987), Kritikaj studoj defende de Esperanto;recenzo
18 - 1987;jun-jul;105;3;Kris Long;Al Irino la 12an de julio;;;UVERTURO;poemo;;poezio originala
18 - 1987;jun-jul;105;4-6;Perla Martinelli;Vage tra la 50a monda PEN-kongreso;;;ESEO;historio;;eseo originala
18 - 1987;jun-jul;105;7-9;Tibor Sekelj;Kvin verkistoj pri la internacia lingvo;;;INTERVJUO;opinioj;;intervjuo
18 - 1987;jun-jul;105;10-14;Giorgio Silfer;Esperanto kiel transnacia arta esprimilo;;;ESEO;prelego;;eseo originala
18 - 1987;jun-jul;105;14-15;Herbert Mayer;Scienca simpozio en la nobla Vieno;;;ESPERANTOLOGIO;eseo;;eseo originala
18 - 1987;jun-jul;105;16-18;Reto Rossetti;Omaĝe al Michele Mariano;;;LINGVISTIKO;eseo;;eseo originala
18 - 1987;jun-jul;105;18-19;Gaston Waringhien;Hamleto kaŝas en si Purgatorion;;;BELETRO;teatro;;teatro originala
18 - 1987;jun-jul;105;20-22;Nicolino Rossi;Konfeso de fidela kaloĉajano;;;EN VITRINO;recenzo;Josef Rumler (1986), Abunde kaj redunde;recenzo
18 - 1987;jun-jul;105;23-28;Isaac B. Singer;Ŝoŝa;Kris Long;jida;BELETRO;novelo;;prozo tradukita
18 - 1987;jun-jul;105;28-29;Georges Lagrange;Varmas en Romo;;;EN VITRINO;recenzo;Corrado Tavanti (1986), Varmas en Romo;recenzo
18 - 1987;jun-jul;105;29-30;Pascal Dubourg kaj Alain Monsillion;Tute negravas, kantas Amplifiki;;;EN VITRINO;recenzo;Amplifiki (1986), Tute negravas (kasedo);recenzo
18 - 1987;aŭgusto;106;3;Giorgio Silfer;Forpasis István Szerdahelyi;;;MEMORE PRI;nekrologo;;nekrologo
18 - 1987;aŭgusto;106;4;Reto Rossetti;Tenera saŭdado;;;UVERTURO;poemo;;poezio originala
18 - 1987;aŭgusto;106;6-7;Giorgio Silfer;Puatiero dek jarojn poste;;;INTERNACIA LITERATURA FORUMO;historio;;eseo originala
18 - 1987;aŭgusto;106;8-10;Georges Lagrange;La D-romano;;;INTERNACIA LITERATURA FORUMO;eseo;;eseo originala
18 - 1987;aŭgusto;106;11-13;Ernő Csiszár;Ĉie estas varme, sed hejme plej ĉarme;;;KULTURPOLITIKO;eseo;;eseo originala
18 - 1987;aŭgusto;106;13;Lina Gabrielli;Du vekrioj;;;BELETRO;poemoj;;poezio originala
18 - 1987;aŭgusto;106;14-15;Silvina Ocampo;Isis;Liven Dek;hispana;BELETRO;prozo;;prozo tradukita
18 - 1987;aŭgusto;106;16-18;Balázs Wacha;La katekizo de la eta Jozefo;;;BELETRO;novelo;;poezio originala
18 - 1987;aŭgusto;106;19;Juhani Peltonen;"El ""Longa nekutima tusado""";Kalle Kniivilä;finna;BELETRO;poemo;;poezio tradukita
18 - 1987;aŭgusto;106;20-21;Aleksander Puŝkin;Eŭgeno Onegin kvarversie;Nikolaj Nekrasov, Sergej Rublov, I. Ĥoves, Nikolaj Danovskij;rusa;REDAKCIE;poemoj;;anonco
18 - 1987;aŭgusto;106;22-23;Edward Symoens;Esperanto Afriken? Jen mia sperto!;;;KOMENTARIO;prozo;;prozo originala
18 - 1987;aŭgusto;106;23-25;W. A. Verloren van Thermaat;"""Les fous du langage""";;;EN VITRINO;recenzo;M. Yaguello (1984), Les fous du langage. Des langues immaginaires et de leurs inventeurs;recenzo
18 - 1987;aŭgusto;106;25-26;Kris Long;Urboranda Nokto de Attila József;;;EN VITRINO;recenzo;Attila József (1986), Urboranda nokto, tr. diversaj;recenzo
18 - 1987;septembro;107;3;Johan H. Rosbach;Matrikario;;;UVERTURO;poemo;;poezio originala
18 - 1987;septembro;107;4;Perla Martinelli;Premio Clelia Conterno 1987;;;KONKURSFAKO;konkuro;;anonco
18 - 1987;septembro;107;5;Lilli Giloteaux;Norda Haveno;;;KONKURSFAKO;poemo;;anonco
18 - 1987;septembro;107;6-10;Giorgio Silfer;La E-literaturo: fenomeno unika;;;ESEO;festparolado;;anonco
18 - 1987;septembro;107;11-13;Spomenka Ŝtimec;La jubileo kaj post ĝi;;;TEATRO;eseo;;teatro originala
18 - 1987;septembro;107;14-17;Reto Rossetti;Psikologio kaj lingvolerno;;;ESEO;eseo;;eseo originala
18 - 1987;septembro;107;18-20;Pekka Virtanen;Pupo;;;BELETRO;eseo;;prozo originala
18 - 1987;septembro;107;20;Dobriša Cesarić;Aŭtuna mateno;Lucija Borčić;kroata;BELETRO;poemeto;;poezio tradukita
18 - 1987;septembro;107;21-26;Eugene Zilah;Hungara Antologio;;;EN VITRINO;recenzo;Vilmos Benczik kompilis (1983), Hungara Antologio;recenzo
18 - 1987;oktobro;108;3;Rainer M. Rilke;Aŭtuna tag’;;;UVERTURO;poemo;;poezio originala
18 - 1987;oktobro;108;4-11;Giulio Cappa;Imagaj socioj en la verkaro de Canetti;;;ESEO;prozo;;prozo originala
18 - 1987;oktobro;108;12-15;Aleksander Puŝkin;Mozart kaj Salieri;Aleksander Korĵenkov;rusa;BELETRO;teatraĵo;;teatro tradukita
18 - 1987;oktobro;108;16-17;Giorgio Silfer;CDELI: modelo por bibliografia laboro;;;REDAKCIE;datreveno;;anonco
18 - 1987;oktobro;108;18-20;Timothy B. Carr;Simfonio verda;;;KONKURSFAKO;ilf/muziko;;eseo originala
18 - 1987;oktobro;108;21;Jósef Częścik;Per la plumoj de strigo kaj akcipitro;;;BELETRO;prozo;;prozo originala
18 - 1987;oktobro;108;22-24;Ralph Dumain, Tibor Sekelj;Denove pri Afriko…;;;KOMENTARIO;prozo;;prozo originala
18 - 1987;oktobro;108;25-26;Kris Long;Kolektitaj poemoj de L. N. M. Newell;;;EN VITRINO;recenzo;L. N. M. Newell (1987), Kolektitaj poemoj;recenzo
18 - 1987;novembro;109;3;Kris Long;Turkize, grize;;;UVERTURO;poemo;;poezio originala
18 - 1987;novembro;109;4-5;Giorgio Silfer;"Waringhien: nek cedi nek koncedi al la ""praga skolo""";;;INTERVJUO;intervjuo;;intervjuo
18 - 1987;novembro;109;7-8;Perla Martinelli;Relanĉo de Vieno en nia kulturo;;;ESEO;eseo;;eseo originala
18 - 1987;novembro;109;9-20;Klaus Schubert;De artefarita lingvo al lingvo de artefarita inteligento;;;PLANLINGVISTIKO;eseo;;eseo originala
18 - 1987;novembro;109;21;Julius Balbin;Neŭtraleco;;;KONKURSFAKO;poemo;;poezio originala
18 - 1987;novembro;109;22-23;Carlos Murciano;La kandelo;Liven Dek;hispana;BELETRO;novelo;;prozo tradukita
18 - 1987;novembro;109;24-25;Aleksander Korĵenkov;Ĉu rakonti novele? de Johán Valano;;;EN VITRINO;recenzo;Johán Valano (1986), Ĉu rakonti novele?;recenzo
18 - 1987;novembro;109;25-26;Audrey Childs-Mee;Parolu E-on;;;EN VITRINO;recenzo;José Fernández Arroyo (1984), Parolu E-on: método autodidacta de Lengua Internacional Esperanto;recenzo
18 - 1987;decembro;110;3;Giorgio Silfer;Salutmesaĝo de la prezidanto de LF-koop;;;REDAKCIE;salutmesaĝo;;anonco
18 - 1987;decembro;110;4-5;Hagen Hirte;Tri kamaradoj;;;UVERTURO;poemo;;poezio originala
18 - 1987;decembro;110;6-8;Guido Holz;Melankolio kaj indigno;;;REDAKCIE;eseo;;anonco
18 - 1987;decembro;110;9;Perla Martinelli;ILF plus IFL en Barcelono!;;;KONKURSFAKO;programo;;anonco
18 - 1987;decembro;110;10;Perla Martinelli;Jubilee;;;BELETRO;eseo;;prozo originala
18 - 1987;decembro;110;11-18;Vladimir Majakovskij;Poemo Jubilee;Nikolaj V. Lozgaĉev;rusa;BELETRO;poezio;;poezio tradukita
18 - 1987;decembro;110;19;Giorgio Silfer;Serĝo Elgo, ŝia lasta poŝtkarto;;;REDAKCIE;anonco;;anonco
18 - 1987;decembro;110;20-22;István Nemere;Literaturaj facetoj de la hungara kubo…;;;KOMENTARIO;eseo;;eseo originala
18 - 1987;decembro;110;23;Marc Binche;Hura! de Julio Baghy;;;EN VITRINO;recenzo;Julio Baghy (1986), Hura!;recenzo
18 - 1987;decembro;110;24-25;Wojciech Usakiewicz;Kazinski venas tro malfrue;;;EN VITRINO;recenzo;Deck Dorval (kaj Christian Declerck) (1987), Kazinski venas tro malfrue;recenzo
18 - 1987;decembro;110;25;Poul Thorsen;Dum nokta deĵoro;;;EN VITRINO;recenzo;Nevena Nedelĉeva (1987), Dum nokta deĵoro;recenzo
18 - 1987;decembro;110;26;redakcie;Esperanto en la dua jarcento;;;EN VITRINO;internacia konferenco;;recenzo
19 - 1988;februaro;111;3;Giordano Falzoni;"el ""Hajkaro papilieca""";;;UVERTURO;hajkoj;;poezio originala
19 - 1988;februaro;111;4-9;Elias Canetti;La misio de verkisto;Perla Martinelli;germana;ESEO;parolado;;anonco
19 - 1988;februaro;111;10-15;Harry Harrison;Ni venos, Doktoro Zamenhof, ni venos!;;;BELETRO;SF-rakonto;;prozo originala
19 - 1988;februaro;111;16-17;Georges Lagrange;Nikolin’: nova voĉo de la esperanto-kanzono;;;INTERVJUO;muziko;;eseo originala
19 - 1988;februaro;111;18-21;John Hewitt;La bona najbaro de iu Willie Morrisey;Kris Long;angla;BELETRO;poezio;;poezio tradukita
19 - 1988;februaro;111;22-28;Eli Urbanová;Lingva evoluo kaj beletra praktiko;;;KOMENTARIO;eseo;;eseo originala
19 - 1988;februaro;111;29-32;Giorgio Silfer;"Lingva praktiko kaj beletra ""evolucio""";;;KOMENTARIO;eseo;;eseo originala
19 - 1988;februaro;111;33-40;Olga Vivier;Serĉante sian monton;;;KONKURSFAKO;eseo;;anonco
19 - 1988;februaro;111;41;Georges Lagrange;Televida filmo originale esperanta!;;;LA SEPA ARTO;filmo;;eseo originala
19 - 1988;februaro;111;42-43;Claude Nourmont;La jubileo svingis parizan voston…;;;TEATRO;kultura festivalo;;anonco
19 - 1988;februaro;111;44-46;Halina Goreĉka;Vivo kun Puŝkin;;;REDAKCIE;datrevene;;anonco
19 - 1988;februaro;111;47-48;Gabriel Mora i Arana;Desislava ridetas;;;EN VITRINO;recenzo;Giorgio Silfer (1987), Desislava ridetas;recenzo
19 - 1988;februaro;111;48;Albert Goodhier;Diskurso de la metodo;;;EN VITRINO;recenzo;René Descartes (Kartezio) (1985), Diskurso de la metodo, tr. Eugène de Zilah;recenzo
19 - 1988;februaro;111;49-50;Nicolino Rossi;Antologio de Maltaj poetoj;;;EN VITRINO;recenzo;(1985), Antologio de Maltaj poetoj, tr. Carmel Mallia;recenzo
19 - 1988;aprilo;112;3;Timothy Carr;Beatles;;;UVERTURO;muziko;;poezio originala
19 - 1988;aprilo;112;4-10;Michel Duc Goninaz;La poezia verkaro de Gaston Waringhien;;;ESEO;beletro;;prozo originala
19 - 1988;aprilo;112;11;Julius Balbin;Viaj miaj;;;BELETRO;prozo;;prozo originala
19 - 1988;aprilo;112;12-16;Giorgio Silfer;Kia socia rolo por la esperanto-teatro;;;TEATRO;kabareto;;teatro originala
19 - 1988;aprilo;112;17-19;Guido Holz;Kiel mi esperantigis poemon;;;REDAKCIE;eseo;;anonco
19 - 1988;aprilo;112;20-22;Rico Bulthuis;Freŝaj bildoj el fora epoko;L. D'Oliveyra;nederlanda;HISTORIO;eseo;;eseo tradukita
19 - 1988;aprilo;112;23-28;Sergio Franseze;La cigana literaturo;;;BELETRO;eseo;;prozo originala
19 - 1988;aprilo;112;29-30;Wolfgang Günther;Nula horo: por ekologia artkoncepto;;;KULTURPOLITIKO;kulturo;;eseo originala
19 - 1988;aprilo;112;31-35;Bernard Golden;Naciaj trajtoj en SF-verkado;;;BELETRO;eseo;;prozo originala
19 - 1988;aprilo;112;36-37;Giorgio Silfer;Invit’ al Akademiesko;;;INTERVJUO;prozo;;intervjuo
19 - 1988;aprilo;112;38-43;W. A. Verloren van Thermaat;Glosa, klopodo por demokratio?;;;PLANLINGVISTIKO;eseo;;eseo originala
19 - 1988;aprilo;112;44-45;Reto Rossetti;La homo, problemsolva organismo;;;INFANLITERATURO;artikolo;;eseo originala
19 - 1988;aprilo;112;46-47;Pierre Ullman;Astura bukedo;;;EN VITRINO;recenzo;Campoamor, Perez de Ayala, A. Gonzalez, Palacio Valdes, Clarin (1986), Astura bukedo, tr. Fernando de Diego, Jorge Camacho, Liven Dek;recenzo
19 - 1988;aprilo;112;48-50;Carlo Minnaja;La konflikto de la epokoj;;;EN VITRINO;recenzo;Edwin de Kock (1984, 1985),  La konflikto de la epokoj. Libroj 1 kaj 2 (en du volumoj);recenzo
19 - 1988;aprilo;112;50;Georges Lagrange;Kia miksaĵo!;;;EN VITRINO;recenzo;F. V. Dorno (1986), Kia miksaĵo!;recenzo
19 - 1988;junio;113;3;Nicolino Rossi;Nokturno napola;;;UVERTURO;poemo;;poezio originala
19 - 1988;junio;113;4;Giorgio Silfer;Forpasis Gauenzio Pisoni;;;MEMORE PRI;funebro;;nekrologo
19 - 1988;junio;113;5-8;Giorgio Silfer;Trian maton trafis Nemere;;;INTERVJUO;premio;;intervjuo
19 - 1988;junio;113;9;István Nemere;La giganto;;;BELETRO;novelo;;prozo originala
19 - 1988;junio;113;10-12;Nikolaj Lozgaĉev;La konscienco de Rusio;;;MUZIKO;eseo;;eseo originala
19 - 1988;junio;113;13-14;Vladimir Vysockij;Kantoj;Nikolaj Lozgaĉev;rusa;MUZIKO;poezio;;poezio tradukita
19 - 1988;junio;113;15-17;Primo Levi;Kial oni verkas?;Giulio Cappa;itala;ESEO;meditaĵo;;prozo tradukita
19 - 1988;junio;113;18-19;Reto Rossetti;Kion scias la poeto;;;ESPERANTOLOGIO;eseo;;eseo originala
19 - 1988;junio;113;20-22;Vesna Skaljer Race;La drinkulino;;;KONKURSFAKO;rakonto;;anonco
19 - 1988;junio;113;23-25;Jirĵi Karen;"Kiuj kaj kiucele estas ""praganoj""?";;;KOMENTARIO;opinio;;eseo originala
19 - 1988;junio;113;25-26;Giorgio Silfer;"Kiuj kaj kiucele estas ""praganoj""?";;;KOMENTARIO;komentario;;eseo originala
19 - 1988;junio;113;26-30;Bernard Golden;La eraraj tezoj de Eli Urbanova;;;KOMENTARIO;eseo;;eseo originala
19 - 1988;junio;113;30;Perla Martinelli;La eraraj tezoj de Eli Urbanova (komentario);;;KOMENTARIO;eseo;;eseo originala
19 - 1988;junio;113;31;Marc Louste;Somerama vespero;;;BELETRO;prozo;;prozo originala
19 - 1988;junio;113;32-33;Reto Rossetti;Akompane al la poemoj de Majakovski;;;KOMENTARIO;eseo;;eseo originala
19 - 1988;junio;113;34-38;Bérci Darázs;La muĝejo;;;MEMORE PRI;omaĝo;;nekrologo
19 - 1988;junio;113;39-40;Ferenc Fehér;Sonĝo apud la kampvojoj;László Huszár;hungara;REDAKCIE;poezio;;anonco
19 - 1988;junio;113;41-44;Sten Johansson;Ponto aŭ insuleto?;;;KULTURPOLITIKO;eseo;;eseo originala
19 - 1988;junio;113;45-46;Mogens Groth;Mistera lumo;;;EN VITRINO;recenzo;Julian Modest (1987), Mistera lumo;recenzo
19 - 1988;junio;113;47;Ed Borsboom;Vortaj ludoj;;;EN VITRINO;recenzo;Stefan Maul (1987), Vortaj ludoj;recenzo
19 - 1988;junio;113;48;Georges Lagrange;Ni vivos!;;;EN VITRINO;recenzo;Julian Modest (1987), Ni vivos!, (disko 33-turna);recenzo
19 - 1988;junio;113;49;Tibor Sekelj;Obsedita de l’ Suno;;;EN VITRINO;recenzo;István Gáll (1986), Obsedita de l’ Suno, tr. Vilmos Benczik;recenzo
19 - 1988;junio;113;50;redakcie;7a Internacia Literatura Forumo;;;INTERNACIA LITERATURA FORUMO;programo;;anonco
19 - 1988;aŭgusto;114;3;Jan Skorupski;Konfidence;;;UVERTURO;poemo;;poezio originala
19 - 1988;aŭgusto;114;4;Perla Martinelli;Unu jaron poste, ĉe ELTE;;;PLANLINGVISTIKO;edukado;;eseo originala
19 - 1988;aŭgusto;114;5-8;Giorgio Silfer;Konkludoj de Segedo;;;KULTURPOLITIKO;historio;;eseo originala
19 - 1988;aŭgusto;114;8-9;Giorgio Silfer;La strategia testamento de Tibor Sekelj;;;KULTURPOLITIKO;testamento;;prozo originala
19 - 1988;aŭgusto;114;10-11;Reto Rossetti;Soleca pilgrimanto en ekzilo;;;REDAKCIE;eseo;;anonco
19 - 1988;aŭgusto;114;12-13;Perla Martinelli;Skanio 1988: roka festivalo sen firma grundo;;;REDAKCIE;kultura e-festivalo;;anonco
19 - 1988;aŭgusto;114;14-15;Perla Martinelli;TBC: Tiso bluas ciklone…;;;INTERVJUO;muziko;;intervjuo
19 - 1988;aŭgusto;114;16-20;Nikolaj Lozgaĉev;De enciklopedioj ĝis intelektuloj… aŭ male?;;;KOMENTARIO;eseo;;eseo originala
19 - 1988;aŭgusto;114;21-30;Gabriel Mora i Arana;Pri la soci-realisma kataluna poezio;Gabriel Mora i Arana;kataluna;BELETRO;artikolo;;prozo tradukita
19 - 1988;aŭgusto;114;31;Pier Giorgio Soranzo;Rendevuo;;;KONKURSFAKO;poemo;;poezio originala
19 - 1988;aŭgusto;114;32-33;István Ertl;La babilona ĉiesulino;;;BELETRO;eseo;;prozo originala
19 - 1988;aŭgusto;114;34-35;Johán Valano;Stilekzercado;;;BELETRO;eseo;;poezio originala
19 - 1988;aŭgusto;114;36;Giorgio Silfer;Novaj profesiaj figuroj;;;BELETRO;artikolo;;poezio originala
19 - 1988;aŭgusto;114;37-40;Julian Modest;Mi kaj li;;;BELETRO;novelo;;prozo originala
19 - 1988;aŭgusto;114;41;Jarlo Martelmonto;Mem prijuĝi la ĝustan ekvilibron;;;KOMENTARIO;artikolo;;eseo originala
19 - 1988;aŭgusto;114;42;Perla Martinelli;Mem prijuĝi la ĝustan ekvilibron (komentario);;;KOMENTARIO;komentario;;eseo originala
19 - 1988;aŭgusto;114;42-43;Aldo de’ Giorgi;Hetajro ravas, sed Urbanova malpravas;;;KOMENTARIO;artikolo;;eseo originala
19 - 1988;aŭgusto;114;44;Tazio Carlevaro;Kulturo de la amo;;;EN VITRINO;recenzo;Vilmos Szilágyi (1988), Kulturo de la amo, tr. Aladair Tot;recenzo
19 - 1988;aŭgusto;114;45;Carlo Minnaja;La alta akvo;;;EN VITRINO;recenzo;István Nemere (1986), La alta akvo;recenzo
19 - 1988;aŭgusto;114;46-47;Herbert Mayer;Ŝia lasta poŝtkarto;;;EN VITRINO;recenzo;Serĝo Elgo (1988), Ŝia lasta poŝtkarto;recenzo
19 - 1988;aŭgusto;114;47-48;Aleksander Korĵenkov;Ŝia lasta poŝtkarto;;;EN VITRINO;recenzo;Serĝo Elgo (1988), Ŝia lasta poŝtkarto;recenzo
19 - 1988;aŭgusto;114;48-49;Nicolino Rossi;Adolesko;;;EN VITRINO;recenzo;Blazio Vaha (1987), Adolesko;recenzo
19 - 1988;aŭgusto;114;50;Giorgio Silfer;Projekto LIBRA;;;REDAKCIE;historio;;anonco
19 - 1988;oktobro;115;3;Tibor Sekelj;La sango min pelas;;;UVERTURO;poemo;;poezio originala
19 - 1988;oktobro;115;4-5;Giorgio Silfer;Jan Skorupski, pola bardo ĉe verda velo;;;INTERVJUO;prozo;;intervjuo
19 - 1988;oktobro;115;6;redakcie;Proponoj por 1989;;;REDAKCIE;programo;;anonco
19 - 1988;oktobro;115;7-8;Herbert Mayer;Esperanto, la diaspora lingvo;;;LINGVISTIKO;historio;;eseo originala
19 - 1988;oktobro;115;9-12;Giorgio Silfer;Internacia, sennacia aŭ transnacia kulturo?;;;KULTURPOLITIKO;eseo;;eseo originala
19 - 1988;oktobro;115;13-19, 22;Claude Piron (Johán Valano);Abunde kaj… fekunde!;;;KOMENTARIO;eseo;;eseo originala
19 - 1988;oktobro;115;19;Reto Rossetti;Blufo kaj sofismo;;;KOMENTARIO;opinio;;eseo originala
19 - 1988;oktobro;115;20-22;Ralph Dumain;Braĝa skoldo por praga skolo;;;KOMENTARIO;opinio;;eseo originala
19 - 1988;oktobro;115;23-29;Josif Brodskij;Dediĉita al Jalto;Kris Long;rusa;BELETRO;poemo;;poezio tradukita
19 - 1988;oktobro;115;30-31;Tazio Carlevaro;Arizona sagao el Milano;;;BELETRO;bildrakonto;;prozo originala
19 - 1988;oktobro;115;32-37;Tazio Carlevaro;Skize pri indianaj kulturoj;;;KULTURPOLITIKO;eseo;;eseo originala
19 - 1988;oktobro;115;38-39;Giorgio Silfer;La virabelo;;;BELETRO;novelo;;prozo originala
19 - 1988;oktobro;115;40-41;Perla Martinelli;Premio 1989 Clelia Conterno;;;KONKURSFAKO;premio;;anonco
19 - 1988;oktobro;115;42-43;W. A. Verloren van Thermaat;Replike al Johansson;;;KOMENTARIO;lingvo;;eseo originala
19 - 1988;oktobro;115;43;redakcie;Asembleo de LF-koop;;;REDAKCIE;informo;;anonco
19 - 1988;oktobro;115;44;István Ertl;Terra;;;EN VITRINO;recenzo;István Nemere (1987), Terra;recenzo
19 - 1988;oktobro;115;45-48;Roland Levreaud;Sur la vojoj de la analiza skolo;;;EN VITRINO;recenzo;Rikardo Ŝulco (1987), Sur la vojoj de la analiza skolo;recenzo
19 - 1988;oktobro;115;48-50;Pierre Janton;La komedio de eraroj;;;EN VITRINO;recenzo;William Shakespeare (1987), La komedio de eraroj, tr. W. Auld kaj A. M. Simeonov;recenzo
19 - 1988;oktobro;115;50;Stéphane Mallarmé;La cigno;Guido Holz;franca;REDAKCIE;poemo;;anonco
19 - 1988;decembro;116;3;Pier Giorgio Soranzo;Kvaz’ en miraĝ’ magia;;;UVERTURO;poemo;;poezio originala
19 - 1988;decembro;116;4;Poul Thorsen;Minoritataj, sed ne ĉiam minoraj;;;INTERNACIA LITERATURA FORUMO;lingvo;;anonco
19 - 1988;decembro;116;5-15;Kris Long;L’ iaman belon gardi por l’ estontoj;;;INTERNACIA LITERATURA FORUMO;literaturo;;anonco
19 - 1988;decembro;116;16-17;Arthur Schopenauer;Meditado pri vivo;Guido Holz;germana;BELETRO;prozo;;prozo tradukita
19 - 1988;decembro;116;17;Rainer M. Rilke;Ĉar, Di’…;István Ertl;germana;BELETRO;poemo;;poezio tradukita
19 - 1988;decembro;116;18-20;Gabriele D’ Annunzio;"El ""Senkulpulo""";Carlo Minnaja;itala;BELETRO;novelo;;poezio tradukita
19 - 1988;decembro;116;21-25;Bertilo Wennergren;Sekso en esperanto;;;LINGVISTIKO;eseo;;eseo originala
19 - 1988;decembro;116;26-27;Giorgio Silfer;Ora Team’ el Slovakio;;;INTERVJUO;intervjuo;;intervjuo
19 - 1988;decembro;116;28-30;Eli Urbanová;Sub la signo de la praga skolo;;;KOMENTARIO;diskuto;;eseo originala
19 - 1988;decembro;116;31-33;Giorgio Silfer;Ne estetika avangardo, sed… pracela ariergardo;;;KOMENTARIO;diskuto;;eseo originala
19 - 1988;decembro;116;34-36;István Nemere;La kokido;;;BELETRO;novelo;;prozo originala
19 - 1988;decembro;116;37;Reto Rossetti;Vinjeto;;;BELETRO;prozo;;prozo originala
19 - 1988;decembro;116;38-40;Jevhen Pluĵnyk;"""Aŭskulti l’ universon""";Olga Kerzjuk;ukraina;REDAKCIE;datreveno;;anonco
19 - 1988;decembro;116;41;Kris Long;"""Aŭskulti l’ universon"" (komentario)";;;REDAKCIE;datreveno;;anonco
19 - 1988;decembro;116;42-43;Ada Csiszár;Kalocsay la instruanto;;;BELETRO;eseo;;prozo originala
19 - 1988;decembro;116;44-46;Carlo Minnaja;Abunde kaj redunde;;;EN VITRINO;recenzo;Josef Rumler (1986), Abunde kaj redunde;recenzo
19 - 1988;decembro;116;46;Emilija Lapenna;Doktoro Braun vivas en ni / Kripto;;;EN VITRINO;recenzo;Julian Modest (1987), Doktoro Braun vivas en ni / Kripto;recenzo
19 - 1988;decembro;116;47-48;Johán Valano;Invito al ĝojo;;;EN VITRINO;recenzo;Nikolin' (1987), Invito al ĝojo, (kasedo);recenzo
19 - 1988;decembro;116;48;Pascal Dubourg;Murdo en Esperantujo;;;EN VITRINO;recenzo;Daniel Moirand (1987), Murdo en Esperantujo;recenzo
19 - 1988;decembro;116;49-50;Gerrit Berveling;Beletro, sed ne el katedro;;;EN VITRINO;recenzo;Gaston Waringhien (1987), Beletro, sed ne el katedro;recenzo
20 - 1989;februaro;117;3;Kris Long;Prelude al la Privat-jaro;;;UVERTURO;artikolo;;poezio originala
20 - 1989;februaro;117;4-5;Giorgio Silfer;56-paĝan dankon al niaj abonantoj pro dudekjara kuniro;;;REDAKCIE;festo;;anonco
20 - 1989;februaro;117;6-9;Gaston Waringhien;"Enkonduko por ""La dek du noktoj de Satano""";;;BELETRO;fabelo;;prozo originala
20 - 1989;februaro;117;10-11;Giorgio Silfer;Por nia identeco: projekto INFAN;;;REDAKCIE;artikolo;;anonco
20 - 1989;februaro;117;12-20;Sten Johansson;La literaturo de la finnlandaj svedoj;;;ESEO;eseo;;eseo originala
20 - 1989;februaro;117;21-33;Tomasz Chmielik;Tamen ekestu enciklopedio…;;;BELETRO;artikolo;;poezio originala
20 - 1989;februaro;117;34-35;Giorgio Silfer;La Greziljono de oriento;;;INTERVJUO;intervjuo;;intervjuo
20 - 1989;februaro;117;36-37;Jirĵi Patera / Jaroslav Seifert / Perla Matinelli;Jirĵi Koĵinek migradis sola…;;;MEMORE PRI;funebro;;nekrologo
20 - 1989;februaro;117;38-40;G.Drobiz / Halina Goreĉka;Dzum, la ido de Apesto;"Literatura
Sekcio
de SvEK";rusa;BELETRO;rakonto;;prozo tradukita
20 - 1989;februaro;117;41-42;Herbert Mayer;Nova eldonejo naskiĝis en Vieno;;;ESEO;dokumento;;eseo originala
20 - 1989;februaro;117;43-44;Guido Holz;Amuza legado pri Til’ strigospegul’;;;EN VITRINO;recenzo;(1987), Amuza legado pri Til’ strigospegul’, tr. kaj ed. Rikardo Ŝulco;recenzo
20 - 1989;februaro;117;45-46;Walter Żelazny;Formoj de vizaĝo;;;EN VITRINO;recenzo;Tadeusz Różewicz (1987), Formoj de vizaĝo, tr. Tyburcjusz Tyblewski;recenzo
20 - 1989;februaro;117;47-48;Georgo Kamaĉo;Adiaŭ, Kuzko!;;;EN VITRINO;recenzo;Oldřich Knichal (1987), Adiaŭ, Kuzko!;recenzo
20 - 1989;februaro;117;49-51;Olga Kerzjuk;SFEROJ 5;;;EN VITRINO;recenzo;Diversaj aŭtoroj (1987), SFEROJ 5, Miguel Gutierrez Aduriz, red.;recenzo
20 - 1989;februaro;117;51;Rita Thyer;Baza Legolibro por komencantoj;;;DIDAKTIKO;recenzo;Vilmos Benczik, red. (1986), Baza Legolibro por komencantoj;recenzo
20 - 1989;februaro;117;52-53;Ed Borsboom;Sub cirkotendo;;;EN VITRINO;recenzo;Stan Bubenič (1988), Sub cirkotendo;recenzo
20 - 1989;februaro;117;53;Lina Gabrielli;Amo, Amoro, Adoro;;;EN VITRINO;recenzo;Mira Andrusiewicz (1987), Amo, Amoro, Adoro;recenzo
20 - 1989;februaro;117;54;Giorgio Silfer;1989: vage tra la esperantioj;;;REDAKCIE;dokumento;;anonco
20 - 1989;aprilo;118;3;Timothy Carr;Printempa triptiko;;;UVERTURO;poemo;;poezio originala
20 - 1989;aprilo;118;4-7;Rafael Blanco;La vaska literaturo;;;INTERNACIA LITERATURA FORUMO;prelego;;eseo originala
20 - 1989;aprilo;118;8-12;Bertilo Wennergren;La U-hoko;;;LINGVISTIKO;eseo;;eseo originala
20 - 1989;aprilo;118;13-15;Georgo Kamaĉo;Perfekta civitano;;;EN VITRINO;elzeviro;;recenzo
20 - 1989;aprilo;118;16-19;Nicolino Rossi;"El ""La tragedio napola""";;;BELETRO;poezio;;poezio originala
20 - 1989;aprilo;118;20-21;Giorgio Silfer;Ferenc Hegedüs: vulkano el ideoj;;;INTERVJUO;prozo;;intervjuo
20 - 1989;aprilo;118;22-23;Abel Montagut;Kial epopeoj?;;;KOMENTARIO;prozo;;prozo originala
20 - 1989;aprilo;118;24-26;Bernard Golden;Kriterioj por difini detektfikcion;;;ESEO;eseo;;eseo originala
20 - 1989;aprilo;118;27-33;Sándor Révész;Esperantio kaj novtipaj sociaj movadoj;;;KULTURPOLITIKO;eseo;;eseo originala
20 - 1989;aprilo;118;34-37;Charles Montesquieu;Kiel oni povas esti perso?;Guido Holz;franca;REDAKCIE;letero;;anonco
20 - 1989;aprilo;118;37;Konstantinos Kafavis;Termopilo;Gerrit Berveling;greka;BELETRO;poemo;;poezio tradukita
20 - 1989;aprilo;118;38-47;Sergej Drugalj / Halina Gorecka;Ĉiu arbo havas propran birdon;Aleksander Korĵenkov;rusa;BELETRO;novelo;;prozo tradukita
20 - 1989;aprilo;118;48-49;Giorgio Silfer;Esperanta sed ne Esperantia vortaro;;;LINGVISTIKO;vortaro;;anonco
20 - 1989;aprilo;118;50-51;Pierre Janton;La graveco de la fideliĝo;;;EN VITRINO;recenzo;Oscar Wilde (1987), La graveco de la fideliĝo, tr. William Auld;recenzo
20 - 1989;aprilo;118;52-53;Poul Thorsen;Karuseloj;;;EN VITRINO;recenzo;Sara Larbar (1987), Karuseloj;recenzo
20 - 1989;aprilo;118;53-54;W. A. Verloren van Thermaat;Abnne Frank ne estas de hieraŭ;;;INFANLITERATURO;recenzo;Mies Bouhuys (1988), Abnne Frank ne estas de hieraŭ, tr. Nora Bartels;recenzo
20 - 1989;aprilo;118;54;redakcie;Reto Rossetti 80-jara;;;NOVJARA SALUTO;datreveno;;anonco
20 - 1989;junio;119;3;Nicolino Rossi;La strigoj vin kunulas;;;UVERTURO;poemo;;poezio originala
20 - 1989;junio;119;4-5;Giorgio Silfer;Tarallo komponis por Nikolin’;;;MUZIKO;rakonto;;prozo originala
20 - 1989;junio;119;6-8;József Kiss Horváth;Pri toleremo kaj babela heredo;;;INTERVJUO;prozo;;intervjuo
20 - 1989;junio;119;9-12;Alberto Moravia;En mortohoro;Carlo Minnaja;itala;BELETRO;romano;;prozo tradukita
20 - 1989;junio;119;13-18;Sándor Révész;Esperanto kaj novtipaj sociaj movadoj (2);;;KULTURPOLITIKO;eseo;;eseo originala
20 - 1989;junio;119;19-21;Nikolaj Lozgaĉev;"Grafur Gazizi, poeto de ""Sezonoj""";;;BELETRO;eseo;;prozo originala
20 - 1989;junio;119;22-24;Aleksander Ĉumanov;Draĉjo;Aleksander Korĵenkov;rusa;BELETRO;rakonto;;prozo tradukita
20 - 1989;junio;119;24;Lina Gabrielli;Vivi, morti…;;;BELETRO;poemo;;poezio originala
20 - 1989;junio;119;25-35;Antonio Alonso Nunez;Galrga literaturo: ĉu socia spegulo?;;;INTERNACIA LITERATURA FORUMO;prelego;;eseo originala
20 - 1989;junio;119;36-37;Tazio Carlevaro;Li, ŝi, ĝi… formale aŭ semantike?;;;LINGVISTIKO;lingvo;;eseo originala
20 - 1989;junio;119;38-47;Serĝo Elgo;La blanka leporo;;;BELETRO;novelo;;prozo originala
20 - 1989;junio;119;48-49;Olga Kerzjuk;Enciklopedioj, intelektuloj…;;;KOMENTARIO;enciklopedio;;anonco
20 - 1989;junio;119;50;Nicolino Rossi;Bosniaj Elegioj;;;EN VITRINO;recenzo;Ranko Risojević (1986), Bosniaj elegioj, tr. Vesna Skaljer-Race;recenzo
20 - 1989;junio;119;51;István Nemere;SFEROJ 4;;;EN VITRINO;recenzo;Diversaj aŭtoroj, (1986), SFEROJ 4;recenzo
20 - 1989;junio;119;52-53;Georges Lagrange;Puphejmo;;;TEATRO;recenzo;Henrik Ibsen (1987), Puphejmo, tr. Odd Tangerud;recenzo
20 - 1989;junio;119;53;Nicole Pairoux;Sesdek du minutoj;;;MUZIKO;recenzo;Persone (1987), Sesdek du minutoj (kasedo);recenzo
20 - 1989;junio;119;54;Emilija Lapenna;Soifo;;;EN VITRINO;recenzo;Ivo Andrić (1988), Soifo, tr. Ladislav Režek;recenzo
20 - 1989;aŭgusto;120;3;Meva Maron;Radioj (anglaj impresoj);;;UVERTURO;prozo;;poezio originala
20 - 1989;aŭgusto;120;4;redakcie;Krono por brita reĝino;;;KONKURSFAKO;rezulto;;anonco
20 - 1989;aŭgusto;120;5;Krys Ungar;Antaŭ la madono;;;KONKURSFAKO;poemo;;poezio originala
20 - 1989;aŭgusto;120;6-8;Giorgio Silfer;Japano ĉe l’ Parnaso;;;MEMORE PRI;eseo;;nekrologo
20 - 1989;aŭgusto;120;9-16;Gabriel Mora i Arana;Per la poezio la lingvo, per la lingvo la poezio;;;INTERNACIA LITERATURA FORUMO;eseo;;eseo originala
20 - 1989;aŭgusto;120;17-18;Perla Martinelli;Progreso el Svedio;;;INTERVJUO;prozo;;intervjuo
20 - 1989;aŭgusto;120;19-22;Balázs Wacha;Plupo kaj lia trupo;;;INFANLITERATURO;fabelo;;prozo originala
20 - 1989;aŭgusto;120;23-26;Edgar Allan Poe;Aklamado;John I. Francis;angla;BELETRO;prozo;;prozo tradukita
20 - 1989;aŭgusto;120;27-29;Perla Martinelli;Lia bona lingvo;;;EN VITRINO;eseo / recenzo;;recenzo
20 - 1989;aŭgusto;120;30-31;Giorgio Silfer;Lappar la Antikristo;;;BELETRO;rakonto;;poezio originala
20 - 1989;aŭgusto;120;32;Pier Giorgio Soranzo;Senmorteco;;;BELETRO;poemo;;poezio originala
20 - 1989;aŭgusto;120;33-43;Kir Bulyĉjov;Tento;Nina Cvileneva;rusa;BELETRO;novelo;;prozo tradukita
20 - 1989;aŭgusto;120;45-46;Leendert C. Deij;Se bebo «babas»…;;;INFANLITERATURO;prozo;;prozo originala
20 - 1989;aŭgusto;120;47-50;Hans Grassegger;Asteriks… aŭ pri lingvoludoj;;;BILDLITERATURO;komikso;;prozo originala
20 - 1989;aŭgusto;120;52;Gerrit Berveling;Ŝanco por feliĉo;;;EN VITRINO;recenzo;Phil Bosmans (1988), Ŝanco por feliĉo, tr. Lydia Kerremans;recenzo
20 - 1989;aŭgusto;120;53-54;Georges Lagrange;La mortinta reĝino;;;TEATRO;recenzo;Henry de Montherlant (1986), La mortinta reĝino, tr. André Cherpillod;recenzo
20 - 1989;oktobro;121;3;Kris Long;Plonĝoj;;;UVERTURO;poemo;;poezio originala
20 - 1989;oktobro;121;4-5;Giorgio Silfer;Plej publika la Privata forumo;;;ESEO;historio;;eseo originala
20 - 1989;oktobro;121;6-10;Perla Martinelli;Edmond Privat kiel poeto;;;INTERNACIA LITERATURA FORUMO;eseo;;anonco
20 - 1989;oktobro;121;11-13;Giorgio Silfer;Dudek du por la dudekdua;;;INTERVJUO;teatro;;intervjuo
20 - 1989;oktobro;121;14-16;Olga Kerzjuk;Rande de Eŭropo;;;KONKURSFAKO;premio;;anonco
20 - 1989;oktobro;121;17;Nicole Pairoux;La gentofrato de Zamenhof;;;MUZIKO;artikolo;;eseo originala
20 - 1989;oktobro;121;18-20;Giorgio Silfer;La rezolucio de Perpinjano;;;KULTURPOLITIKO;dokumento;;eseo originala
20 - 1989;oktobro;121;21-26;Arthur Baur;La romanĉa literaturo;;;ESEO;prozo;;prozo originala
20 - 1989;oktobro;121;27-29;Boleslaw Leśmian;"el ""La framba veprejo""";Wojciech Usakiewicz;pola;BELETRO;poezio;;poezio tradukita
20 - 1989;oktobro;121;30-31;Giorgio Silfer;La unua poluso;;;HISTORIO;eseo;;eseo originala
20 - 1989;oktobro;121;32-34;Nino Vessella;La kuraĝo elekti Afrikon;;;BELETRO;eseo;;prozo originala
20 - 1989;oktobro;121;35-36;Euphhrase Kezilahabi;La rakonto de la maljunulo;Nino Vessella;svahila;BELETRO;poemo;;poezio tradukita
20 - 1989;oktobro;121;37-41;Janus Discone;"""Li ŝante on bel ŝante""… sed ne esperante";;;LINGVISTIKO;eseo;;eseo originala
20 - 1989;oktobro;121;43-47;Vsevolod Slukin kaj Jevgenij Kartaŝev;Furyk;Aleksander Korĵenkov;rusa;BELETRO;novelo;;prozo tradukita
20 - 1989;oktobro;121;48-49;Georges Lagrange;Kvinpetala kaj kvinjara / programo;;;REDAKCIE;datreveno;;anonco
20 - 1989;oktobro;121;50-51;Walter Żelazny;Ne ĉiam vane penanta artisto;;;MUZIKO;opinio;;eseo originala
20 - 1989;oktobro;121;52-53;Adriaan den Haan;Sub la signo de socia Muzo;;;KULTURPOLITIKO;recenzo;William Auld kaj Stefan Maul, red. (1987), Sub la signo de socia Muzo;recenzo
20 - 1989;oktobro;121;53;Pekka Virtanen;Vivi estas danĝere;;;EN VITRINO;recenzo;István Nemere (1988), Vivi estas danĝere;recenzo
20 - 1989;oktobro;121;54;Georges Lagrange;Ĵana ĉe la ŝtiparo;;;TEATRO;recenzo;Paul Claudel (1988), Ĵana ĉe la ŝtiparo, tr. André Cherpillod;recenzo
20 - 1989;decembro;122;3;Giorgio Silfer;Novjara salutmesaĝo de la prezidanto;;;REDAKCIE;historio;;anonco
20 - 1989;decembro;122;4;Giordano Falzoni;Originale por projekto INFAN;;;INFANLITERATURO;lulkanto / poemo;;poezio originala
20 - 1989;decembro;122;6-8;Perla Martinelli;"Esperanto kreas ""la lokon preter la disigo""";;;INTERVJUO;prozo;;intervjuo
20 - 1989;decembro;122;9-10;Nikolaj Lozgaĉev;Anna Aĥmatova: anno Domini MCMXXI kaj poste;;;REDAKCIE;eseo;;anonco
20 - 1989;decembro;122;11-14;Anna Aĥmatova;Requiem 1935-1940;Nikolaj Lozgaĉev;rusa;REDAKCIE;historio;;anonco
20 - 1989;decembro;122;15-16;redakcie;Esperantio bezonas sian perestrojkon;;;KULTURPOLITIKO;dokumento;;eseo originala
20 - 1989;decembro;122;17-18;Gaston Waringhien;La traduka ĉefverko de G. Lagrange;;;TEATRO;teatraĵo;Jean Racine (1988), La tragedio, tr. Georges Lagrange;teatro originala
20 - 1989;decembro;122;19-25;François Degoul;La majstro de interpopola konduto (1);;;INTERNACIA LITERATURA FORUMO;eseo;;anonco
20 - 1989;decembro;122;26;Heinz Kahlau;Kaj ni solas…;István Ertl;germana;BELETRO;poezio;;poezio tradukita
20 - 1989;decembro;122;27-29;Pekka Virtanen;Trajno;;;BELETRO;novelo;;prozo originala
20 - 1989;decembro;122;31-33;Nicole Margot;Kiel raŭmigi informilon;;;BELETRO;dokumento;;poezio originala
20 - 1989;decembro;122;34-35;Michel Tournier;Pri la misio de verkisto;Giulio Cappa;franca;BELETRO;eseo;;prozo tradukita
20 - 1989;decembro;122;36;W. A. Verloren van Thermaat;Kial ne epopeoj?;;;KOMENTARIO;artikolo;;eseo originala
20 - 1989;decembro;122;37-42;Aleksandr Gorbovskij;Laŭ la sistemo de Stanislavski;Andrej Parfentjev;rusa;BELETRO;sciencfikcia rakonto;;prozo tradukita
20 - 1989;decembro;122;43-44;Reto Rossetti;Kion li povis fari pli;;;KOMENTARIO;lingvistiko;;eseo originala
20 - 1989;decembro;122;45-47;Roland Levreaud;"La franca ""Dom-fabriko""";;;LINGVISTIKO;lingvo;;eseo originala
20 - 1989;decembro;122;48-49;Tazio Carlevaro;Dum vi estis kun ni;;;EN VITRINO;recenzo;István Nemere (1988), Dum vi estis kun ni;recenzo
20 - 1989;decembro;122;50;Giorgio Silfer;Cent jaroj de Esperanto-kulturo;;;HISTORIO;recenzo;Klaus Perko, red. (1989), Cent jaroj de Esperanto-kulturo;recenzo
20 - 1989;decembro;122;51;Leif Nordenstorm;Jula lando;;;MUZIKO;recenzo;Nikolin' (1988), Jula lando, tr. G. Silfer kaj aliaj;recenzo
20 - 1989;decembro;122;52-53;W. P. Roelofs;Dirdri kaj la filoj de Usnaĥ;;;KOMENTARIO;recenzo;Adriaan Roland Holst (1988), Dirdri kaj la filoj de Usnaĥ, tr. Christian Declerck;recenzo
20 - 1989;decembro;122;53-54;W. A. Verloren van Thermaat;Trifolio;;;EN VITRINO;recenzo;Gerrit Berveling (1988), Trifolio;recenzo
20 - 1989;decembro;122;54;Ferenc Hegedüs;Koko kantisto kokerikisto;;;INFANLITERATURO;recenzo;Petras Cvirka (1987), Koko kantisto kokerikisto, tr. Adomas Vaitilavicius;recenzo
21 - 1990;februaro;123;3;Carlos A. Castrillón;Proksime de vi;;;UVERTURO;poemo;;poezio originala
21 - 1990;februaro;123;4-7;Pierre Ullman;Li ne konfuzis anestezion kun espero…;;;KONKURSFAKO;dokumento;;anonco
21 - 1990;februaro;123;9-10;Giorgio Silfer;Samuel Becket: leciono neglektita;;;TEATRO;esperanto-teatro;;teatro originala
21 - 1990;februaro;123;11-15;István Ertl;Du plus unu libroj, kiujn vi neniam legos;;;KOMENTARIO;eseo;;eseo originala
21 - 1990;februaro;123;16-19;Ferenc Temesi;Mia avo inter esperantoj;István Ertl;hungara;BELETRO;eseo;;prozo tradukita
21 - 1990;februaro;123;21-22;Jean Thierry;Marga Rineta, la ĝoja podie;;;MEMORE PRI;eseo;;nekrologo
21 - 1990;februaro;123;24-26;Giorgio Silfer;Pri la nocio de neologismo;;;ESPERANTOLOGIO;lingvistiko;;eseo originala
21 - 1990;februaro;123;27-28;Perla Martinelli;La danĝera lingvo de 1895 al Ceausescu;;;INTERVJUO;intervjuo;;intervjuo
21 - 1990;februaro;123;29-32;Giorgio Silfer;Birthe Lapenna: falka krifo el kolomba plumaro;;;INTERVJUO;intervjuo;;intervjuo
21 - 1990;februaro;123;33-38;François Degoul;La majstro de interpopola konduto (2);;;INTERNACIA LITERATURA FORUMO;eseo;;anonco
21 - 1990;februaro;123;39-43;Ralph Dumain;Inter priskriboj kaj nepriskribindo;;;LINGVISTIKO;eseo;;eseo originala
21 - 1990;februaro;123;45-47;Bernard Golden;Vipe al PIV;;;LINGVISTIKO;eseo;;eseo originala
21 - 1990;februaro;123;49;Horacio;Satiro, I.8;Gerrit Berveling;latino;HISTORIO;poemo;;poezio tradukita
21 - 1990;februaro;123;50-51;Perla Martinelli kaj Roger Bernard;Nur per amo el «nia» Parizo;;;LA SEPA ARTO;kasedo;;anonco
21 - 1990;februaro;123;52;Giorgio Silfer;La finna vojo;;;EN VITRINO;recenzo;Urho Kalevi Kekkonen (1989), La finna vojo;recenzo
21 - 1990;februaro;123;53-54;Giordano Falzoni;Itala Antologio (XIII-XIX jarcentoj);;;EN VITRINO;recenzo;Giordano Azzi, red. (1987), Itala Antologio (XIII-XIX jarcentoj);recenzo
21 - 1990;februaro;123;54;Georges Lagrange;Vojaĝoj finiĝas, amantoj kuniĝas;;;EN VITRINO;recenzo;Manjo Austin (1988), Vojaĝoj finiĝas, amantoj kuniĝas;recenzo
21 - 1990;aprilo;124;3;Krys Ungar;Ne revis mi;;;UVERTURO;poemo;;poezio originala
21 - 1990;aprilo;124;4-5;Giordano Falzoni;Voĉo esperanta por la luno de Fellini;;;LA SEPA ARTO;filmo;;eseo originala
21 - 1990;aprilo;124;6;Giorgio Silfer;Kino;;;LA SEPA ARTO;filmo;;eseo originala
21 - 1990;aprilo;124;7-9;Silvina Ocampo;La kelo;Liven Deck;hispana;BELETRO;prozo;;prozo tradukita
21 - 1990;aprilo;124;10-11;Jaufre Rudel;Kiam la tagoj longas maje;Abel Montagut;okcitana;BELETRO;poezio;;poezio tradukita
21 - 1990;aprilo;124;12-15;Leendert C. Deij;Tro proksimas tiu dista…;;;ESEO;eseo;;eseo originala
21 - 1990;aprilo;124;16-19;W. A. Verloren van Thermaat;La mitaj lingvoj de Stefan George;;;PLANLINGVISTIKO;eseo;;eseo originala
21 - 1990;aprilo;124;20;Gerrit Berveling;Ree pri epopeoj;;;KOMENTARIO;artikolo;;eseo originala
21 - 1990;aprilo;124;21-23;Carlo Minnaja;Nia ŝuldo al Herbert Mayer;;;EN VITRINO;eseo;;recenzo
21 - 1990;aprilo;124;24-33;Tazio Carlevaro;Tiĉino kaj tiĉinanoj;;;KULTURPOLITIKO;eseo;;eseo originala
21 - 1990;aprilo;124;34;redakcie;Plia petalo firmiĝis;;;BELETRO;dokumento;;poezio originala
21 - 1990;aprilo;124;35-36;Giorgio Silfer;Pri la 15a regulo;;;ESPERANTOLOGIO;lingvistiko;;eseo originala
21 - 1990;aprilo;124;37-46;Blazio Vaha;Esperanto kiel lingvo heredata;;;DIDAKTIKO;denaskismo;;eseo originala
21 - 1990;aprilo;124;47-48;Giorgio Silfer;La voĉo de La Vojnodo;;;INTERVJUO;intervjuo;;intervjuo
21 - 1990;aprilo;124;49;Georges Lagrange;Kromosomoj;;;EN VITRINO;recenzo;Lorjak (1989), Kromosomoj;recenzo
21 - 1990;aprilo;124;50;Giordano Falzoni;Bestareto;;;INFANLITERATURO;recenzo;Franz-Georg Rössler (1988), Bestareto;recenzo
21 - 1990;aprilo;124;51;Nicolino Rossi;Antologio de la Moderna Bosnia-Hercegovina novelo;;;EN VITRINO;recenzo;(1989), Antologio de la Moderna Bosnia-Hercegovina novelo, kompilis Gemaludin Aliĉ;recenzo
21 - 1990;aprilo;124;53-54;redakcie;Itinero por via somero;;;ESEO;dokumento;;eseo originala
21 - 1990;junio;125;3;Lucian Blaga;Transcenda pejzaĝo;Ionel Onet;rumana;UVERTURO;poemo;;poezio tradukita
21 - 1990;junio;125;4-5;Giorgio Silfer;La rolo de bibliotekoj en nia komunumo;;;INTERNACIA LITERATURA FORUMO;dokumento;;anonco
21 - 1990;junio;125;6-8;Gaston Waringhien;Post la kulisoj de la satanaj noktoj…;;;ESEO;respondo;;eseo originala
21 - 1990;junio;125;9-17;Aleksander Fjodorov;Enrigardi universon;;;EN VITRINO;eseo;;recenzo
21 - 1990;junio;125;18-22;Dino Buzzati;La ĉampionegoj;Giorgio Silfer;itala;BELETRO;novelo;;prozo tradukita
21 - 1990;junio;125;24-25;Ŝtefo Urban;La lasta tago;;;BELETRO;sciencfikcio;;prozo originala
21 - 1990;junio;125;26-31;Kris Long;"""La lasta"" idisto";;;ESEO;eseo;;eseo originala
21 - 1990;junio;125;32-34;Perla Martinelli;Artefarita lingvo: nia lasta espero;;;INTERVJUO;intervjuo;;intervjuo
21 - 1990;junio;125;35;Ljubomir Trifonĉovski;Scenaro por ombroteatro;;;BELETRO;teatro;;teatro originala
21 - 1990;junio;125;36-38;Giorgio Silfer;Landnoma listo, eterna tristo;;;ESPERANTOLOGIO;lingvistiko;;eseo originala
21 - 1990;junio;125;39-42;Blazio Vaha;La aglutinaj lingvoj;;;LINGVISTIKO;eseo;;eseo originala
21 - 1990;junio;125;43-47;ĝenerala Asembleo de LF-koop;Defie al la 90aj: la raŭma alternativo;;;KULTURPOLITIKO;historio;;eseo originala
21 - 1990;junio;125;48;Timothy Carr;El la fronto;;;BELETRO;poemo;;poezio originala
21 - 1990;junio;125;49-50;Georgo Kamaĉo;Enlumiĝo de Albert Goodheir;;;EN VITRINO;recenzo;Albert Goodheir (1987), Enlumiĝo;recenzo
21 - 1990;junio;125;50-51;Henriette Beaupaul;Nigra magio;;;EN VITRINO;recenzo;Deck Dorval kaj Christian Declerck (1988), Nigra magio;recenzo
21 - 1990;junio;125;52-53;Pierre L. Ullman;La stultaj infanoj;;;EN VITRINO;recenzo;Ana Maria Matute (1989), La stultaj infanoj, tr. Liven Dek;recenzo
21 - 1990;junio;125;54;Giorgio Silfer / István Ertl / la redakcio;Du plus unu cifero…;;;KOMENTARIO;komentario;;eseo originala
21 - 1990;aŭgusto;126;3;Krys Ungar;Nokturno II;;;UVERTURO;poemo;;poezio originala
21 - 1990;aŭgusto;126;4-9;István Ertl;Konsolo por la ĉiutaga esto;;;LA SEPA ARTO;filmo;Wim Wenders, reĝisoro (1987), Der Himmel über Berlin / La ĉielo super Berlino;eseo originala
21 - 1990;aŭgusto;126;10-12;Séan Osborne;Ora Team’: antaŭsento de nova epoko;;;EN VITRINO;muziko;;recenzo
21 - 1990;aŭgusto;126;13-17;Georges Lagrange;Gaston la humuristo;;;INTERNACIA LITERATURA FORUMO;eseo;;anonco
21 - 1990;aŭgusto;126;18-19;redakcie;Solen’ lanĉas novan ĝenron: ferakonto;;;INTERVJUO;intervjuo;;intervjuo
21 - 1990;aŭgusto;126;20-21;Jarlo Martelmonto;Adade: bunta vortmuziko;;;BELETRO;scenprezento;;teatro originala
21 - 1990;aŭgusto;126;22;Bertil Nilsson;KEF ’90: lastminute sed entute;;;ESEO;artikolo;;eseo originala
21 - 1990;aŭgusto;126;23-25;Kajsa Larsson;Kun Persone, persone;;;MUZIKO;kulturo;;eseo originala
21 - 1990;aŭgusto;126;26;István Nemere;Febro;;;BELETRO;noveleto;;prozo originala
21 - 1990;aŭgusto;126;27-29;Giorgio Silfer;Ni estas homoj, ĉar parto de la naturo;;;KULTURPOLITIKO;eseo;;eseo originala
21 - 1990;aŭgusto;126;31-34;József Kiss Horváth;La digno de la specifeco;;;ESEO;eseo;;eseo originala
21 - 1990;aŭgusto;126;35;János Arany;Toldi de János Arany;;;KOMENTARIO;recenzo;János Arany (1989), Toldi, tr.  Márton Fejes;recenzo
21 - 1990;aŭgusto;126;36-37;Johannes V. Jensen;Taŭro de cimbroj;;;BELETRO;poemo;;poezio originala
21 - 1990;aŭgusto;126;38-41;Giorgio Silfer;Kiel traduki urbonomojn;;;ESPERANTOLOGIO;lingvistiko;;eseo originala
21 - 1990;aŭgusto;126;42-43;Anna Löwenstein;"Pri ""kontraŭakademio""";;;KOMENTARIO;letero;;prozo originala
21 - 1990;aŭgusto;126;44;Claude Gacond;Invito por aliĝi al kontraŭ-akademio;;;KOMENTARIO;letero/respondo;;prozo originala
21 - 1990;aŭgusto;126;45-48;Giorgio Silfer;El la notoj de lingvisto Handerlung;;;BELETRO;lingvistiko;;prozo originala
21 - 1990;aŭgusto;126;49;Giulio Cappa;Esperanta Songazeto 7;;;ESEO;prezento;LF-koop (1989), Esperanta Songazeto 7 (kasedo);eseo originala
21 - 1990;aŭgusto;126;50-51;Nikolaj Lozgaĉev;Ne ekzistas profeto en propra soveto;;;KOMENTARIO;komentario;;eseo originala
21 - 1990;aŭgusto;126;52-53;Stefan MacGill;Esperanto for hope;;;KOMENTARIO;recenzo;Máire Mullarney (1989), Esperanto for hope;recenzo
21 - 1990;aŭgusto;126;54;Georges Lagrange;Inter lingva kaj tegmenta angulo…;;;BELETRO;dokumento;;poezio originala
21 - 1990;oktobro;127;3;Nicolino Rossi;Trepidaj svingoj de flamengoj;;;UVERTURO;poemo;;poezio originala
21 - 1990;oktobro;127;4-9;Krys Ungar;Florbukedo el angla ĝardeno;;;INTERNACIA LITERATURA FORUMO;poemoj;;poezio originala
21 - 1990;oktobro;127;10-18;Timothy Carr;La lingvo, la poet’ kaj la cetero…;;;ESEO;eseo;;eseo originala
21 - 1990;oktobro;127;19-21;Keyhan Sayadpour kaj Djavad Kamali;Ferdosi la poeto paradiza;;;REDAKCIE;eseo;;anonco
21 - 1990;oktobro;127;20;Administra Komitato;Ĝenerala asembleo de LF-koop;;;REDAKCIE;asembleo, dokumento;;anonco
21 - 1990;oktobro;127;22-25;István Ertl;Niaj satanaj versoj;;;EN VITRINO;eseo;;recenzo
21 - 1990;oktobro;127;26-27;Aleksander Korĵenkov;Konfetoj el blanka magio;;;HUMURO;artikolo;;eseo originala
21 - 1990;oktobro;127;28-30;Giorgio Silfer;Tritrafa Trifo;;;INTERVJUO;intervjuo;;intervjuo
21 - 1990;oktobro;127;31-34;Stefan MacGill;Pri gramatikoj;;;ESEO;lingvistiko;;eseo originala
21 - 1990;oktobro;127;35-37;Giorgio Silfer;Kion la dekstra faras, tion la maldekstra ne sciu!;;;ESPERANTOLOGIO;gramatiko;;eseo originala
21 - 1990;oktobro;127;38-39;Perla Martinelli;Restu tajloro ĉe sia laboro;;;KULTURPOLITIKO;letero;;prozo originala
21 - 1990;oktobro;127;40-42;Kris Long;Sub dubnub’… aŭ pretere?;;;HISTORIO;eseo;;eseo originala
21 - 1990;oktobro;127;43-46;Tazio Carlevaro;La ignorata kuzo;;;KOMENTARIO;eseo;;eseo originala
21 - 1990;oktobro;127;47-49;Giorgio Silfer;Pli viglas delfeno ol granda baleno;;;ESEO;eseo;;eseo originala
21 - 1990;oktobro;127;50-51;Giampiero Di Censo;Oktavia, aŭ pri senkompato;;;HISTORIO;teatraĵo;;teatro originala
21 - 1990;oktobro;127;53;Krys Ungar;La skoldinda svedineto;;;INFANLITERATURO;recenzo;Siw Widerberg, bildoj de Cecilia Torudd (1988), La knabino, kiu ne volis iri al la infanejo, tr. Malte Markheden;recenzo
21 - 1990;oktobro;127;54;redakcie;La Kvinpetalo;;;REDAKCIE;programo;;anonco
21 - 1990;decembro;128;3, 54;Giorgio Silfer;Novjara mesaĝo de la prezidanto;;;REDAKCIE;bondeziro;;anonco
21 - 1990;decembro;128;4-6;Sergio Elgo;"el ""La nokto de la ezoko""";;;BELETRO;krimromano;;poezio originala
21 - 1990;decembro;128;7-9;Ĵanna Ŝtipelmann;Uragan’ ŝvebe baldaŭa;;;BELETRO;taglibro/letero;;prozo originala
21 - 1990;decembro;128;10-11;Nikolaj Lozgaĉev;Strofoj sur paperaj kolombetoj;;;BELETRO;eseo;;poezio originala
21 - 1990;decembro;128;12-20;Aleksander Fjodorov;Preter piramidoj;;;KULTURPOLITIKO;eseo;;eseo originala
21 - 1990;decembro;128;21-25;Jan Skorupski;La longa marŝo de Lech Walesa;;;INTERVJUO;intervjuo;;intervjuo
21 - 1990;decembro;128;26, 30;Ionel Onet;Decembre;;;HISTORIO;antologio;;eseo originala
21 - 1990;decembro;128;27;Anatolo Gonĉarov;Superi originalon: ĉu eble?;;;KOMENTARIO;eseo;;eseo originala
21 - 1990;decembro;128;28-29;redakcie;Kalendaro por studa jaro;;;REDAKCIE;programo;;anonco
21 - 1990;decembro;128;31;Krys Ungar;Nataŝa;;;BELETRO;poemo;;poezio originala
21 - 1990;decembro;128;32;Lilli Promet;Amletero;Antonina Apollo;estona;INFANLITERATURO;noveleto;;prozo tradukita
21 - 1990;decembro;128;33-34;Miguel Fernández;Sur la ondo de la Sesdekoka;;;INFANLITERATURO;fabelo;Astrid Lindgren (1989), Pipi Strumpolonga, tr. Sven Alexandersson;prozo originala
21 - 1990;decembro;128;35-40;J. Machado de Assis;Kristnaska meso;Glauco Rodrigues Corrêa;portugala;REDAKCIE;festo;;anonco
21 - 1990;decembro;128;41-42;Robert Alberg;Tiele parolis Jesuo;;;LINGVISTIKO;religio;;eseo originala
21 - 1990;decembro;128;43;Adriaan den Haan;Jen laŭda jen paŭta… pri vekhorloĝo laŭta;;;ESEO;artikolo;;eseo originala
21 - 1990;decembro;128;44-54;Timothy Carr;La lingvo, la poet’ kaj la cetero (2);;;ESEO;eseo;;eseo originala
22 - 1991;februaro;129;3;Julio Baghy;En Svislando;;;UVERTURO;poemo;;poezio originala
22 - 1991;februaro;129;4-15;Krys Ungar;La virinoj de Kalocsay kaj Auld;;;BELETRO;eseo;;prozo originala
22 - 1991;februaro;129;16;Georgo Kamaĉo;Alian opinion…;;;KOMENTARIO;opinio;;eseo originala
22 - 1991;februaro;129;17-20;Julian Modest;La aŭtobuso de la eterneco;;;BELETRO;novelo;;prozo originala
22 - 1991;februaro;129;21-24;Giorgio Silfer;Jana Flego: la kroma voĉo;;;INTERVJUO;intervjuo;;intervjuo
22 - 1991;februaro;129;25-26;Benjamin Constant;Portreto de unika virino;Giorgio Silfer;franca;REDAKCIE;prozo;;anonco
22 - 1991;februaro;129;27-36;Leo Tolstoj;Lucerno;Andy E. Künzli;rusa;BELETRO;eseo;;prozo tradukita
22 - 1991;februaro;129;37;Haim Hefer;Ruĝa rok’;Amri Wandel;hebrea;ESEO;muziko/kanto;;eseo tradukita
22 - 1991;februaro;129;38-39;Giorgio Silfer;Ne ĉiu fojo kondukas al komo…;;;ESPERANTOLOGIO;lingvistiko;;eseo originala
22 - 1991;februaro;129;40-45;Poul Thorsen;En la ombro de granda idealisto;;;HISTORIO;eseo;;eseo originala
22 - 1991;februaro;129;46-47;W. A. Verloren van Thermaat;Loziĝo de lingva lojaleco;;;LINGVISTIKO;lingvistiko;;eseo originala
22 - 1991;februaro;129;48-52;Seán Osborne;Harpa pinĉo por tenora kanto;;;MUZIKO;muziko;;eseo originala
22 - 1991;februaro;129;54;Marinette Lambert;Ŝparo kaj plano servas al sano;;;REDAKCIE;programo;;anonco
22 - 1991;aprilo;130;3;Octavio Paz;Tri notoj / Rotacioj;Carlos Castrillón;hispana;UVERTURO;enigmo;;poezio tradukita
22 - 1991;aprilo;130;4-7;Pierre L. Ullman;La poeto de l’ eterna nuno;Giordano Falzoni;hispana;KONKURSFAKO;eseo;;eseo tradukita
22 - 1991;aprilo;130;8-9;Gaston Waringhien;Pri arto kaj naturo;;;EN VITRINO;eseo;;recenzo
22 - 1991;aprilo;130;11-14;Giorgio Silfer;Julio kaj Kolomano: rivale aŭ rivalte?;;;INTERNACIA LITERATURA FORUMO;eseo;;anonco
22 - 1991;aprilo;130;15-19;Josif Brodskij;Elegio kvara (vintra);Kris Long;rusa;BELETRO;poezio;;poezio tradukita
22 - 1991;aprilo;130;20;redakcie;Esperanto-Festo ĉe la Vojnodo;;;REDAKCIE;programo;;anonco
22 - 1991;aprilo;130;21-23;Giorgio Silfer;Paca drak’ fluganta;;;INTERVJUO;intervjuo;;intervjuo
22 - 1991;aprilo;130;24;Leendert Deij;Mia kajto;;;INFANLITERATURO;poemo;;poezio originala
22 - 1991;aprilo;130;25-28;Seán Osborne;Birdo el papero;;;MUZIKO;eseo;;eseo originala
22 - 1991;aprilo;130;29-40;Lev Tolstoj;Lucerno (2);Andy E. Künzli;rusa;BELETRO;novelo;;prozo tradukita
22 - 1991;aprilo;130;41-42;Boris Golzman;Remeoru min per vort’ fidela;;;REDAKCIE;eseo;;anonco
22 - 1991;aprilo;130;43-45;Claude kaj Andrée Gacond;Forte, kuraĝe kaj… tuj originale!;;;DIDAKTIKO;dialogo;;eseo originala
22 - 1991;aprilo;130;46-47;Nikolaj Lozgaĉev;La olda gasto Alen Kris;;;BELETRO;eseo;;poezio originala
22 - 1991;aprilo;130;48-53;Bernard Golden;"Traktato pri la ""nigra punkto""";;;LINGVISTIKO;eseo;;eseo originala
22 - 1991;aprilo;130;54;redakcie;Kien ajn mi iru, mi iros al Esperantio;;;REDAKCIE;programo;;anonco
22 - 1991;junio;131;3;Johan Hammond Rosbach;Sur la benko;;;UVERTURO;poemo;;poezio originala
22 - 1991;junio;131;4-6;Blazio Vaha;Laŭ lulo plej diaspora;;;MUZIKO;eseo;;eseo originala
22 - 1991;junio;131;7;Blazio Vaha;Interesis la esperanta sonsistemo Nikolina;;;FILOZOFIO;prononcado;;eseo originala
22 - 1991;junio;131;8-14;Abel Montagut;Kálmán Kalocsay la heksametristo;;;INTERNACIA LITERATURA FORUMO;eseo;;anonco
22 - 1991;junio;131;15-17;Giorgio Silfer;Legu tri, pagu du…;;;ESEO;eseo;;eseo originala
22 - 1991;junio;131;18-23;Sten Johansson;Feke, fike… diable fake!;;;BELETRO;eseo;;prozo originala
22 - 1991;junio;131;24;Nikolaj Lozgaĉev;La printempa koncerto;;;INFANLITERATURO;poemo;;poezio originala
22 - 1991;junio;131;25-26;Walter Klag;La kvina lingvo en hungara altlernejo;;;INTERVJUO;intervjuo;;intervjuo
22 - 1991;junio;131;27-29;Tazio Carlevaro;700 jaroj… ĉu plue?;;;REDAKCIE;historio;;anonco
22 - 1991;junio;131;30-35;Claude Gacond;La utopio ĉe l’ koro de Eŭropo;;;REDAKCIE;eseo / historio;;anonco
22 - 1991;junio;131;36-38;Poul Thorsen;Orm, ruĝa vikingo en verda versio;;;ESEO;eseo;;eseo originala
22 - 1991;junio;131;39-40;Giorgio Silfer;La trezoro de l’ piRetoj;;;BELETRO;eseo;;prozo originala
22 - 1991;junio;131;41-43;Kris Long;Liberigi la homon de si mem;;;EN VITRINO;eseo;;recenzo
22 - 1991;junio;131;44-46;Claude Gacond kaj Andrée Gacond;La du internaciecoj de nia lingvo;;;DIDAKTIKO;lingvistiko;;eseo originala
22 - 1991;junio;131;47-49;Giorgio Silfer;La komputa kompoto;;;ESPERANTOLOGIO;lingva demando;;eseo originala
22 - 1991;junio;131;50-54;André Albault;Onomastiko kaj la Akademio;;;LINGVISTIKO;eseo;;eseo originala
22 - 1991;aŭgusto;132;3;Nicolino Rossi;Epitafe por Imma;;;UVERTURO;poemo;;poezio originala
22 - 1991;aŭgusto;132;4-5;Vilmos Benczik;Julio kaj Kolomano: ĉu (nur) poeto-fratoj?;;;INTERNACIA LITERATURA FORUMO;programo;;anonco
22 - 1991;aŭgusto;132;6-8;Giorgio Silfer;10a Internacia Literatura Forumo;;;INTERNACIA LITERATURA FORUMO;programo;;anonco
22 - 1991;aŭgusto;132;9-10;Gaston Waringhien;Nur unu pafo, sed… kalibro 90!;;;BELETRO;artikolo;;prozo originala
22 - 1991;aŭgusto;132;11-15;Upendronath Gangopaddhoae;"El la romano ""Klera edzino""";Probal Daŝgupta;bengala;BELETRO;romano;;poezio tradukita
22 - 1991;aŭgusto;132;16-19;Probal Daŝgupta;Upendronath, amiko de Tagore;;;BELETRO;romano;;prozo originala
22 - 1991;aŭgusto;132;20-24;Ed Borsboom;Margarete Saxl, eminenta nekonato;;;HISTORIO;eseo;;eseo originala
22 - 1991;aŭgusto;132;25-28;Giorgio Silfer kaj Blazio Vaha;En Eŭropo tie.. nia mefista reĝisoro;;;INTERVJUO;filmo;;intervjuo
22 - 1991;aŭgusto;132;29-33;Claude Gacond;De Napoleono al Pellegrino Rossi;;;REDAKCIE;eseo;;anonco
22 - 1991;aŭgusto;132;34-38;Poul Thorsen kaj Jeffrei Henriksen;Danca nokto;;;KULTURPOLITIKO;eseo;;eseo originala
22 - 1991;aŭgusto;132;39-41;Claude kaj Andrée Gacond;La didaktiko de la bunteco;;;DIDAKTIKO;lingvistiko;;eseo originala
22 - 1991;aŭgusto;132;42-45;W. A. Verloren van Thermaat;Pledo por akuzat(iv)o;;;KOMENTARIO;lingvistiko;;eseo originala
22 - 1991;aŭgusto;132;46;Reto Rossetti;Trezoro aŭ tre… zorgo?;;;KOMENTARIO;debato;;eseo originala
22 - 1991;aŭgusto;132;47;Giorgio Silfer;Trezoro aŭ tre… zorgo? (respondo);;;KOMENTARIO;respondo;;eseo originala
22 - 1991;aŭgusto;132;48;Tazio Carlevaro;Enigmoj, ne tragedio;;;PLANLINGVISTIKO;recenzo;(1991), La naskiĝo de Ido. Aŭ tragedio en la planlingva movado. Prezento de leteroj de Louis Couturat al Hugo Schuchardt (1901-1914);recenzo
22 - 1991;aŭgusto;132;49-51;Perla Martinelli;Inter meritaj sigloj unu grava emeritiĝo;;;SPECIALE KCE;historio;;eseo originala
22 - 1991;aŭgusto;132;52-53;Giorgio Silfer;letero al s-ino Mireille Grosjean prezidantino de KCE kaj GEP;;;SPECIALE KCE;letero;;prozo originala
22 - 1991;aŭgusto;132;54;Suzanne Bourot;aĉeto de la tria domo por La Kvinpetalo;;;BELETRO;dokumento;;poezio originala
22 - 1991;oktobro;133;3;Jozefo Adalŝi;Promenante ĉe maro;;;UVERTURO;poemo;;poezio originala
22 - 1991;oktobro;133;4-9;Olga Kerzjuk;Unu vespero, unu mateno;;;BELETRO;prozo;;prozo originala
22 - 1991;oktobro;133;6;Erik von Hertzen;"La lasta kamasino (el ""Esperantolehti"")";;;;;;eseo originala
22 - 1991;oktobro;133;10;Sabira Stahlberg;Freŝa florbukedo el la fora nordo;;;EN VITRINO;recenzo;"Ahon Kukat (1991), Floroj de herbejo. Versoj kaj fotoj
de Reino Eriksson kaj Kai Jäderholm";recenzo
22 - 1991;oktobro;133;11-16;Ada Csiszár;Centjara estus jam la koro;;;INTERNACIA LITERATURA FORUMO;eseo;;anonco
22 - 1991;oktobro;133;17-21;Probal Daŝgupta;Pri Klera edzino de Upendronath (2);;;ESEO;eseo;;eseo originala
22 - 1991;oktobro;133;22;redakcie;Novaĵoj dirITaj kaj dirOTaj;;;REDAKCIE;dokumento;;anonco
22 - 1991;oktobro;133;23-25;Atrhur Baur;Mi faras hodiaŭ mian lastan disaŭdigon,;;;ESEO;historio;;eseo originala
22 - 1991;oktobro;133;26-27;G. F. Makkink;SE plus infinitivo;;;ESPERANTOLOGIO;lingvistiko;;eseo originala
22 - 1991;oktobro;133;28-29;Giorgio Silfer;Kia lingvo por Dancas kun lupoj?;;;LA SEPA ARTO;filmo;;eseo originala
22 - 1991;oktobro;133;30;redakcie;Stipendio Ivo Lapenna;;;PLANLINGVISTIKO;dokumento;;eseo originala
22 - 1991;oktobro;133;31-35;Leenart Deij;Pri la vetero kaj cetero;;;LINGVISTIKO;eseo;;eseo originala
22 - 1991;oktobro;133;36-37;Giorgio Silfer;Carlo Goldoni en verda livreo;;;TEATRO;opinio;;teatro originala
22 - 1991;oktobro;133;38-43;Claude Gacond;Paciga rolo de svisa generalo;;;REDAKCIE;eseo;;anonco
22 - 1991;oktobro;133;44-45;Poul Thorsen;Animo drivas en orienta amaro;;;EN VITRINO;recenzo;Masayuki Kuroda (1990), Animo drivas;recenzo
22 - 1991;oktobro;133;46-47;Nikolaj Lozgaĉev;Lino Pen(e)tristo;;;BELETRO;eseo;;poezio originala
22 - 1991;oktobro;133;48;redakcie;Proponitaj verkoj;;;ESEO;dokumento;;eseo originala
22 - 1991;oktobro;133;49-50;Julian Modest;Vi povas tieli nur dufoje;;;EN VITRINO;recenzo;István Nemere (1989), Vi povas morti nur dufoje;recenzo
22 - 1991;oktobro;133;51-53;Claude kaj Andrée Gacond;Kompreno kaj memoro forĝas lingvon el oro;;;DIDAKTIKO;lingvistiko;;eseo originala
22 - 1991;oktobro;133;54;Georges Lagrange;Ĉiam pli vasta temaro;;;BELETRO;dokumento;;poezio originala
22 - 1991;decembro;134;3;H. Hodler;Mesaĝo-rezigno;;;UVERTURO;mesaĝo;;anonco
22 - 1991;decembro;134;4-6;Perla Martinelli;Kun Waringhien en lia lasta tago;;;MEMORE PRI;eseo;;nekrologo
22 - 1991;decembro;134;7-9;Gaston Waringhien;Dudek paĝoj semajne por Dekamerono…;;;BELETRO;eseo;;poezio originala
22 - 1991;decembro;134;9;diversaj aŭtoroj;P.I.V.;;;MEMORE PRI;dokumento;;eseo originala
22 - 1991;decembro;134;10;Gaston Waringhien;Pri la rolo de la Akademio;;;BELETRO;letero;;prozo originala
22 - 1991;decembro;134;11;redakcie;Esperanta PEN-Centro;;;;redakcie;;anonco
22 - 1991;decembro;134;12-15;Giorgio Silfer;La orienta krizo ĉe la PEN-kongreso;;;REDAKCIE;kongreso;;anonco
22 - 1991;decembro;134;16;Nicolino Rossi;En vesto bunta sed mallarĝa;;;BELETRO;literaturo;;poezio originala
22 - 1991;decembro;134;17-18;Maria L. das Neves;Goncalo Neves, edzo kaj poeto;;;INTERNACIA LITERATURA FORUMO;literaturhistorio;;eseo originala
22 - 1991;decembro;134;19;Goncalo Neves;Maldiso;;;INTERNACIA LITERATURA FORUMO;poemo;;poezio originala
22 - 1991;decembro;134;20-23;Kris Long;Sub albrove tirita ĉapel’;;;REDAKCIE;eseo;;anonco
22 - 1991;decembro;134;24;Chris Declerck;Unua amo;;;BELETRO;poezio;;poezio originala
22 - 1991;decembro;134;25-27;Giorgio Silfer;Svisa prezidantino kun japana pojno;;;INTERVJUO;intervjuo;;intervjuo
22 - 1991;decembro;134;28-35;redakcie;Nia invito al optimismo;;;KULTURPOLITIKO;morala raporto;;anonco
22 - 1991;decembro;134;36-37;Kris Long;Spinoza el bazara strato;;;BELETRO;eseo;;prozo originala
22 - 1991;decembro;134;38-40;Isaac B. Singer;Sur la ĉaro;Tomasz Chmielik;jida;BELETRO;novelo;;prozo tradukita
22 - 1991;decembro;134;41-43;Tazio Carlevaro;Tomboj sen kruco;;;KULTURPOLITIKO;historio;;eseo originala
22 - 1991;decembro;134;44;Giorgio Silfer;Propono malfondi la honorkomitaton;;;ZAMENHOFOLOGIO;interveno;;eseo originala
22 - 1991;decembro;134;45-47;Marta Vaha (15-jara);La mirinda aventuro de cigana nokto;;;EN VITRINO;recenzo;Giorgio Silfer (1991), La Spegulo de Velodajo (laŭ bildoj de Stella Agostini);recenzo
22 - 1991;decembro;134;48-49;Georges Lagrange;Hantas min eterna demando…;;;TEATRO;recenzo;Angelo Beolco (Ruzante) 1990, Interparolo, tr. Carlo Minnaja;recenzo
22 - 1991;decembro;134;50-52;Claude kaj Andrée Gacond;Ĝis! Kaj eble bis…;;;DIDAKTIKO;lingvistiko;;eseo originala
22 - 1991;decembro;134;53;Andres Bickel;La (sepjar)centa stil-ekzerco;;;HUMURO;stilekzerco;;prozo originala
22 - 1991;decembro;134;54;redakcie;Bonvenon en la superjaro!;;;REDAKCIE;programo;;anonco
23 - 1992;februaro;135;3;Miguel Fernández Martín;Donu al mi l’ venenon de la dubo;;;UVERTURO;poemo;;poezio originala
23 - 1992;februaro;135;4-11;Giorgio Silfer;La trovo de Kolumbo;;;ESEO;eseo;;eseo originala
23 - 1992;februaro;135;12-14;Claude Gacond;La trista jubileo;;;HISTORIO;eseo;;eseo originala
23 - 1992;februaro;135;15-17;Julian Modest;La stranga sento;;;BELETRO;novelo;;prozo originala
23 - 1992;februaro;135;18-23;Isaac B. Singer;Sur la ĉaro (2);Tomasz Chmielik;jida;BELETRO;novelo;;prozo tradukita
23 - 1992;februaro;135;24;Nicole Pairoux;Georges Moustaki baldaŭ en esperanto?;;;MUZIKO;dokumento;;eseo originala
23 - 1992;februaro;135;25;Ionel Onet;Pri la unua KD en esperanto;;;MUZIKO;;;eseo originala
23 - 1992;februaro;135;26-27;Poul Thorsen;Ribelo de l’ atomoj;Poul Thorsen;dana;ESEO;eseo;;eseo tradukita
23 - 1992;februaro;135;28-29;Alain Favre;Kalendaro por superjaro;;;SPECIALE KCE;ĝenerala programo;;anonco
23 - 1992;februaro;135;31-34;Kris Long;Vaneso sur memortabulo;;;BELETRO;eseo;;prozo originala
23 - 1992;februaro;135;35;Bertil Nilsson;Artur Lundkvist, la postkulisa reĝisoro;;;MEMORE PRI;artikolo;;nekrologo
23 - 1992;februaro;135;36-37;Artur Lundkvist;"El ""La Volo de la Ĉielo""";Bertil Nilsson;sveda;BELETRO;literaturo;;poezio tradukita
23 - 1992;februaro;135;39-42;Chris Declerck;La svisa debitisto;;;EN VITRINO;eseo;Cezaro Rossetti (1990), Kredu min, sinjorino!;recenzo
23 - 1992;februaro;135;43-46;Bernard Golden;Neoispano, lasta vano;;;PLANLINGVISTIKO;eseo;;eseo originala
23 - 1992;februaro;135;47-48;Giorgio Silfer;Ha lo, kiu parolas?;;;ESPERANTOLOGIO;lingvistiko;;eseo originala
23 - 1992;februaro;135;49-50;Judita Schiller;Esperanta Songazeto: ideala por radiodramo;;;TEATRO;teatraĵo;;teatro originala
23 - 1992;februaro;135;50-51;Adriaan den Haan;Estu arto ankaŭ represi;;;KOMENTARIO;artikolo;;eseo originala
23 - 1992;februaro;135;52-53;Georges Lagrange;EP: Espero kaj Paco;;;ESEO;artikolo;;eseo originala
23 - 1992;februaro;135;54;redakcie;Grava heredaĵo;;;BELETRO;dokumento;;poezio originala
23 - 1992;aprilo;136;59;Nicolino Rossi;Parfumo oranĝflora;;;UVERTURO;poemo;;poezio originala
23 - 1992;aprilo;136;60-61;István Nemere;La kapitano;;;BELETRO;rakonto;;poezio originala
23 - 1992;aprilo;136;62-63;István Nemere;Isaac foriris…;;;MEMORE PRI;rememoro;;nekrologo
23 - 1992;aprilo;136;64-66;Giorgio Silfer;Asimov, la patro de robotiko;;;BELETRO;artikolo;;prozo originala
23 - 1992;aprilo;136;67-68;Isaak Asimov;"El ""Fondaĵo""";Jean-Paul Vilhelm;angla;DIDAKTIKO;novelo;;prozo tradukita
23 - 1992;aprilo;136;69-73;Jan Stanisław Skorupski;Eŭropo: aŭtonomia aŭ universala?;;;KULTURPOLITIKO;artikolo;;eseo originala
23 - 1992;aprilo;136;74;Giorgio Silfer;Attila József: al kiu apartenas poeto?;;;KOMENTARIO;artikolo;;eseo originala
23 - 1992;aprilo;136;75-76;Reto Rossetti;Mia frato, Cezaro;;;HISTORIO;artikolo;;eseo originala
23 - 1992;aprilo;136;77;Kurt Marti;Vidi Napolon;;;KOMENTARIO;rakonto;;prozo originala
23 - 1992;aprilo;136;78;István Ertl;La vidvo;;;MEMORE PRI;omaĝo;;nekrologo
23 - 1992;aprilo;136;79-80;Andy E. Künzli;Popolaj legendoj el Svislando;Andy E. Künzli;germana;KULTURPOLITIKO;artikolo;;eseo tradukita
23 - 1992;aprilo;136;81-82;Andy E. Künzli;Pri la deveno de la Schwyz-anoj;Andy E. Künzli;germana;KULTURPOLITIKO;artikolo;;eseo tradukita
23 - 1992;aprilo;136;83-86;Perla Martinelli;Mario Luzi subtenas la Esperantan PEN-Centron;;;INTERVJUO;intervjuo;;intervjuo
23 - 1992;aprilo;136;87-89;Ljubomir Trifonĉovski;Balado pri la luno kaj la cervo;;;TEATRO;balado;;teatro originala
23 - 1992;aprilo;136;90-92;Séan Osborne;Kajto 2: maturaj por muzika filmo;;;MUZIKO;eseo;;eseo originala
23 - 1992;aprilo;136;93-101;Kris Long;Ezra Pound: homo sub sunsubiro;;;ESEO;eseo;;eseo originala
23 - 1992;aprilo;136;102;Stefan MacGill;Hunda vivo kaj aliaj satiroj;;;HUMURO;recenzo;Le' Psiko (ps.) (1987), Hunda vivo kaj aliaj satiroj;recenzo
23 - 1992;aprilo;136;102;Catherine Samain;Najbaroj kaj boroj;;;HUMURO;recenzo;Stefan MacGill (1989), Najbaroj kaj boroj;recenzo
23 - 1992;aprilo;136;103-104;Nikolaj Lozgaĉev;Pri la magio de Rikardo Ŝulco;;;EN VITRINO;eseo;;recenzo
23 - 1992;aprilo;136;105-109;Poul Thorsen;Misteroj de l’ Paska Insulo;;;BELETRO;eseo;;prozo originala
23 - 1992;aprilo;136;110;Judit Felszeghy;Mia unua vizito;;;BELETRO;artikolo;;poezio originala
23 - 1992;junio;137;115;Kaporalo George;Letero al Marlene Dietrich;;;;dokumento;;eseo originala
23 - 1992;junio;137;116-117;Perla Martinelli;Feminismo 1992: ĉu pozitiva evoluo?;;;ESEO;femine;;eseo originala
23 - 1992;junio;137;118-122;Maria Aurélia Campany;Amazono, sed ne dekstramana;Giorgio Silfer;kataluna;HISTORIO;historio;;eseo tradukita
23 - 1992;junio;137;123-125;Joan Guinon i Roset kaj Giorgio Silfer;Alexandre Blokh: bonvenon, kolegoj!;;;INTERVJUO;dokumento;;intervjuo
23 - 1992;junio;137;126-136;Miguel Fernández Martín;La koncerto;;;BELETRO;muziko;;poezio originala
23 - 1992;junio;137;137-144;Giorgio Silfer;Triptiko;;;TEATRO;teatraĵo;;teatro originala
23 - 1992;junio;137;145-148;Blazio Vaha;Modele - sentrude;;;EN VITRINO;recenzo;Rihej Nomura kompilanto (1989), Zamenhofa Ekzemplaro;recenzo
23 - 1992;junio;137;149-150;W. A. Verloren van Thermaat;La transvestita muz(et)o;;;TRADUKARTO;artikolo;;eseo originala
23 - 1992;junio;137;151-152;Mimmo Saggese;Maltrafite eĉ ambaŭmane;;;BELETRO;prozo;J. H. Rosbach (1991), Unumane;prozo originala
23 - 1992;junio;137;153-155;Ada Csiszár;La maja idilo inter Kolomano kaj Eŭterpa;;;MUZIKO;eseo;;eseo originala
23 - 1992;junio;137;156-160;Julian Modest;La vagabondo en la poezio de Baghy;;;INTERNACIA LITERATURA FORUMO;literaturo;;anonco
23 - 1992;junio;137;162-163;Andy E. Künzli;La legendo pri la taŭro de Uri;;;KULTURPOLITIKO;eseo;;eseo originala
23 - 1992;junio;137;164-165;Gerrie van Geffen;Sviso komponinta sentempan poezion;;;EN VITRINO;recenzo;Edmond Privat (1989), Tra l'silento (poemaro);recenzo
23 - 1992;aŭgusto;138;171-172;Perla Martinelli;Renkonte al Desislava;;;UVERTURO;prezento;;poezio originala
23 - 1992;aŭgusto;138;173-174;Renato Corsetti;Kiaj infanlibroj por nia esperanto?;;;INTERNACIA LITERATURA FORUMO;forumo;;anonco
23 - 1992;aŭgusto;138;175-179;Blazio Vaha;Kia esperanto por niaj infanlibroj?;;;INTERNACIA LITERATURA FORUMO;eseo;;anonco
23 - 1992;aŭgusto;138;180;Gunnar Gällmo;Jen rebato pri roboto;;;KOMENTARIO;artikolo;;eseo originala
23 - 1992;aŭgusto;138;181-182;Jean Thierry;Foriris la sinjoro kun papilia kravato;;;MEMORE PRI;kinarto;;nekrologo
23 - 1992;aŭgusto;138;183-184;Judita Schiller;Valoras partopreni mirindan aventuron;;;LA SEPA ARTO;recenzo;Jacques-Louis Mahé (1964), Angoroj (filmo);recenzo
23 - 1992;aŭgusto;138;185-186;Perla Martinelli;La disĉiplinoj de Szerdahelyi;;;INTERVJUO;prozo;;intervjuo
23 - 1992;aŭgusto;138;187-190;Giorgio Silfer;Ili estis du malkunaj atomoj;;;HISTORIO;lingvistiko;;eseo originala
23 - 1992;aŭgusto;138;191;redakcie;Post IEMW kaj CDELI: BWB;;;REDAKCIE;informo;;anonco
23 - 1992;aŭgusto;138;192-193;Goncalo Neves;Pri speguloj;;;EN VITRINO;prezento;;recenzo
23 - 1992;aŭgusto;138;195-201;Árpád Abonyi-Nagy;Reicher la granda;;;TEATRO;eseo;;teatro originala
23 - 1992;aŭgusto;138;202-206;Peter Bichsel;Amerko ne ekzistas;Gerd Bussing kaj Tomasz Chmielik;germana;HISTORIO;novelo;;prozo tradukita
23 - 1992;aŭgusto;138;207-211;Alain Favre;Ambaŭ el ioma Slovenio;;;KULTURPOLITIKO;recenzo;Anita Periĉ (1991), Ne facilas esti sloveno en Italio;recenzo
23 - 1992;aŭgusto;138;213-216;Christer Kiselman;Kial ni hejtas la hejmon sed ŝajnas fajfi pri la fajlado?;;;PLANLINGVISTIKO;eseo;;eseo originala
23 - 1992;aŭgusto;138;217-221;Andy Künzli;La legendo pri Monto Pilato;;;KULTURPOLITIKO;eseo;;eseo originala
23 - 1992;aŭgusto;138;222;redakcie;Kvara petalo ŝosinta!;;;BELETRO;dokumento;;poezio originala
23 - 1992;oktobro;139;227-228;Goncalo Neves;Seko;;;UVERTURO;poemo;;poezio originala
23 - 1992;oktobro;139;229-230;Judit Felszeghy;Esperanta PEN-Centro: en Svislando la sidejo;;;ESEO;dokumento;;eseo originala
23 - 1992;oktobro;139;231-233;István Ertl;Claudio Magris pri sia Danubo;;;INTERVJUO;prozo;;intervjuo
23 - 1992;oktobro;139;234;Perla Martinelli;Virino por paco…;;;KONKURSFAKO;dokumento;;eseo originala
23 - 1992;oktobro;139;235-236;Derek Walcott;...kaj viro por somermeza poezio;Kris Long;angla;KONKURSFAKO;poemo;;poezio tradukita
23 - 1992;oktobro;139;237-241;Johannes Hofer;La malsano de la svisoj;Giorgio Silfer;germana;ESEO;prozo;;prozo tradukita
23 - 1992;oktobro;139;242-244;Tomasz Chmielik;Ili iris, sciante kien ili iras;;;BELETRO;romano;;prozo originala
23 - 1992;oktobro;139;244-246;Bogdan Wojdowski;La pano ĵetita al la mortintoj;Tomasz Chmielik;pola;BELETRO;prozo;;prozo tradukita
23 - 1992;oktobro;139;247-250;Hans Magnus Enzensberger;De Ezopo al malplena folio;Vilhelmo Lutermano;germana;BELETRO;eseo;;prozo tradukita
23 - 1992;oktobro;139;251-256;William F. Orr;La amoroj de Zeŭso;;;HISTORIO;poemo;;poezio originala
23 - 1992;oktobro;139;257-258;Judita Schiller;Renkonto kun Venera aŭ Opero Eŭropa;;;LA SEPA ARTO;filmo;;eseo originala
23 - 1992;oktobro;139;259-263;Glauco Rodriges Correa;Modernismo en Brazilo: historia skizo;;;HISTORIO;historio;;eseo originala
23 - 1992;oktobro;139;264-268;Bernard Golden;La kapitano alportinta novan lingvon el la nova mondo;;;LINGVISTIKO;eseo;;eseo originala
23 - 1992;oktobro;139;269-270;Poul Thorsen;Klasiks skermo en du onoj;;;EN VITRINO;recenzo;K. Kalocsay (1992), Versojn oni ne aĉetas;recenzo
23 - 1992;oktobro;139;271;redakcie;12a ILF kaj 3a MKE;;;REDAKCIE;programo;;anonco
23 - 1992;oktobro;139;272-273;Andy Künzli;La legendo de la diabla ponto;;;KULTURPOLITIKO;artikolo;;eseo originala
23 - 1992;oktobro;139;275-277;Marco Picasso;La mistero de Glozelo;;;SCIENCO;recenzo;André Cherpillod (1991), Glozel kaj la prahistoria skribo;recenzo
23 - 1992;oktobro;139;278;redakcie;Nia agendo por 1993;;;REDAKCIE;programo;;anonco
23 - 1992;decembro;140;283;Mario Luzi;Kiel vi volas;Giulio Cappa;itala;UVERTURO;poemo;;poezio tradukita
23 - 1992;decembro;140;284-285;Giorgio Silfer;Esperi signifas havi la optimismon de la risko;;;REDAKCIE;kongreso;;anonco
23 - 1992;decembro;140;286;Larisa Kuzmenko;Tridek grajnoj;;;INFANLITERATURO;fabelo;;prozo originala
23 - 1992;decembro;140;287-290;Jean Echenoz;Terenoj de konstruo;István Ertl kaj Fabienne Berthelot;franca;BELETRO;rakonto;;prozo tradukita
23 - 1992;decembro;140;291-292;Jacques Manceau;Kiam Mahé filmis, Lorjak ekfulmis!;;;LA SEPA ARTO;filmo;;eseo originala
23 - 1992;decembro;140;293-295;Kris Long;Diablo havas devon piki, do li spronas;;;EN VITRINO;recenzo;Mikaelo Bulgakov (1991), La Majstro kaj Margarita, tr. Sergej Pokrovskij;recenzo
23 - 1992;decembro;140;297-302;Carlo Minnaja;Cesare Pascarella, la dialektika poeto;;;HISTORIO;eseo;;eseo originala
23 - 1992;decembro;140;303-319;Cesare Pascarella;La malkovro de Ameriko;G. Pisoni, C. Minnaja, R. Corsetti;roma dialekto;HUMURO;poemo;;poezio tradukita
23 - 1992;decembro;140;321-326;Nicole Piron;Ĉu eblas rigardi usonajn virinojn per Ĝeneva lorno?;;;ESEO;prozo;;prozo originala
23 - 1992;decembro;140;327-329;Giorgio Silfer;Feniksaj plumoj tuĉitaj per cindro;;;ESEO;eseo;;eseo originala
23 - 1992;decembro;140;330-331;Gerrie van Geffen;La jasp-ora foririnto;;;BELETRO;eseo;;poezio originala
23 - 1992;decembro;140;332-33;redakcie;Bonvenon al Romandio!;;;SPECIALE KCE;programo;;anonco
23 - 1992;decembro;140;334;Georges Lagrange;Jam bone utligita la heredaĵo de Waringhien;;;REDAKCIE;programo;;anonco
24 - 1993;februaro;141;3-5;Miguel Fernández Martín;Dua amo;;;UVERTURO;poemo;;poezio originala
24 - 1993;februaro;141;6-7;Giorgio Silfer;Ne kulpas niaj alumetskatoloj pri la incendio en Hofburg!;;;ESEO;artikolo;;eseo originala
24 - 1993;februaro;141;8-12;Sten Johansson;Patrino;;;KOMENTARIO;eseo;;eseo originala
24 - 1993;februaro;141;13-14;Andy Künzli;Granda Ŝiller-premio por Hugo Loetscher;;;REDAKCIE;premio;;anonco
24 - 1993;februaro;141;15-18;Hugo Loetscher;Danko pro la verk-kontemplado;Andy Künzli;germana;ESEO;eseo;;eseo tradukita
24 - 1993;februaro;141;19-20;Judita Schiller;Aktuala kampo…;;;LA SEPA ARTO;prezento;;eseo originala
24 - 1993;februaro;141;21-22;Giorgio Silfer;Ho, se jam ekzistus esperanta filmindustrio!;;;BELETRO;romano;István Nemere (1992), Pigre pasas la nokto;prozo originala
24 - 1993;februaro;141;22;Antonio Valén;Kvardek jarojn poste;;;EN VITRINO;recenzo;"Johan Hammond
Rosbach (1991), Silka kuseno";recenzo
24 - 1993;februaro;141;23-25;Hektor Alos i Font;Milmejla vojaĝo komenciĝas per la unua paŝo;;;INTERVJUO;intervjuo;;intervjuo
24 - 1993;februaro;141;26;redakcie;Katalunoj rezolucias pri UK;;;KULTURPOLITIKO;rezolucio;;anonco
24 - 1993;februaro;141;27-29;Abel Montagut;Poemo de Utnoa Epilogo;;;BELETRO;poezio;;poezio originala
24 - 1993;februaro;141;30;Ljubomir Trifonĉovski;Deka, jubilea;;;TEATRO;recenzo;LF-koop (1992), Esperanta Songazeto n-ro 10, (kasedo);recenzo
24 - 1993;februaro;141;31-34;Bernard Golden;Kiu sviso partoprenis en la Karavano de Amikeco?;;;EN VITRINO;recenzo;Tibor Sekelj (1991), Ĝambo Rafiki;recenzo
24 - 1993;februaro;141;35-43;Kris Long;Brian Price-Heywood: Amik’ nerenkontita;;;ESEO;prozo;;prozo originala
24 - 1993;februaro;141;44-48;Tazio Carlevaro;Repliko al Marina (1);;;PLANLINGVISTIKO;eseo;;eseo originala
24 - 1993;februaro;141;48;redakcie;La ĝenerala Asembleo;;;REDAKCIE;evento;;anonco
24 - 1993;februaro;141;49-50;Ulari Taal;La kamelo;Antonina Apollo;estona;INFANLITERATURO;fabelo;;prozo tradukita
24 - 1993;februaro;141;51;Georges Lagrange;Ĉu nur por bulgaroj?;;;LINGVISTIKO;recenzo;Venelin Mitev (1991), Tradukarto;recenzo
24 - 1993;februaro;141;52-53;Gerrie van Geffen kaj Ed Borsboom;Nia familia tablo;;;BELETRO;artikolo;;poezio originala
24 - 1993;aprilo;142;59;István Ertl;Langomorde;;;UVERTURO;poemo;;poezio originala
24 - 1993;aprilo;142;60-62;Giorgio Silfer;Remortis Régulo;;;MEMORE PRI;eseo;;nekrologo
24 - 1993;aprilo;142;63-66;Julian Modest;Ĉu nia porinfana literaturo povas stimuli kreemon?;;;DIDAKTIKO;prelego;;eseo originala
24 - 1993;aprilo;142;67-68;Ljubomir Trifonĉovski;Kiu estas vi, Serĝo Elgo?;;;INTERVJUO;intervjuo;;intervjuo
24 - 1993;aprilo;142;69-76;Miguel Fernández Martín;Zampo kaj Selna;;;INTERNACIA LITERATURA FORUMO;rakonto;;anonco
24 - 1993;aprilo;142;77-80;Claude Gacond;Arĝenta jaro por CDELI;;;REDAKCIE;jubileo;;anonco
24 - 1993;aprilo;142;81-83;Walter Żelazny;Paradoksoj de vero kaj vivo;;;EN VITRINO;eseo;Ada Sikorska (1992), De tajgo al minaretoj;recenzo
24 - 1993;aprilo;142;84-85;redakcie;La literatura kritiko en esperanto: inter estetika univ. Kaj...;;;INTERNACIA LITERATURA FORUMO;programo;;anonco
24 - 1993;aprilo;142;86-87;Dante Bertolini;Danko pro honorigo;;;HISTORIO;eseo;;eseo originala
24 - 1993;aprilo;142;88;Goncalo Neves;Inico;;;ESEO;artikolo;;eseo originala
24 - 1993;aprilo;142;89-90;Henriette Beaupaul;Meznokto ne-tro-pola;;;EN VITRINO;recenzo;Krys Ungar (1991), Meznokto metropola;recenzo
24 - 1993;aprilo;142;91-94;Umberto Eco;La serĉado pri la perfekta lingvo en la eŭropa kulturo;Perla Martinelli;itala;BELETRO;eseo;;prozo tradukita
24 - 1993;aprilo;142;95-96;Giorgio Silfer;Granda eĥo por malgranda eko;;;KOMENTARIO;eseo;;eseo originala
24 - 1993;aprilo;142;97-98;Judita Schiller;Por ekrano kun verda lumo;;;LA SEPA ARTO;eseo;;eseo originala
24 - 1993;aprilo;142;99;Perla Martinelli;Paĝo por via saĝo;;;REDAKCIE;datreveno;;anonco
24 - 1993;aprilo;142;100-101;Adriaan den Haan;Poeto sen sarkilo;;;EN VITRINO;recenzo;Christian Declerck (1991), Ŝirpecoj (anstataŭ monumento);recenzo
24 - 1993;aprilo;142;102;Georges Lagrange;Sonĝe forvagi de l' gramatiko?;;;KOMENTARIO;recenzo;Julian Modest (1992), Sonĝe vagi;recenzo
24 - 1993;aprilo;142;103-109;Tazio Carlevaro;Repliko al Marina (2);;;PLANLINGVISTIKO;eseo;;eseo originala
24 - 1993;aprilo;142;110;redakcie;Kvar unikaj kursoj;;;REDAKCIE;programo;;anonco
24 - 1993;junio;143;115;Nicolino Rossi;Paco kaj solidar’;;;UVERTURO;poemo;;poezio originala
24 - 1993;junio;143;116-117;Francesco De Gregori;Rumor’ de nenio;;;MUZIKO;kanto;;poezio originala
24 - 1993;junio;143;118-119;Judita Schiller;Infanoj mortas pli bele…;;;LA SEPA ARTO;filmo;;eseo originala
24 - 1993;junio;143;120-124;Giordano Falzoni;Estonta fabelo;;;TEATRO;teatraĵo;;teatro originala
24 - 1993;junio;143;125-130;Blazio Vaha;Kia esperanto … kreskos en niaj infanoj?;;;DIDAKTIKO;eseo;;eseo originala
24 - 1993;junio;143;131-133;Abel Montagut;Pri Miró, la poezio kaj kanto;;;REDAKCIE;eseo;;anonco
24 - 1993;junio;143;134-138;Antonio Marco Botella;Mi estas valenciano…;;;KOMENTARIO;eseo;;eseo originala
24 - 1993;junio;143;139-142;ĝenerala Asembleo de LF-koop;Se ankoraŭ ĉeus tiaj instruistoj!;;;KULTURPOLITIKO;dokumento;;eseo originala
24 - 1993;junio;143;143-146;Ed Borsboom;Ŝirjarv, la favorato;;;HISTORIO;eseo;;eseo originala
24 - 1993;junio;143;147-148;Giorgio Silfer;Sur stel-standardo Majstro-bardo…;;;ESPERANTOLOGIO;lingvistiko;;eseo originala
24 - 1993;junio;143;148;Hagen Hirte;Ĉe l’akvo;;;BELETRO;poemo;;poezio originala
24 - 1993;junio;143;149;Giovanni Boccaccio;Balado el Dekamerono, dua tago;Giulio Cappa;itala;BELETRO;poemo;;poezio tradukita
24 - 1993;junio;143;150-151;Judit Felszeghy;Por vidi la mondon de Anjo Amika;;;INTERVJUO;intervjuo;;intervjuo
24 - 1993;junio;143;152-156;Czesław Miłosz;Tra nia tero;Kris Long;pola;BELETRO;poemo;;poezio tradukita
24 - 1993;junio;143;157-158;Julian Modest;Legi ĝardene;;;EN VITRINO;recenzo;;recenzo
24 - 1993;junio;143;159;Tazio Carlevaro;Promesoj plenumotaj;;;EN VITRINO;recenzo;;recenzo
24 - 1993;junio;143;160-162;Giorgio Silfer;Fine miskomprenis la radio;;;REDAKCIE;radioelsendo;;anonco
24 - 1993;junio;143;163-164;François Degoul;"Ĉu ""nepre"" taŭga elekto?";;;HISTORIO;recenzo;;recenzo
24 - 1993;junio;143;165-166;redakcie;3a Mediteranea Konferenco de Esperantologio;;;ZAMENHOFOLOGIO;mke;;eseo originala
24 - 1993;aŭgusto;144;171-172;Miguel Fernández Martín;Plia pluvet’;;;UVERTURO;poemo;;poezio originala
24 - 1993;aŭgusto;144;173-175;Goncalo Neves;Parolas al vi Barcelono;;;INTERNACIA LITERATURA FORUMO;forumo;;anonco
24 - 1993;aŭgusto;144;176-181;Giorgio Silfer;La turo de babilo: poetikoj kaj tendencoj en la Eo-kritiko;;;ESEO;eseo;;eseo originala
24 - 1993;aŭgusto;144;182-186;Mircea Eliade, enkondukas Perla Martinelli;Somera taglibro;Ionel Onet;rumana;BELETRO;taglibro;;prozo tradukita
24 - 1993;aŭgusto;144;187-193;Kris Long;Kaj estos homoj sur la tero;;;BELETRO;eseo;;prozo originala
24 - 1993;aŭgusto;144;194;Valentin Melnikov;"El ""Sonetoj al mia Muzo""";;;KONKURSFAKO;soneto;;anonco
24 - 1993;aŭgusto;144;195-198;Judita Schiller;Gramatik(l)aj dornoj en roza insulo;;;EN VITRINO;recenzo;;recenzo
24 - 1993;aŭgusto;144;199-200;Leen C. Deij;"Decus forstreki tiun ""A""";;;ESPERANTOLOGIO;artikolo;;eseo originala
24 - 1993;aŭgusto;144;200;Ada Fighiera Sikorska;Komentario;;;KOMENTARIO;prozo;;prozo originala
24 - 1993;aŭgusto;144;201-203;Nikolao Gudskov;Humuro el antaŭ cent jaroj;;;EN VITRINO;recenzo;Anton Ĉeĥov (1991), Sveda alumeto;recenzo
24 - 1993;aŭgusto;144;204-206;Chris Declerck;Inaŭguro de verko;;;KULTURPOLITIKO;eseo;;eseo originala
24 - 1993;aŭgusto;144;206;redakcie;Komentario;;;;;;eseo originala
24 - 1993;aŭgusto;144;207-209;Tazio Carlevaro;Interesa, sed ĉu tute vere?;;;PLANLINGVISTIKO;recenzo;Benoit Philippe (1991), Sprachwandel bei einer Plansprache am Beispiel des Esperanto;recenzo
24 - 1993;aŭgusto;144;210-211;Detlev Blanke;Ĉu kaj kiel esperanto ŝanĝiĝis?;;;PLANLINGVISTIKO;recenzo;;recenzo
24 - 1993;aŭgusto;144;212-216;András Sütő, enkondukas, Perla Martinelli;Toleremo brulis sur Ĝeneva ŝtiparo;József Kiss Horváth;hungara;TEATRO;teatraĵo;;teatro tradukita
24 - 1993;aŭgusto;144;217-218;Gabriel Mora i Arana;Post Ausias March, Vicent Andrés i Estellés;;;MEMORE PRI;artikolo;;nekrologo
24 - 1993;aŭgusto;144;218;Vjaĉeslav Hromov;Johannes Palu ne plu estas inter ni;;;;;;eseo originala
24 - 1993;aŭgusto;144;219-220;Georges Lagrange;Ne antologio, sed laŭdinda;;;EN VITRINO;recenzo;Diversaj aŭtoroj (1991), Franca Antologio (Dua volumo);recenzo
24 - 1993;aŭgusto;144;221-222;Marco Picasso;Esperanto, kia varo? Kia varo!;;;BELETRO;artikolo;;poezio originala
24 - 1993;oktobro;145;227;redakcie;Esperanto agnoskita kiel literatura lingvo;;;ESEO;dokumento;;eseo originala
24 - 1993;oktobro;145;229-232;redakcie;De Raŭmo al Santiago;;;SPECIALE PEN;dokumento;;anonco
24 - 1993;oktobro;145;233-239;Perla Martinelli;Al ĉiu laŭ sia merito;;;SPECIALE PEN;mondkongreso;;anonco
24 - 1993;oktobro;145;240-241;Giorgio Silfer;La verkista UNO;;;SPECIALE PEN;pen-kongreso;;anonco
24 - 1993;oktobro;145;242-243;István Nemere;Ni iru la vojon celitan!;;;SPECIALE PEN;dokumento;;eseo originala
24 - 1993;oktobro;145;244-245;Perla Martinelli;Salman Rushdie, la totala mokanto;;;SPECIALE PEN;historio;;anonco
24 - 1993;oktobro;145;247-249;Giorgio Silfer;Daŭre brulodora la jugoslavia kaĉo;;;SPECIALE PEN;historio;;anonco
24 - 1993;oktobro;145;250-251;Perla Martinelli;Restas en Azio la sombra rekordo;;;SPECIALE PEN;historio;;anonco
24 - 1993;oktobro;145;252-253;Marco Picasso;La deklaracio de Santiago;;;SPECIALE PEN;komentario;;anonco
24 - 1993;oktobro;145;254-255;Judita Schiller kaj la redakcio;Federiko, ne plu sur la landvojo;;;LA SEPA ARTO;dokumento;;eseo originala
24 - 1993;oktobro;145;256-258;Gabriel Mora i Arana;Sur dolmeno;;;BELETRO;poemo;;poezio originala
24 - 1993;oktobro;145;259-264;Kris Long;Kaj estos homoj sur la tero (2);;;BELETRO;eseo;;prozo originala
24 - 1993;oktobro;145;266;Nelida Weidmann Gonzáles-Fonseca;Koncerto en Zuriko, ambicia kultur-relanĉo;;;MUZIKO;programo;;anonco
24 - 1993;oktobro;145;267-272;Goncalo Neves;La etburĝo kaj nia romanarto;;;KONKURSFAKO;eseo;;eseo originala
24 - 1993;oktobro;145;273;Jaqueline Vasserot;Al nia amiko Tarcisio la Duttweiler-premio;;;KONKURSFAKO;dokumento;;eseo originala
24 - 1993;oktobro;145;274-275;Giorgio Silfer;Adiaŭas nin sinjoro Rika Pagor;;;ESEO;instrumetodo;;eseo originala
24 - 1993;oktobro;145;276-277;Nicolino Rossi;Altiris min en via voĉ’ - malhelo;;;EN VITRINO;recenzo;Antologio de bulgara ampoezio (1992);recenzo
24 - 1993;oktobro;145;278;Via Drakido;Ne kvanto sed kvalito decidas pri merito;;;REDAKCIE;jubileo;;anonco
24 - 1993;decembro;146;283-286;Edwin de Kock;Rekviemo por la Albigensoj;;;UVERTURO;poemo;;poezio originala
24 - 1993;decembro;146;287;Giorgio Silfer;Kompletiĝas nia kooperativa prismo;;;ESEO;dokumento;;eseo originala
24 - 1993;decembro;146;288;Miguel Fernández Martín;Senvorte;;;INTERNACIA LITERATURA FORUMO;poemo;;anonco
24 - 1993;decembro;146;289-295;Senad Ĉolic;La bosna - ĉu nova idiomo?;;;LINGVISTIKO;eseo;;eseo originala
24 - 1993;decembro;146;296-297;Emo Marconi;Doktoro Rosales: nostalgie pri paca urbo;;;HISTORIO;teatra vespero;;teatro originala
24 - 1993;decembro;146;299-308;Georges Lagrange;Bonvolu kompati almenaŭ la sufloriston…;;;INTERNACIA LITERATURA FORUMO;eseo;;anonco
24 - 1993;decembro;146;309-311;Philippe Combot;"""La sceno okazas en Trezeno, urbo de Peloponezo""";;;TEATRO;recenzo;Jean Racine (1991), Fedra, tr. Georges Lagrange;recenzo
24 - 1993;decembro;146;312;Andy Künzli;Somere kaj vin… tre atendas interesaj kursoj;;;ESEO;speciale pri kce;;eseo originala
24 - 1993;decembro;146;313-314;György Nanovfszky;De vokala harmonio al poezia genio;;;ESEO;lingvistiko;;eseo originala
24 - 1993;decembro;146;315-316;redakcie;Aktiva partopreno en la Komitato pri Lingvaj Rajtoj;;;SPECIALE PEN;dokumento;;eseo originala
24 - 1993;decembro;146;317-321;Blazio Vaha;Spikume tra unika sperto;;;DIDAKTIKO;dokumento;;eseo originala
24 - 1993;decembro;146;322-323;Larisa Kuzmenko;La anasido de Maria;;;INFANLITERATURO;rakonto;;prozo originala
24 - 1993;decembro;146;324;Kiril Velkov;Kulpis svisoj kaj kukoj;;;ESPERANTOLOGIO;lingvistiko;;eseo originala
24 - 1993;decembro;146;325-326;István Nemere;Denaska verkisto kaj aliaj rimarkoj;;;BELETRO;eseo;Sten Johansson (1992), Denaska kongresano kaj aliaj noveloj;prozo originala
24 - 1993;decembro;146;327-328;Gerrie van Geffen;Li tuŝis la koron de Privat;;;BELETRO;eseo;Romano Frenkel (1992), Verdaj Fajreroj;poezio originala
24 - 1993;decembro;146;329-330;Bernard Golden;Tre pene mispaŝante tra jarcentoj;;;EN VITRINO;recenzo;Kazimjej Ŝĉurek (1992), Penetre tra jarcentoj;recenzo
24 - 1993;decembro;146;331-333;Giorgio Silfer;KCE povas vivi, ne nur preventi;;;REDAKCIE;dokumento;;anonco
24 - 1993;decembro;146;334;redakcie;60 tagoj jare por plia kleriĝo!;;;REDAKCIE;programo;;anonco
25 - 1994;februaro;147;3;redakcie;Literatura Fioro 25-jara;;;UVERTURO;jubileo;;anonco
25 - 1994;februaro;147;4-5;Andres Bickel;Du gratuloj el la multaj;;;SPECIALE PEN;historio;;anonco
25 - 1994;februaro;147;6-7;Marco Picasso;Invit’ al Zamenhofesko;;;REDAKCIE;festo;;anonco
25 - 1994;februaro;147;8-12;François Degoul;Eĥoj kaj eroj: eĥaj kajeroj;;;ZAMENHOFOLOGIO;eseo;;eseo originala
25 - 1994;februaro;147;13-18;Guy de Maupassant;La demando pri latino;;;REDAKCIE;rakonto;;anonco
25 - 1994;februaro;147;19-20;Aleksandar Ŝivarov (20-jara);Kredu nin, gejunuloj!;;;ESEO;opinioj;;eseo originala
25 - 1994;februaro;147;21-24;Silvina Ocampo;Mimoso;Liven Dek;hispana;BELETRO;rakonto;;prozo tradukita
25 - 1994;februaro;147;25-27;Giorgio Silfer;Ibere kaj libere, sed foje tubere;;;EN VITRINO;recenzo;diversaj aǔtoroj (1993), Ibere libere;recenzo
25 - 1994;februaro;147;28-29;redakcie;La esperanto-kabareto;;;INTERNACIA LITERATURA FORUMO;aranĝoj/programo;;anonco
25 - 1994;februaro;147;30;Leen C. Deij;Dekdu nestoj pretas;;;BELETRO;poemoj;;poezio originala
25 - 1994;februaro;147;31-35;Blazio Vaha;Kiel verdis tiu valo!;;;DIDAKTIKO;historio;;eseo originala
25 - 1994;februaro;147;37-38;Christian Declerck;Laŭroj kaj bedaŭroj pro kanto pri Minotaŭro;;;EN VITRINO;recenzo;Gerrit Berveling (1993), Kanto pri Minotaǔro;recenzo
25 - 1994;februaro;147;39-44;Bernard Golden;Zilengo, lingvo kreita de japana doktoro;;;PLANLINGVISTIKO;eseo;;eseo originala
25 - 1994;februaro;147;45-46;Abel Montagut;Belbilde kaj belbinde;;;BELETRO;artikolo;;prozo originala
25 - 1994;februaro;147;47-53;John Burnside;Lazaro;;;ESEO;eseo;;eseo originala
25 - 1994;februaro;147;54;Suzanne Bourot;Per laboro al honoro, de espero ĝis prospero;;;REDAKCIE;kursaro;;anonco
25 - 1994;aprilo;148;59-60;Miguel Fernández;Amtem’ Alejksanreska;;;UVERTURO;poemo;;poezio originala
25 - 1994;aprilo;148;61-64;Guy de Maupassant;Madame Baptiste;Yvon Grossmann;franca;BELETRO;rakonto;;prozo tradukita
25 - 1994;aprilo;148;65;Perla Martinelli;Sinmortigo: daŭre diskutveka demando;;;ESEO;artikolo;;eseo originala
25 - 1994;aprilo;148;66-70;Giorgio Silfer;La profesorino de la Patrolo;;;REDAKCIE;eseo;;anonco
25 - 1994;aprilo;148;71-73;Andy Künzli;La Lucerna Ponto mortis, vivu la Lucerna Ponto!;;;ESEO;eseo;;eseo originala
25 - 1994;aprilo;148;73;Fridolin Hofer;Lucerno;Guido Holz;germana;BELETRO;poemo;;poezio tradukita
25 - 1994;aprilo;148;74-78;Humphrey Tonkin;Ĉu nur kultivi nian ĝardenon malgraŭ la ĉirkaŭa ĝangalo?;;;KOMENTARIO;ĉefparolado;;anonco
25 - 1994;aprilo;148;79-81;Giorgio Silfer;La raŭma fluo por sukcesa lofo;;;KOMENTARIO;eseo;;eseo originala
25 - 1994;aprilo;148;82;Judit Felszeghy;Ni elpensu kune jubilean ekspozicion;;;SPECIALE PEN;dokumento;;anonco
25 - 1994;aprilo;148;83-90;Roberto Lloancy;Kion kaŝas la kongresparoladoj de la Majstro?;;;ZAMENHOFOLOGIO;prelego;;eseo originala
25 - 1994;aprilo;148;91-92;Georges Lagrange;Pri kantistino kaj rinocero;;;TEATRO;eseo;;teatro originala
25 - 1994;aprilo;148;93-96;Gábor Zaicz;Sur la spuroj de parenca idiomo;;;LINGVISTIKO;eseo;;eseo originala
25 - 1994;aprilo;148;97-98;Gerrie van Geffen;Majstra leciono veninta el la frosto;;;EN VITRINO;recenzo;Ivan G. Sirjaev (1993), La dormanta grafino;recenzo
25 - 1994;aprilo;148;99-107;Liven Dek;Liza;;;BELETRO;novelo;;prozo originala
25 - 1994;aprilo;148;105;Leen C. Deij;Unu sitelo da akvo;;;;;;eseo originala
25 - 1994;aprilo;148;108;François Degoul;Vivu la genia koboldo!;;;KOMENTARIO;reago;;eseo originala
25 - 1994;aprilo;148;109;Leen C. Deij;De marto ĝis aprilo;;;BELETRO;poemo;;poezio originala
25 - 1995;aprilo;148;110;Gian Carlo Fighiera;La arto organizi kongresojn;;;REDAKCIE;kongreso;;anonco
25 - 1994;junio;149;115;redakcie;Kia tago en Normandio?;;;MEMORE PRI;dokumento;;nekrologo
25 - 1994;junio;149;116;Leen C. Deij;Maja ploro - estas oro!;;;BELETRO;poemo;;poezio originala
25 - 1994;junio;149;117-122;redakcie;Prefere eta leono ol granda ĥameleono;;;KULTURPOLITIKO;raporto;;eseo originala
25 - 1994;junio;149;123-125;Blazio Vaha;Oriento liveras defion: al ĝi respondas raŭmismo;;;KOMENTARIO;eseo;;eseo originala
25 - 1994;junio;149;126-130;Jeremi Giŝron;La Babela Turo kaj Zamenhof;;;SPECIALE KCE;prelego;;eseo originala
25 - 1994;junio;149;131-133;Tazio Carlevaro;Kuŝas ie sub la tegmento…;;;ZAMENHOFOLOGIO;eseo;;eseo originala
25 - 1994;junio;149;134;Reto Rossetti;La Tunelo;;;BELETRO;poemo;;poezio originala
25 - 1994;junio;149;135-139;Abel Montagut;Kataluna literaturo en esperanto;;;INTERNACIA LITERATURA FORUMO;eseo;;anonco
25 - 1994;junio;149;140-141;redakcie;Jubilea semajno omaĝe al Literatura Foiro;;;REDAKCIE;programo;;anonco
25 - 1994;junio;149;141;redakcie;Aliĝilo (Jubilea semajno);;;SPECIALE PEN;programo;;anonco
25 - 1994;junio;149;142;Nikolas Vanof;La romano de kapriola piĉ’;;;KOMENTARIO;artikolo;;eseo originala
25 - 1994;junio;149;143-152;Carlo Minnaja;Tedas min la vortolisto (memkritika antaǔrecenzo pri itala-esperanta vortaro);;;LINGVISTIKO;eseo;Carlo Minnaja (1996), Vocabolario Italiano-Esperanto;eseo originala
25 - 1994;junio;149;153-156;Giorgio Silfer;Nikolin’: mi vivas inter du artsezonoj;;;MUZIKO;intervjuo;;intervjuo
25 - 1994;junio;149;157-158;Aleksandar Ŝivarov;Kiam la nifelo ’stas bona…;;;EN VITRINO;recenzo;Diversaj aŭtoroj, (1988), SFEROJ 6;recenzo
25 - 1994;junio;149;159;Tino Roellin;Eŭropa kosmo-ŝipo;;;BILDLITERATURO;festivalo;;anonco
25 - 1994;junio;149;160-161;Judita Schiller;Pro Helvetia - ad Pannoniam;;;ESEO;eseo;;eseo originala
25 - 1994;junio;149;162;Giorgio Silfer;Voj-aĝoj kaj aliaj po-emoj;;;EN VITRINO;recenzo;Edwin de Kock (1992), Vojagoj kaj aliaj poemoj;recenzo
25 - 1994;junio;149;163-164;Silvia Moritz;Ofte tro simpla, sed ĉarma rakonto;;;EN VITRINO;recenzo;Ivan G. Ŝirjaev (1993), La nova vivo;recenzo
25 - 1994;junio;149;166;Suzanne Bourot;Antaŭ la domo staras (v)arbo…;;;REDAKCIE;programo;;anonco
25 - 1994;aŭgusto;150;171;Giordano Falzoni;Plektaĵoj;;;UVERTURO;poemo;;poezio originala
25 - 1994;aŭgusto;150;172;Borbala Vaha;Kukuljazka, la bulgara feavino;;;INFANLITERATURO;recenzo;Stefan Cirpanliev (1992), La mistero de la malnova domo, tr. Georgi Mihalkov;recenzo
25 - 1994;aŭgusto;150;173-178;Giorgio Silfer;Diktaturo ensocia pli teroras ol enŝtata;;;INTERVJUO;dokumento;;intervjuo
25 - 1994;aŭgusto;150;179-180;Judita Schiller;Nefermita letero de iu, ŝanĝinta opinion;;;EN VITRINO;recenzo;Serĝo Elgo (1992), La nokto de la Ezoko;recenzo
25 - 1994;aŭgusto;150;181-184;Leen C. Deij;Oskaroj;;;LA SEPA ARTO;eseo;;eseo originala
25 - 1994;aŭgusto;150;185-189;Christian Declerck;Novspeca, niastila heroeco;;;EN VITRINO;recenzo;;recenzo
25 - 1994;aŭgusto;150;190;István Nemere;Katastrofoj el ĉiu epoko;;;EN VITRINO;recenzo;André Cherpillod (1993), Kaj la suno haltis... Katastrofismo en la folkloro de la popoloj;recenzo
25 - 1994;aŭgusto;150;191-192;redakcie;Pli ol tasko - jen tuta fasko!;;;SPECIALE PEN;dokumento;;anonco
25 - 1994;aŭgusto;150;193-200;Jean Thierry;"La ""ridpunkto"" de Raymond Schwartz";;;INTERNACIA LITERATURA FORUMO;eseo;;anonco
25 - 1994;aŭgusto;150;201;Emilija Lapenna;Orientece slava fantazia galerio;;;EN VITRINO;recenzo;Irfan Horozoviĉ (1991), Familio Talhe aǔ sedravangardeno, tr. Vesna Skaljer-Race;recenzo
25 - 1994;aŭgusto;150;202;Giorgio Silfer;Zagreb/o;;;MEMORE PRI;el verkata libro;;nekrologo
25 - 1994;aŭgusto;150;203-206;Vera Barandovská Frank;Novlatinidaj tendencoj en interlingvistiko;;;PLANLINGVISTIKO;eseo;;eseo originala
25 - 1994;aŭgusto;150;207-212;Tazio Carlevaro;Sinmortigo en la svisa kaj aliaj socioj;;;ESEO;eseo;;eseo originala
25 - 1994;aŭgusto;150;213-214;Ljubomir Trifonĉovski;Ni ne sidu eterne sur la fina benko!;;;KOMENTARIO;eseo;;eseo originala
25 - 1994;aŭgusto;150;215;W. A. Verloren van Thermaat;Aŭ fina venko aŭ fina malvenko;;;KOMENTARIO;eseo;;eseo originala
25 - 1994;aŭgusto;150;216-221;Jeremi Giŝron;La Babela Turo kaj Zamenhof (2);;;SPECIALE KCE;eseo;;eseo originala
25 - 1994;aŭgusto;150;222;redakcie;150 fragmentoj por 25 vitraloj…;;;REDAKCIE;dokumento;;anonco
25 - 1994;oktobro;151;227;redakcie;1980;;;HISTORIO;jubileo;;anonco
25 - 1994;oktobro;151;228-229;Giorgio Silfer;Kial en Budapeŝto ekspozicio pri nia revuo;;;SPECIALE PEN;ekspozicio;;anonco
25 - 1994;oktobro;151;230;redakcie;Iliteratura premio Clelia Conterno 1995;;;KONKURSFAKO;premio;;anonco
25 - 1994;oktobro;151;231-236;Márton Fejes;La plej bona fratamiko de sinjoro Nadai;;;INTERNACIA LITERATURA FORUMO;eseo;;anonco
25 - 1994;oktobro;151;237-243;Francisko Simonnet;Ne! Vortaron oni ne rajtas fari tian;;;LINGVISTIKO;recenzo;"(1992), Grand dictionnaire français-espéranto
[Granda vortaro franca-esperanta]";recenzo
25 - 1994;oktobro;151;244;Mao Zifu;Sonĝo de strangulo;;;ESEO;dediĉo;;eseo originala
25 - 1994;oktobro;151;245-248;Waldemar Januszczak;Dekadenco kaj falo de moderna arto;Reto Rossetti;angla;MEMORE PRI;manuskripto;;nekrologo
25 - 1994;oktobro;151;249-252;Sten Johansson;Nobela premiado kaj nebula priumado;;;ESEO;eseo;;eseo originala
25 - 1994;oktobro;151;253-255;Andy Künzli;La Chaux-de-Fonds, la premiita urbo;;;ESEO;historio;;eseo originala
25 - 1994;oktobro;151;256;Ljubomir Trifonĉovski;Fikcio kaj realo en 60 minutoj;;;MUZIKO;recenzo;LF-koop (1993), Esperanta Songazeto n-ro 11, (kasedo);recenzo
25 - 1994;oktobro;151;257-267;Blazio Vaha;La Zamenhofa koncepto de lingvo-evoluo;;;ZAMENHOFOLOGIO;lingvistiko;;eseo originala
25 - 1994;oktobro;151;268;Sten Johansson;Heĝo kaŝas la ĝardenon;;;EN VITRINO;recenzo;Diversaj aŭtoroj, (1994), SFEROJ 9;recenzo
25 - 1994;oktobro;151;269-270;Manuel de Seabra;Mezepoka poeto daŭre aktuala;;;EN VITRINO;recenzo;(1993) Amkantoj / Cants d'amor de Ausias March (60 poemoj), selekto kaj traduko de Abel Montagut;recenzo
25 - 1994;oktobro;151;271-272;Poul Thorsen;Snajpe sur la parnaso;;;EN VITRINO;recenzo;Gonçalo Neves (1993), Kompreni;recenzo
25 - 1994;oktobro;151;273-277;Leen C. Deij;Estu libero mem decidi;;;KOMENTARIO;artikolo;;eseo originala
25 - 1994;oktobro;151;278;Perla Martinelli;Aprobita engaĝo por 130 mil frankoj;;;BELETRO;dokumento;;poezio originala
25 - 1994;decembro;152;283;Jan Stanisław Skorupski;Aĉeti sinonimon de arto;;;UVERTURO;poemo;;poezio originala
25 - 1994;decembro;152;284-285;Giorgio Silfer;Estu bonvenaj ĉe La Domparo;;;NOVJARA SALUTO;artikolo;;eseo originala
25 - 1994;decembro;152;286-288;Perla Martinelli;Verdkovrile sur bretaro kuŝas mia SAT-vortaro;;;INTERVJUO;intervjuo;;intervjuo
25 - 1994;decembro;152;289-292;Ed Borsboom;Makkink, la pura, klara mens’;;;BELETRO;eseo;;prozo originala
25 - 1994;decembro;152;293-297;Aleŝ Bednarĵik;Prave rava aŭ grave lama?;;;EN VITRINO;recenzo;G.F.Makkink (1990), Nia Fundamento sub lupeo;recenzo
25 - 1994;decembro;152;298-300;Kris Long;Pavano doloroza;;;BELETRO;eseo;;prozo originala
25 - 1994;decembro;152;301;Ljubomir Trifonĉovski;Laŭtemaj paĵoj - laŭtemaj paŝoj;;;REDAKCIE;novaĵo;;anonco
25 - 1994;decembro;152;302;Judita Schiller;1994: Internacia Jaro de la Familio;;;HISTORIO;dokumento;;eseo originala
25 - 1994;decembro;152;303-308;Judita Schiller;Ankaŭ vi respondecas pri via rozo;;;HISTORIO;miniatura antologio;;poezio originala
25 - 1994;decembro;152;309-312;Czesław Miłosz;"El ""La mondo"" (naiva poemo)";Kris Long;pola;HISTORIO;poemoj;;poezio tradukita
25 - 1994;decembro;152;313-316;Judita Schiller, Blazio Vaha, Marta Vaha;Infan-libraro de nia familio;;;HISTORIO;libraro;;anonco
25 - 1994;decembro;152;317-318;Georges Lagrange;La kazo de Dreyfus: centjara antisemitismo;;;ESEO;eseo;;eseo originala
25 - 1994;decembro;152;319-320;Marco Picasso;Ne plendi pri la venko, sed pledi por la veko;;;KOMENTARIO;eseo;;eseo originala
25 - 1994;decembro;152;321-322;Nikolao Gudskov;Raŭmismo: sorto kaj vojoj;;;KOMENTARIO;artikolo;;eseo originala
25 - 1994;decembro;152;323-324;Oszkár Princz;Floru mil floroj;;;KOMENTARIO;dokumento;;eseo originala
25 - 1994;decembro;152;325-328;Giorgio Silfer;La esperantistaro: ĉu lingva minoritato?;;;KULTURPOLITIKO;referaĵo;;eseo originala
25 - 1994;decembro;152;329-330;Pierre L. Ullman;Tirane kaj Valjeinklane;;;EN VITRINO;recenzo;"Ramón del Valle-Inclán (1993), Tirano Banderas, tr. Fernando
de Diego";recenzo
25 - 1994;decembro;152;331-332;Kiril Velkov;Foje ankaŭ Diego bezonas lingvan dieton…;;;MEMORE PRI;artikolo;;nekrologo
25 - 1994;decembro;152;333;redakcie;Avizo;;;REDAKCIE;LF-koop;;anonco
25 - 1994;decembro;152;334;redakcie;71 tagoj jare por via kleriĝo;;;REDAKCIE;programo;;anonco
26 - 1995;februaro;153;3-4;Miguel Fernández Martín;Al la okuloj polvaj de morta ruandano;;;UVERTURO;poemo;;poezio originala
26 - 1995;februaro;153;5-7;Perla Martinelli;Kaj la Dnjestro ruladas sin plu…;;;SPECIALE PEN;eseo;;anonco
26 - 1995;februaro;153;8-9;Giorgio Silfer;Lingvoj adaptiĝas al personeco, ne personeco al lingvoj;;;SPECIALE PEN;eseo;;anonco
26 - 1995;februaro;153;11-12;Judita Schiller;Hungara animstato;;;LA SEPA ARTO;prezento;;eseo originala
26 - 1995;februaro;153;13-14;Maŝa Halamová;En kosmaj kordoj spiri…;Anna Lehotská;slovaka;BELETRO;eseo;;poezio tradukita
26 - 1995;februaro;153;15-16;Jouko Lindstedt;Kion kelkaj ne perceptis el la Manifesto de Raŭmo;;;KOMENTARIO;dokumento;;eseo originala
26 - 1995;februaro;153;17-18;Marco Picasso;Nova epoko ĉe la Domparo de KCE;;;INTERVJUO;historio;;intervjuo
26 - 1995;februaro;153;19;redakcie;La somero ĉe ni estas verda…;;;SPECIALE KCE;programo;;anonco
26 - 1995;februaro;153;20;Hasan Jakub Hasan;Koko kaj kokido;;;INFANLITERATURO;fabelo;;prozo originala
26 - 1995;februaro;153;21-32;Tazio Carlevaro;Kial ilia renkontiĝo estis ne ebla;;;KOMENTARIO;historio;;eseo originala
26 - 1995;februaro;153;33-36;Evlogi Dankov;La psikologiaj bazoj de la totalismaj religioj;;;KOMENTARIO;eseo;;eseo originala
26 - 1995;februaro;153;37-38;István Ertl;SF-eroj de iberoj kaj aliaj partneroj;;;EN VITRINO;recenzo;tradukoj el aŭtoroj diversaj, (1992), SFEROJ 7;recenzo
26 - 1995;februaro;153;39-42;Giorgio Silfer;Ludoviko la poeto: ĉu sent-ema kaj sen-tema?;;;ZAMENHOFOLOGIO;eseo;;eseo originala
26 - 1995;februaro;153;43-44;redakcie;Amo en poezio kaj en prozo;;;INTERNACIA LITERATURA FORUMO;programo;;anonco
26 - 1995;februaro;153;45-48;Leen C. Deij;Medito pri stratvortoj;;;BELETRO;eseo;;prozo originala
26 - 1995;februaro;153;49-50;Perla Martinelli;Ĉu ni estas maturaj por justo?;;;KOMENTARIO;eseo;;eseo originala
26 - 1995;februaro;153;51;Sonja Brun;Kiel vendi esperanton…;;;ESEO;artikolo;;eseo originala
26 - 1995;februaro;153;52-53;Mihail Zadornov;Notoj de kuracisto;Antonia Apollo;rusa;HUMURO;artikolo;;prozo tradukita
26 - 1995;februaro;153;54;Suzanne Bourot;Jarfino atendas majon;;;BELETRO;dokumento;;poezio originala
26 - 1995;aprilo;154;59;Julius Balbin;Aŭtobiografio;;;UVERTURO;poemo;;poezio originala
26 - 1995;aprilo;154;60-62;Judita Schiller;Naskiĝfesto de la deka muzo;;;LA SEPA ARTO;kinarto;;eseo originala
26 - 1995;aprilo;154;63-67;Manuel de Seabra;La tago kiam Jesuo perfidis Judason;;;BELETRO;romano;;poezio originala
26 - 1995;aprilo;154;68;Marco Picasso;Kie fiaskas sciencpolico solvas inspektora malico;;;EN VITRINO;recenzo;István Nemere (1994), Nesto de viperoj;recenzo
26 - 1995;aprilo;154;69-74;Giorgio Silfer;Ivo Zelezny: la retrovita vizaĝo;;;INTERVJUO;intervjuo;;intervjuo
26 - 1995;aprilo;154;75-76;Judit Felszeghy;Invite al dimanĉa, Amika koncerto;;;MUZIKO;recenzo;Anjo Amika (1994), Dimanĉa koncerto (kasedo);recenzo
26 - 1995;aprilo;154;77-89;Hektor Alos i Font;Jack wold be a gentilman if he coude speke frensske;;;LINGVISTIKO;eseo;;eseo originala
26 - 1995;aprilo;154;90;Narcis Torbov;Sur plateto de Gradeŝnica - ĉu la plej antikva skribo en Eŭropo?;;;LINGVISTIKO;artikolo;;eseo originala
26 - 1995;aprilo;154;91-92;Reino Eriksson;Brecht en Finnlando;;;TEATRO;eseo;;teatro originala
26 - 1995;aprilo;154;93-97;Gerrie van Geffen;"La ""Madame de Stael"" de Nederlando";;;BELETRO;eseo;;prozo originala
26 - 1995;aprilo;154;98-104;Bernard Golden;Kreado kaj uzado de originalaj proverboj en esperanto;;;ESPERANTOLOGIO;eseo;;eseo originala
26 - 1995;aprilo;154;105-108;Eduard V. Tvarozek;Teatro por klubvesperoj;;;INTERNACIA LITERATURA FORUMO;eseo;;anonco
26 - 1995;aprilo;154;109;Truus van Woerden;La spac-estaĵo kaj mi;;;BELETRO;artikolo;;prozo originala
26 - 1995;aprilo;154;110;Giorgio Silfer;Omaĝe al Yvonne;;;MEMORE PRI;omaĝo;;nekrologo
26 - 1995;junio;155;115-116;Nicolino Rossi;Tag’ kvina de junio;;;UVERTURO;poemo;;poezio originala
26 - 1995;junio;155;117-120;Ljubomir Trifonĉovski;La bulgara poeto estas granda por siaj bulgaraj legantoj;;;SPECIALE PEN;intervjuo;;intervjuo
26 - 1995;junio;155;121-124;Ed Borsboom;Kiu estis Andreo Cseh?;;;REDAKCIE;eseo;;anonco
26 - 1995;junio;155;125-129;Audrey Childs-Mee;La Cseh-metodo - ĉu ankoraŭ aktuala?;;;REDAKCIE;eseo;;anonco
26 - 1995;junio;155;130-133;Katalin Smidéliusz;Hungario internacia tra ekumenisma mondrigardo;;;REDAKCIE;eseo;;anonco
26 - 1995;junio;155;134-143;Bernard Golden;Minoritataj lingvoj inter forpaso kaj agonio;;;LINGVISTIKO;eseo;;eseo originala
26 - 1995;junio;155;143;redakcie;Elektita nia kunlaboranto Georges Lagrange;;;ZAMENHOFOLOGIO;dokumento;;eseo originala
26 - 1995;junio;155;144-145;Narcis Torbov;La lingvo de la tracoj;;;LINGVISTIKO;artikolo;;eseo originala
26 - 1995;junio;155;147-148;Robert Lafont;Diglosio: esenca koncepto en socilingvistiko;;;LINGVISTIKO;socilingvistiko;;eseo originala
26 - 1995;junio;155;149-150;Judita Schiller;Profana kantato;;;BELETRO;poezio;;poezio originala
26 - 1995;junio;155;151-157;Serĝo Elgo;La erinaco;;;BELETRO;novelo;;poezio originala
26 - 1995;junio;155;158;Giorgio Silfer;Domparo sur du pilieroj;;;SPECIALE KCE;dokumento;;anonco
26 - 1995;junio;155;159-165;Eduard V. Tvarozek;Teatro por klubvesperoj (2);;;INTERNACIA LITERATURA FORUMO;teatro;;anonco
26 - 1995;junio;155;166;Perla Martinelli;Stafeta momento proksimiĝas;;;REDAKCIE;asembleo, dokumento;;anonco
26 - 1995;aŭgusto;156;171;Giorgio Silfer;Al veronanino ĉe mezepoka sojlo;;;UVERTURO;poemo;;poezio originala
26 - 1995;aŭgusto;156;172-176;Andres Bickel;Sen honoro mortis la 24a svisa kantono;;;HISTORIO;eseo;;eseo originala
26 - 1995;aŭgusto;156;177-179;redakcie;Komunikilo, arta perilo kaj identigilo;;;KULTURPOLITIKO;raporto;;eseo originala
26 - 1995;aŭgusto;156;180-185;Bernard Golden;Ne tralegi, sed tralerni;;;HISTORIO;eseo;;eseo originala
26 - 1995;aŭgusto;156;186;redakcie;Furoraj (aŭ favoraj) vendoj dum kongresoj en 1993;;;ESEO;dokumento;;eseo originala
26 - 1995;aŭgusto;156;187-188;Inat Terzi;La bone edukita homo povas legi ĉion. (Sed ĉu indas);;;ESEO;artikolo;;eseo originala
26 - 1995;aŭgusto;156;189-194;Goncalo Neves;Literatoroj kaj publiko: ĉu konkube aŭ divorce?;;;ESEO;prelego;;eseo originala
26 - 1995;aŭgusto;156;195-196;István Nemere;Profesiaj, mankas ne verkistoj, sed eldonistoj;;;ESEO;artikolo;;eseo originala
26 - 1995;aŭgusto;156;197-198;Viŝnja Brankoviĉ;Kial aĉeti libron?;;;ESEO;artikolo;;eseo originala
26 - 1995;aŭgusto;156;199-200;rolfo;Ankaŭ estetiko havas (s)ian gravecon!;;;BELETRO;komikso;;prozo originala
26 - 1995;aŭgusto;156;201-202;Giorgio Silfer;El sep malvirtoj fari sep virtojn;;;ESEO;artikolo;;eseo originala
26 - 1995;aŭgusto;156;203-205;Carlo Minnaja;Nur tiu ne eraras, kiu neniam ion faras;;;LINGVISTIKO;eseo;;eseo originala
26 - 1995;aŭgusto;156;206;Fernando de Diego;La miskovoj de Velkov;;;KOMENTARIO;artikolo;;eseo originala
26 - 1995;aŭgusto;156;207-208;redakcie;La nuntempa leksikografio en esperanto;;;SPECIALE KCE;programo;;anonco
26 - 1995;aŭgusto;156;209-210;Johan Derks;Leĝeraj legaĵoj;;;EN VITRINO;recenzo;Godfried Bomans (1994), Erik a la malgranda insektlibro * Pieter Bas, tr. Derk Ederveen;recenzo
26 - 1995;aŭgusto;156;211-212;Mao Zifu;La testudo;;;BELETRO;fabelo;;prozo originala
26 - 1995;aŭgusto;156;213-218;Francisko Simonnet;Francan literaturon dispetaligi esperante (1);;;EN VITRINO;recenzo;(1994), Franca Antalogio, tria volumo;recenzo
26 - 1995;aŭgusto;156;219-220;Leen C. Deij;Mankas rubriko…;;;ESEO;eseo;;eseo originala
26 - 1995;aŭgusto;156;221;Maurice Favre;Al la Prezidanto de LF-koop;;;KOMENTARIO;letero;;prozo originala
26 - 1995;aŭgusto;156;222;redakcie;Ĉagrenoj kaj ĝojoj en la nuna somero;;;REDAKCIE;informo;;anonco
26 - 1995;oktobro;157;227;redakcie;Dankon s-ro Gauguin!;;;UVERTURO;danko;;anonco
26 - 1995;oktobro;157;228;Nicolino Rossi;Vintren glitas aŭtuno;;;BELETRO;poemo;;poezio originala
26 - 1995;oktobro;157;229-240;Miguel Fernández Martín;Mia lirika ama travivaĵo;;;INTERNACIA LITERATURA FORUMO;enkonduka prelego;;eseo originala
26 - 1995;oktobro;157;241-244;Nikolaj Lozgaĉev;Miĥalski, flirta papilio;;;EN VITRINO;recenzo;Eŭgeno Miĥalski (1994), Plena poemaro;recenzo
26 - 1995;oktobro;157;245-255;Sabine Ståhlberg;Por rekrei sian propran realecon;;;ESEO;eseo;;eseo originala
26 - 1995;oktobro;157;256;Mao Zifu;Menoro infanaĝa;;;BELETRO;poemo;;poezio originala
26 - 1995;oktobro;157;257-258;Georges Lagrange;..antikvajn ritmojn Lafonten’…;;;BELETRO;rakonto;;prozo originala
26 - 1995;oktobro;157;258;redakcie;Literatura Nobel-premio, Seamus Heaney;;;KONKURSFAKO;nobel-premio;;anonco
26 - 1995;oktobro;157;259-260;Hasan Jakub Hasan;Du fratinoj;;;ESEO;prezento;;eseo originala
26 - 1995;oktobro;157;261-263;Giorgio Silfer;La fabloj tristaj;;;BELETRO;fabloj;;prozo originala
26 - 1995;oktobro;157;264-265;Hugo Pratt;Aventuro en Milano;Giorgio Silfer;itala;BILDLITERATURO;komikso;;prozo tradukita
26 - 1995;oktobro;157;266;Ivo Peyraut;Ne mortos la bretona!;;;KOMENTARIO;artikolo;;eseo originala
26 - 1995;oktobro;157;267-268;Ari Vahine;La hordo;;;HUMURO;rakonto;;prozo originala
26 - 1995;oktobro;157;269-273;Francisko Simonnet;Francan literaturon dispetaligi esperante (2);;;EN VITRINO;recenzo;(1994), Franca Antalogio, tria volumo;recenzo
26 - 1995;oktobro;157;274-275;Jean-Jacques Lavanchy;Ankaŭ nin koncernas la jubileo de kinarto!;;;SPECIALE KCE;informo;;anonco
26 - 1995;oktobro;157;276-277;redakcie;Ĉe la Domparo dum tuta jaro;;;SPECIALE KCE;programo;;anonco
26 - 1995;oktobro;157;278;Suzanne Bourot;Post la somero;;;BELETRO;artikolo;;poezio originala
26 - 1995;decembro;158;283;Jorge L. Borges;Mi estas la sola homo sur la Tero…;Gaston Waringhien;hispana;UVERTURO;poemo;;poezio tradukita
26 - 1995;decembro;158;284;redakcie;Atutas hungara aŭtorino;;;KONKURSFAKO;konkurso;;anonco
26 - 1995;decembro;158;285-292;Kris Long kaj Seamus Heaney;Terpomoj kun karotoj kaj brasikoj;Kris Long;angla;KONKURSFAKO;poezio;;poezio tradukita
26 - 1995;decembro;158;293-298;Carlo Minnaja;Tri tagoj de arto eterna;;;EN VITRINO;recenzo;Giovanni Boccaccio (1995), Dekamerono, tr. G. Waringhien kaj P. Martinelli;recenzo
26 - 1995;decembro;158;299-300;Claus J. Günkel;Lingvo kaj vivo;;;EN VITRINO;recenzo;Ivan G. Ŝirjaev (1995), Sen Titolo;recenzo
26 - 1995;decembro;158;301-313;Aleksandr Igorj;Li volis esti eŭropano;;;MEMORE PRI;eseo;;eseo originala
26 - 1995;decembro;158;313;Ljubomir Trifonĉovski;"Pri ""imaginisme""";;;MEMORE PRI;;;eseo originala
26 - 1995;decembro;158;314-315;Sergej Esenin;Sonetoj;Nikolao Stranĝanski;rusa;MEMORE PRI;poezio;;poezio tradukita
26 - 1995;decembro;158;316-320;Andres Bickel;Mortis la jaro, vivu tolerem’;;;BELETRO;prozo;;prozo originala
26 - 1995;decembro;158;320;Perla Martinelli;Karaj legantoj, geamikoj miaj…;;;MEMORE PRI;prozo;;prozo originala
26 - 1995;decembro;158;321;Ljubomir Trifonĉovski;Lumo, kiu ne povas estingiĝi;;;LA SEPA ARTO;filmo;;eseo originala
26 - 1995;decembro;158;322-324;Ernst Jünger;Aromo de ĵusa mosto;Bertil Nilsson;germana;BELETRO;prezento;;prozo tradukita
26 - 1995;decembro;158;325-330;Bernard Golden;Kaŭzo kaj prevento de kulturŝokoj;;;ESEO;eseo;;eseo originala
26 - 1995;decembro;158;330;Administra Komitato de LF-koop;Asembleo de LF-koop;;;REDAKCIE;kunvoko;;anonco
26 - 1995;decembro;158;331-333;Ludmila Procházková;Knabineto sur balkono;;;KOMENTARIO;novelo;;prozo originala
26 - 1995;decembro;158;334;Ivaniĉka Maĝarova;Vivo, kiun oni eĉ envius;;;EN VITRINO;recenzo;Suzanne Bourot (1995), Yvonne Martinot (1900 - 1971 - 1985);recenzo
27 - 1996;februaro;159;3;Nicolino Rossi;Vintre;;;UVERTURO;poemo;;poezio originala
27 - 1996;februaro;159;4-5;Giorgio Silfer;Al saĝa gojo;;;NOVJARA SALUTO;artikolo;;eseo originala
27 - 1996;februaro;159;6;Ljubomir Trifonĉovski;Odi et Amo, la inspirigaj;;;SPECIALE PEN;dokumento;;anonco
27 - 1996;februaro;159;7-8;Mariela Baleva;Underground, la milito (ne)finita;;;LA SEPA ARTO;historio;;eseo originala
27 - 1996;februaro;159;9-10;Marco Picasso;Vivu do l’ Akademi’!;;;INTERVJUO;intervjuo;;intervjuo
27 - 1996;februaro;159;11-15;Katalin Smidéliusz;La vizito;;;KONKURSFAKO;novelo;;prozo originala
27 - 1996;februaro;159;16;István Nemere;La ĵaŭda masko;;;KOMENTARIO;literatura ludo;;eseo originala
27 - 1996;februaro;159;17-18;Giorgio Silfer;Tra via skribo ŝi legas vian animon;;;INTERVJUO;intervjuo;;intervjuo
27 - 1996;februaro;159;19-20;Miguel Fernández Martín;Romaj ruinoj;;;BELETRO;poemo;;poezio originala
27 - 1996;februaro;159;21-22;Kiril Velkov;Pri la nifoj - serioze kaj neserioze;;;BELETRO;prelego;;prozo originala
27 - 1996;februaro;159;23-25;István Nemere;La loteriisto;;;BELETRO;novelo;;prozo originala
27 - 1996;februaro;159;26-39;Bernard Golden;Imigitaj lingvoj en fantaziaj romanoj;;;BELETRO;eseo;;prozo originala
27 - 1996;februaro;159;40;Julian Modest;Ĉu solas ni?;;;BELETRO;poemo;;poezio originala
27 - 1996;februaro;159;41-42;redakcie;Teatro en esperanto cent jarojn poste;;;INTERNACIA LITERATURA FORUMO;evento;;anonco
27 - 1996;februaro;159;43-44;Ljubomir Trifonĉovski;Notoj pri la sceneja vesto de Triptiko;;;TEATRO;artikolo;;teatro originala
27 - 1996;februaro;159;45-46;Judita Schiller;Nandir’ prezentas…;;;LA SEPA ARTO;prezento;;eseo originala
27 - 1996;februaro;159;47-48;Nikola Uzunov;"""N"" kiel Neĉajev. -Ne, ""N"" kiel neniam plu!";;;EN VITRINO;recenzo;Serĝo Elgo (1995), La floroj de l' krepusko;recenzo
27 - 1996;februaro;159;49-51;Carlo Minnaja;Ne ofte okazas ke Muzinoj parolas;;;HUMURO;recenzo;Rikardo Ŝulco (1992), La Muzino;recenzo
27 - 1996;februaro;159;52-53;Giorgio Silfer;Bandi por la siaj;;;HISTORIO;recenzo;Katalin Smidéliusz, red (1995), Memorlibro omage al Andreo Cseh;nekrologo
27 - 1996;februaro;159;53;redakcie;Nin lasis Corrado Tavanti;;;MEMORE PRI;rememoro;;nekrologo
27 - 1996;februaro;159;54;redakcie;69 tagoj jare por via kleriĝo!;;;REDAKCIE;programo;;anonco
27 - 1996;aprilo;160;59;Giorgio Silfer;Jen kial;;;UVERTURO;poemo;;poezio originala
27 - 1996;aprilo;160;60-62;Éva Tóth;Identeco kaj diferenco;Lászlo Radácsy;hungara;SPECIALE PEN;eseo;;anonco
27 - 1996;aprilo;160;63-66;Carlo Minnaja;"Lule sur ""La Ondo de Esperanto""";;;HISTORIO;recenzo;;recenzo
27 - 1996;aprilo;160;67;redakcie;Svisa lingvopolitiko: verda jeso;;;ESEO;dokumento;;eseo originala
27 - 1996;aprilo;160;68;Canko Ignev;La mirinda aventuro daŭras;;;KULTURPOLITIKO;evento;;anonco
27 - 1996;aprilo;160;69-70;Rico Bulthuis;Solresol… monmuzik’ en sol;;;PLANLINGVISTIKO;muziko;;eseo originala
27 - 1996;aprilo;160;71-75;Georges Lagrange;Pri transitivo…;;;KOMENTARIO;gramatiko;;eseo originala
27 - 1996;aprilo;160;76-84;Claude Gacond;...kaj alio en PIVo;;;KOMENTARIO;vortaro;;anonco
27 - 1996;aprilo;160;85-88;Valentin Melnikov;Kojonpv Luĉjo - senpova kontraŭ la dezir’;;;ESEO;eseo;;eseo originala
27 - 1996;aprilo;160;89-95;Jouko Lindstedt;La deveno de la slavoj;;;HISTORIO;lingvistiko;;eseo originala
27 - 1996;aprilo;160;96-98;Multatuli;Valĉjo, eta ribelul’;Leen Deij;nederlanda;HUMURO;eseo;;eseo tradukita
27 - 1996;aprilo;160;99-105;Zofia Banet-Fornalowawa;La esperanto-kabaredo en Pollando;;;TEATRO;eseo;;teatro originala
27 - 1996;aprilo;160;106;Manuel de Seabra;Vivu sur la animo;;;EN VITRINO;recenzo;Eugène de Zilah (1994), Vivi sur barko;recenzo
27 - 1996;aprilo;160;107-109;Judit Felszeghy;Valoras malkovri la sekretojn de bonfarto;;;KOMENTARIO;intervjuo;;intervjuo
27 - 1996;aprilo;160;110;Suzanne Bourot;Al niaj geamikoj;;;BELETRO;historio;;poezio originala
27 - 1996;junio;161;115;Albert Goodhier (1912-1995);Espero;;;UVERTURO;konkurso;;anonco
27 - 1996;junio;161;116;redakcie;Ĉarto de PEN;;;SPECIALE PEN;ĉarto;;anonco
27 - 1996;junio;161;117-118;Giorgio Silfer;Universala deklaracio pri lingvaj rajtoj;;;SPECIALE PEN;deklaracio;;anonco
27 - 1996;junio;161;119-122;Andres Bickel, Tazio Carlevaro, Marco Picasso;Tra la jaroj de la mutacio;;;KULTURPOLITIKO;raporto;;eseo originala
27 - 1996;junio;161;123;redakcie;Pli valoras ne-Nobela sed proesperanta;;;NOVJARA SALUTO;premio;;anonco
27 - 1996;junio;161;124-129;Detlev Blanke;Tipologio de nia leksikografio;;;SPECIALE KCE;prelego;;eseo originala
27 - 1996;junio;161;130;redakcie;Proponoj por via agendo;;;KOMENTARIO;programo;;anonco
27 - 1996;junio;161;131-133;Daniele Vitali;La utilega litero ĥ. Pledo por esperanta fonemo;;;ESPERANTOLOGIO;eseo;;eseo originala
27 - 1996;junio;161;134-137;Marco Picasso;Reformo aŭ puŝevoluo? Post la Piĉa, jen la Janusa!;;;PLANLINGVISTIKO;recenzo;Janus Di Censo (1995), Trasermo;recenzo
27 - 1996;junio;161;138;oficiala gazetara komuniko;Kompletigo de rangoj;;;ESEO;dokumento;;eseo originala
27 - 1996;junio;161;139;Perla Martinelli;Mankas mono, mankas nomo;;;KOMENTARIO;diskuto;;eseo originala
27 - 1996;junio;161;140-141;Enkela Xhamaj;Kvin poemoj;;;BELETRO;poezio;;poezio originala
27 - 1996;junio;161;142;Sabira Stahlberg;Jen modelo de -grafio pri -ologo;;;EN VITRINO;recenzo;;recenzo
27 - 1996;junio;161;143-145;Ed Borsboom;Predu min, sinjorino;;;HISTORIO;recenzo;Eli Urbanová (1995), Hetajro dancas;recenzo
27 - 1996;junio;161;146-153;Manuel de Seabra;Mitoj kaj simboloj (1);;;BELETRO;prozo;;prozo originala
27 - 1996;junio;161;154-157;Arno Lagrange;TESPA kaj Krizalido en la tradicio de la franca teatro;;;TEATRO;eseo;;teatro originala
27 - 1996;junio;161;158-159;Symilde Schenk Ledon;La ĵaŭda masko (2);;;KOMENTARIO;prozo;;prozo originala
27 - 1996;junio;161;160-162;Leen C. Deij;Pensoj pri emocioj;;;ESEO;eseo;;eseo originala
27 - 1996;junio;161;163-164;Antonio Marco Botella;Francisco de Goya, la homo;;;REDAKCIE;artikolo;;anonco
27 - 1996;junio;161;165;Gerrie van Geffen;Neniam pretervidu malnovan skatolon;;;HISTORIO;recenzo;Katalin Smidéliusz, red (1995), Memorlibro omage al Andreo Cseh;nekrologo
27 - 1996;junio;161;166;Georges Lagrange;Riĉa kaj riĉiga sezono;;;REDAKCIE;informo;;anonco
27 - 1996;aŭgusto;162;171;Venelin Mitev;Dubo;;;UVERTURO;poemo;;poezio originala
27 - 1996;aŭgusto;162;172;Giorgio Silfer;Talia en malriĉa peplo;;;TEATRO;teatro;;teatro originala
27 - 1996;aŭgusto;162;173-176;Ljubomir Trifonĉovski;La teatron trasenti…;;;INTERNACIA LITERATURA FORUMO;eseo;;anonco
27 - 1996;aŭgusto;162;177;Perla Martinelli;Nemere konfirmita;;;SPECIALE PEN;dokumento;;anonco
27 - 1996;aŭgusto;162;178-180;Jouko Lindstedt;Lingvon familian, heredan…;;;ESEO;eseo;;eseo originala
27 - 1996;aŭgusto;162;181-182;Sten Johansson kaj Carl-Erik Olsson;Ĝermo al fabeto: interparolo pri eldonado;;;INTERVJUO;interparolo;;intervjuo
27 - 1996;aŭgusto;162;183-184;Hasan Jakub Hasan;Fenestro en la muro;;;EN VITRINO;recenzo;Sabira Ståhlberg (1994), Malanta la muro: puzleroj pri Cinio;recenzo
27 - 1996;aŭgusto;162;185-190;Claus J. Günkel;Adiaŭ, naŭ ĵaŭdaj fraŭlinoj!;;;PLANLINGVISTIKO;eseo;;eseo originala
27 - 1996;aŭgusto;162;191-199;Sabine Fiedler;Esperanta frazeologio: leksikografiaj demandoj;;;SPECIALE KCE;eseo;;eseo originala
27 - 1996;aŭgusto;162;200-202;Probal Daŝgupta;Mediacie pri medialo;;;KOMENTARIO;eseo;;eseo originala
27 - 1996;aŭgusto;162;203-204;Giovanni Pascoli;"El ""Myricae""";Nicolino Rossi;itala;BELETRO;poezio;;poezio tradukita
27 - 1996;aŭgusto;162;205-212;Manuel de Seabra;Mitoj kaj simboloj (2);;;BELETRO;prozo;;prozo originala
27 - 1996;aŭgusto;162;213-214;Lina Gabrielli;Ek al…!;;;KOMENTARIO;artikolo;;eseo originala
27 - 1996;aŭgusto;162;215-216;Vladimir Dermenĝiev;La suno kaj la antikvuloj;;;SCIENCO;eseo;;eseo originala
27 - 1996;aŭgusto;162;217-218;Ljubomir Trifonĉovski;Virino sen landlimo;;;INTERVJUO;interparolo;;intervjuo
27 - 1996;aŭgusto;162;219;redakcie;Abritus signifas kunlaboron;;;KULTURPOLITIKO;konkurso;;anonco
27 - 1996;aŭgusto;162;219;Valentin Melnikov;Okazo en buso;;;BELETRO;poemo;;poezio originala
27 - 1996;aŭgusto;162;220;Tazio Carlevaro;La streso: kiel eviti ĝin?;;;ESEO;artikolo;;eseo originala
27 - 1996;aŭgusto;162;221;Gian Carlo Fighiera;Ada Sikorska-Fighiera;;;MEMORE PRI;funebro;;nekrologo
27 - 1996;oktobro;163;227;Nicolino Rossi;Jen mi olda;;;UVERTURO;poemo;;poezio originala
27 - 1996;oktobro;163;228;Árpád Abonyi-Nagy;La starto en Smolensk;;;REDAKCIE;artikolo;;anonco
27 - 1996;oktobro;163;229-230;Giorgio Silfer;Pasis tra esperanto ŝia vojo al Singapuro;;;LA SEPA ARTO;eseo;;eseo originala
27 - 1996;oktobro;163;231-234;Winston Churchill;Leviĝu, Eŭropo!;Inat Terzi_x0001_;angla;ESEO;prelego;;eseo tradukita
27 - 1996;oktobro;163;235-236;Andy Künzli;Winston Churchill, Svislando, 1946;;;HISTORIO;artikolo;;eseo originala
27 - 1996;oktobro;163;237-246;Tomasz Chmielik;Günter Grass sur vasta kampo;;;ESEO;eseo;;eseo originala
27 - 1996;oktobro;163;247-258;Günter Grass;La mortaj restaĵoj;Tomasz Chmielik;germana;BELETRO;fragmento;;prozo tradukita
27 - 1996;oktobro;163;259;Giorgio Silfer;Berlin/o;;;MEMORE PRI;el verkata libro;;nekrologo
27 - 1996;oktobro;163;260;Judit Felszeghy;Ekde al nova mandato;;;SPECIALE PEN;raporto;;anonco
27 - 1996;oktobro;163;261-262;Daniele Vitali;Vivi momentojn de interna aventuro;;;EN VITRINO;recenzo;"diversaj aǔtoroj (1996), En la realo trovigas truo.
Nuntempa sveda novelarto, tr. Sten Johansson";recenzo
27 - 1996;oktobro;163;263-264;Leen C. Deij;Nokto falas;;;KOMENTARIO;romano;;prozo originala
27 - 1996;oktobro;163;265-267;Gabriel Mora i Arana;Gravedeco;;;BELETRO;poezio;;poezio originala
27 - 1996;oktobro;163;268;Perla Martinelli, sekretario de AdE;Leksika rapidservo aŭ saĝa princip-donado?;;;KOMENTARIO;artikolo;;eseo originala
27 - 1996;oktobro;163;269-272;Belka Beleva;Per teatro lerni;;;INTERNACIA LITERATURA FORUMO;eseo;;anonco
27 - 1996;oktobro;163;273;Daniele Vitali;Kazaka anstataŭ kazaĥa;;;KOMENTARIO;artikolo;;eseo originala
27 - 1996;oktobro;163;274;Tazio Carlevaro;CDELI: tradicio baldaŭ 30-jara;;;PLANLINGVISTIKO;programo;;anonco
27 - 1996;oktobro;163;275;KALiFo de LF-koop/Asembleo de SYM;Rezolucio;;;REDAKCIE;dokumento;;anonco
27 - 1996;oktobro;163;276-278;Christian Declerck;Buresa etoso, necesa ĵoso. Aŭ droso?;;;BELETRO;eseo;;poezio originala
27 - 1996;decembro;164;283-286;William Auld;La Infana Raso;;;UVERTURO;poezio;;poezio originala
27 - 1996;decembro;164;287-291;Carlo Minnaja;Infana raso kvardek-jara;;;REDAKCIE;eseo;;anonco
27 - 1996;decembro;164;292;István Nemere;Belo kaj verdo en Kopenhago;;;SPECIALE KCE;aranĝoj;;anonco
27 - 1996;decembro;164;293-294;Giorgio Silfer;Ana Blandiana rezignas: PEN-klubo ĉe turnopunkto;;;SPECIALE PEN;mondkongreso;;anonco
27 - 1996;decembro;164;295-296;Tazio Carlevaro;1996 kaj la komiksoj;;;BILDLITERATURO;komikso;;prozo originala
27 - 1996;decembro;164;297-304;Martin Weichert;Cent jaroj de Yellow Kid - jarmiloj da bildliteraturo;;;BILDLITERATURO;eseo;;prozo originala
27 - 1996;decembro;164;305-306;Fred de Geus;Ankaŭ tian literaturon esperanto ege bezonas;;;BILDLITERATURO;artikolo;;prozo originala
27 - 1996;decembro;164;307-310;Arnau Torras;La krizo!;;;BILDLITERATURO;komikso;;prozo originala
27 - 1996;decembro;164;311-313;Marco Picasso;Longa nazo ĉiam aktualas por italoj;;;BELETRO;eseo;;prozo originala
27 - 1996;decembro;164;314;Perla Martinelli;Ĉu voĉoj aŭ rumoroj?;;;KOMENTARIO;recenzo;"André Cherpillod (1996), Johana ""d'Arko"" Pucelino de Francio";recenzo
27 - 1996;decembro;164;315-324;Georges Lagrange;Demandoj, demandoj kaj respondoj;;;TEATRO;eseo;;teatro originala
27 - 1996;decembro;164;325-326;David Buhlmann;Kial mi ne subskribis la Manifeston de Prago;;;KULTURPOLITIKO;historio;;eseo originala
27 - 1996;decembro;164;327-329;Jouko Lindstedt;La rajto rekomenci;;;ESEO;eseo;;eseo originala
27 - 1996;decembro;164;330-331;Jouko Lindstedt, Giorgio Silfer;Letero-interŝanĝoj;;;REDAKCIE;korespondo;;anonco
27 - 1996;decembro;164;332;KCE;Svisa belvidejo por nia kulturo;;;KOMENTARIO;programo;;anonco
27 - 1996;decembro;164;333;La Kvinpetalo;Transnacia kulturo laŭ franca menuo;;;REDAKCIE;programo;;anonco
27 - 1996;decembro;164;334;baldaŭa prezidinto;Salutmesaĝo;;;NOVJARA SALUTO;adiaŭo;;nekrologo
28 - 1997;februaro;165;3;Nicolino Rossi;Post ŝtormo neĝa;;;UVERTURO;poemo;;poezio originala
28 - 1997;februaro;165;4-6;Andres Bickel;La Vagabondoj sur scenejo: ĉu antaŭ filistroj?;;;HUMURO;teatro;;teatro originala
28 - 1997;februaro;165;7;Georges Lagrange;Ekzercoj pri ekzercoj;;;TEATRO;artikolo;;teatro originala
28 - 1997;februaro;165;8-12;Daniele Vitali;Polvkovrite sur la bretaro putros nun alia vortaro?;;;LINGVISTIKO;recenzo;Carlo Minnaja (1996), Vocabolario Italiano-Esperanto;recenzo
28 - 1997;februaro;165;13-14;André Cherpillod;Vortaro sen etimologio ne estas vortaro;;;KOMENTARIO;artikolo;;eseo originala
28 - 1997;februaro;165;15-17;Leen C. Deij;Pri nevideblaj ŝoseoj;;;ESPERANTOLOGIO;eseo;;eseo originala
28 - 1997;februaro;165;18;Julian Modest;Johansson ridetas kare, sed pekime;;;EN VITRINO;recenzo;Sten Johansson (1996), Ĝis revido krokodilido! Dek kvin noveloj originalaj;recenzo
28 - 1997;februaro;165;19-20;Tomasz Chmielik;Mi preferas min ŝatanta homojn;;;KONKURSFAKO;prelego;;eseo originala
28 - 1997;februaro;165;21-32;Wisława Szymborska;La ĝojo verki;Kris Long;pola;BELETRO;poezio;;poezio tradukita
28 - 1997;februaro;165;33-34;István Nemere;La pereo estas nia savo…;;;SPECIALE PEN;parolo;;anonco
28 - 1997;februaro;165;35-37;Arthur Baur;Provoko aŭ tasko por tuta nacio;;;KULTURPOLITIKO;artikolo;;eseo originala
28 - 1997;februaro;165;38-45;Bernard Golden;Mia vojaĝanta biblioteko en Afriko;;;ESEO;eseo;;eseo originala
28 - 1997;februaro;165;47-48;Sonja Brun;Novaj vojoj en la komunikado;;;KULTURPOLITIKO;historio;;eseo originala
28 - 1997;februaro;165;49-51;Mónika Molnár;Klarvide? KLERvide!;;;INTERVJUO;kurso;;intervjuo
28 - 1997;februaro;165;52;Edo Bernasconi;Esplorkampoj de aplikata interlingvistiko;;;SPECIALE KCE;kolokvo;;intervjuo
28 - 1997;februaro;165;53;Giorgio Silfer;David Buhlmann nova prezidanto;;;SPECIALE KCE;historio;;anonco
28 - 1997;februaro;165;54;redakcie;Bulgaraj libroj donace al nia biblioteko;;;REDAKCIE;biblioteko;;anonco
28 - 1997;aprilo;166;59;Julius Balbin;Ekde la tago…;;;UVERTURO;poemo;;poezio originala
28 - 1997;aprilo;166;60-66;Andres Bickel;Svislando kompletigas sian lingvopolitikon;;;ESEO;eseo;;eseo originala
28 - 1997;aprilo;166;67-69;KALiFo;La Verko de la Jaro;;;KONKURSFAKO;literatura konkurso;;anonco
28 - 1997;aprilo;166;70;Gerrie van Geffen;Plumfrukto kun rekta, senceremonia dirmaniero;;;EN VITRINO;recenzo;Torgny Lindgren (1995), La Beleco de Merab, tr. Sten Johansson;recenzo
28 - 1997;aprilo;166;71-78;Kris Long;Fadenoj, rondoj;;;BELETRO;eseo;;prozo originala
28 - 1997;aprilo;166;79-80;Giorgio Silfer;Orienta Eŭropo: la devo rekomenci;;;SPECIALE PEN;historio;;anonco
28 - 1997;aprilo;166;81-87;Zofia Banet-Fornalowawa;La unuaj jaroj de nia teatro (1896-1914);;;INTERNACIA LITERATURA FORUMO;prelego;;anonco
28 - 1997;aprilo;166;88-92;Bernard Golden;Film-ikonografio de L. L. Zamenhof;;;ZAMENHOFOLOGIO;historio;;eseo originala
28 - 1997;aprilo;166;93-94;Anatolo Gonĉarov;La lango ne turniĝas diri tion ruse;;;ESEO;eseo;;eseo originala
28 - 1997;aprilo;166;95-96;Leen C. Deij;La konko;;;ESEO;eseo;;eseo originala
28 - 1997;aprilo;166;97-98;Hasan Jakub Hasan;Alvoko pri gravaj kaj aktualaj temoj;;;EN VITRINO;recenzo;Salvatore Porcu (1996), Kodo de moralo universala, tr. Lina Gabrielli;recenzo
28 - 1997;aprilo;166;99-100;Martin Weichert;En la spuroj de Marvel;;;BILDLITERATURO;recenzo;Johnny Humphreys (1996), 10 jarojn poste. Prifutura aventuro (bildrakonto);recenzo
28 - 1997;aprilo;166;101-103;Carlo Minnaja;Vasta spektro de kompetentoj;;;PLANLINGVISTIKO;recenzo;"André Cherpillod (1996), Po - La diabla vorto; André Cherpillod (1996),  Vortkonsisto, vortfarado, vortanalizo, vortordo";recenzo
28 - 1997;aprilo;166;104-107;Georges Lagrange;Ree pri iĝi;;;KOMENTARIO;konkluda artikolo;;eseo originala
28 - 1997;aprilo;166;108-109;Bernhard Pabst;Ĉu mistero de nia lingvo?;;;KOMENTARIO;artikolo;;eseo originala
28 - 1997;aprilo;166;110;redakcie;1996: tre pozitiva;;;BELETRO;artikolo;;poezio originala
28 - 1997;junio;167;115-116;Giorgio Silfer;Lasta amkanto por Bilitis;;;UVERTURO;poemo;;poezio originala
28 - 1997;junio;167;117;Giorgio Silfer;Dankon al Sofio;;;UVERTURO;historio;;poezio originala
28 - 1997;junio;167;118-119;Venelin Mitev;Post longa kaj frosta vintro nim parolas nun pri Poezio;;;TRADUKARTO;historio;;eseo originala
28 - 1997;junio;167;120-128;Andres Bickel, Marco Picasso;Barcelono pravigis Raŭmon, Prago entombigis Bulonjon;;;KULTURPOLITIKO;raporto;;eseo originala
28 - 1997;junio;167;129-134;rolfo;La Interreto - plena komunikado. Ĉu?;;;HISTORIO;eseo;;eseo originala
28 - 1997;junio;167;135-138;Judit Felszeghy;Pola literaturo en Ĉaŭdefono;;;KOMENTARIO;intervjuo;;intervjuo
28 - 1997;junio;167;139-141;Serĝo Elgo;La ĝiro;;;BELETRO;romano;;poezio originala
28 - 1997;junio;167;142;István Nemere;Dumiljara historio;;;EN VITRINO;recenzo;Pär Lagerkvist (1995), Mariamne, tr. Bertil Nilsson;recenzo
28 - 1997;junio;167;143;Manuel de Seabra;Vi sufiĉe amuziĝos, kiel mi;;;EN VITRINO;recenzo;Doko (1996), Rakontoj Prapatraj pri Nia Lando Antaŭ Multaj Jarcentoj Kiam Okazemis Aferoj Mirindaj;recenzo
28 - 1997;junio;167;144-148;Nicole Margot;Jusef Ŝahin objektiva, restante orientano;;;LA SEPA ARTO;konkurso;;anonco
28 - 1997;junio;167;149-150;Árpád Abonyi-Nagy;Foje ni havis IAT;;;TEATRO;artikolo;;teatro originala
28 - 1997;junio;167;151;Kiril Velkov;La mistera relikvo;;;HISTORIO;recenzo;André Cherpillod (1996), La Mortotuko de Torino. La neebla objekto;recenzo
28 - 1997;junio;167;152;David Jordan;Ankaŭ la ĉarmoj havas siajn limojn;;;BILDLITERATURO;recenzo;"Arnau Torras (1996), Pli ol homo: esperantisto; Arnau Torras (1996), La romantikulo en la XXa jarcento";recenzo
28 - 1997;junio;167;153-163;Michel Duc Goninaz;"Kio do estas ""lingvo""?";;;LINGVISTIKO;eseo;;eseo originala
28 - 1997;junio;167;164;Claus Günkel;Konklude pri -aŭ;;;KOMENTARIO;artikolo;;eseo originala
28 - 1997;junio;167;164;Bernhard Pabst;Elektronika bibliografio de esperantaj artikoloj;;;KOMENTARIO;artikolo;;eseo originala
28 - 1997;junio;167;165-166;André Cherpillod;Pledo por la neologismoj olim kaj nelge;;;KOMENTARIO;eseo;;eseo originala
28 - 1997;aŭgusto;168;171;Carmel Mallia;Fenomeno;;;UVERTURO;poemo;;poezio originala
28 - 1997;aŭgusto;168;172-173;redakcie;Marc Hiltbrand - la nova prezidanto;;;INTERVJUO;historio;;intervjuo
28 - 1997;aŭgusto;168;174;PEN-Komitato;Survoje al Edinburgo;;;SPECIALE PEN;historio;;anonco
28 - 1997;aŭgusto;168;175-176;Atrhur Baur;Ĵetante rigardon al la Svisa Antologio;;;ESEO;antologio;;eseo originala
28 - 1997;aŭgusto;168;177-181;Abduraĥman Junusov;Bulat Okuĝava. La Tempo kaj la Koro;;;MEMORE PRI;eseo;;nekrologo
28 - 1997;aŭgusto;168;182;Julian Modest;Lia lasta ŝanc’;;;EN VITRINO;recenzo;Gabor Rudnai (1995), Libro de Krista, tr. Tibor Papp;recenzo
28 - 1997;aŭgusto;168;183-185;Kalle Vilbaste;La arbaro de paŝantaj arboj;;;EN VITRINO;recenzo;"J. R. R. Tolkien (1995), La Mastro de l' Ringoj, parto unua: La kunularo de l' Ringoj, tr. William Auld;
J. R. R. Tolkien (1996), La Mastro de l' Ringoj, parto dua: La du turegoj,  tr. William Auld";recenzo
28 - 1997;aŭgusto;168;186;Ljubomir Trifonĉovski;Szathmári kaj nia revuo;;;REDAKCIE;prelego;;anonco
28 - 1997;aŭgusto;168;187-192;Marco Picasso;La Tunelo;;;BELETRO;romano;;poezio originala
28 - 1997;aŭgusto;168;193-194;Venelin Mitev;Freŝa vento el Oriento;;;EN VITRINO;recenzo;Viktor Ĉaldajev, Gafur Gazizi, Nikolaj Lozgaĉev, Alen Kris (1996), Kvarteto;recenzo
28 - 1997;aŭgusto;168;195-203;Giorgio Silfer;La vorta klaso;;;TEATRO;teatraĵo;;teatro originala
28 - 1997;aŭgusto;168;204;redakcie;Abritus ’97 - daŭra kunlaboro;;;BELETRO;ekra/abritus;;prozo originala
28 - 1997;aŭgusto;168;205-207;redakcie;Claude Piron/Johán Valano;;;REDAKCIE;konkurso;;anonco
28 - 1997;aŭgusto;168;208-215;Bernard Golden;"Hesperyo - la plej ""okcidenta"" hispanoida planlingvo";;;PLANLINGVISTIKO;eseo;;eseo originala
28 - 1997;aŭgusto;168;216-218;Detlev Blanke;Tre grava libro, nepre havinda;;;LINGVISTIKO;recenzo;Umberto Eco (1994), La serĉado de la perfekta lingvo en la Eŭropa kulturo, tr. Daniele Mistretta;recenzo
28 - 1997;aŭgusto;168;219;Manuel de Seabra;Esperanto kaj la Nobel-premio;;;KOMENTARIO;historio;;eseo originala
28 - 1997;aŭgusto;168;220;Kiril Velkov;Pri Atlantido - koncize, sed detale;;;EN VITRINO;recenzo;André Cherpillod (1997), Atlantido. La perdita kontinento;recenzo
28 - 1997;aŭgusto;168;221-222;Marie-France Conde Rey, Judit Felszeghy kaj Perla Martinelli;Kie(n) la softvaro?;;;BELETRO;historio;;poezio originala
28 - 1997;oktobro;169;227-241;Nicolino Rossi;Transdialoge;;;UVERTURO;poemo;;poezio originala
28 - 1997;oktobro;169;242-243;Perla Martinelli;Ili ariĝis ĉirkaŭ Aridjis;;;SPECIALE PEN;dokumento;;anonco
28 - 1997;oktobro;169;244;Giorgio Silfer;La graveco de l’ svediĝo;;;REDAKCIE;nobel-premio;;anonco
28 - 1997;oktobro;169;245-250;William McIlvanney;Identeco en diverseco;Perla Martinelli;angla;SPECIALE PEN;festparolo;;anonco
28 - 1997;oktobro;169;251;Judit Felszeghy;La taskoj donas forton kaj elanon;;;SPECIALE PEN;asembleo, dokumento;;anonco
28 - 1997;oktobro;169;252;Giorgio Silfer;De Napolo al Mantuo (16a ILF, Itala E-Kongreso);;;REDAKCIE;e-eventoj;;anonco
28 - 1997;oktobro;169;253-254;Ljubomir Trifonĉovski;Ekzamene evolui;;;TEATRO;teatra vespero;;teatro originala
28 - 1997;oktobro;169;255-259;Predrag Dakoviĉ;Analizo de personecoj de Kalocsay kaj Auld;;;ESEO;eseo;;eseo originala
28 - 1997;oktobro;169;260;Kiril Velkov;Rato tra la Reto;;;EN VITRINO;recenzo;Harry Harrison (1996), Naskiĝo de la Rustimuna Ŝtalrato, tr. el la angla;recenzo
28 - 1997;oktobro;169;261-262;István Nemere;Fojnodora murdo;;;EN VITRINO;recenzo;Sten Johansson (1997), Falĉita kiel fojno;recenzo
28 - 1997;oktobro;169;263-264;Marco Picasso;Unu, du… multaj;;;EN VITRINO;recenzo;André Cherpillod (1997), Historio de la ciferoj;recenzo
28 - 1997;oktobro;169;265-266;Sabine Trenner;Pro Po;;;HUMURO;speciala premio;;anonco
28 - 1997;oktobro;169;267-270;Giuliana Rossocci Bastogi;La longa atendo en mistera dezerto;;;BELETRO;prelego;;prozo originala
28 - 1997;oktobro;169;271;Julian Modest;Soif’ pri libereco;;;EN VITRINO;recenzo;"József Pesti (1997), Sur rando vulkana. 56 elektitaj poemoj pri Hungario inter la jaroj 1952 kaj 1956,
tr. Tibor Papp";recenzo
28 - 1997;oktobro;169;272;Tazio Carlevaro;Nepetita recenzo;;;PLANLINGVISTIKO;artikolo;;eseo originala
28 - 1997;oktobro;169;273-277;Andy Künzli;Ho, Svislando - kien?;;;KULTURPOLITIKO;recenzo;Martin Schuler, Therese Huissoud, Christophe Jemelin, Suzanne Stofer (1997), Strukturatlas der Schweiz. Atlas structurel de la Suisse;recenzo
28 - 1997;oktobro;169;278;Giorgio Silfer;Roĝeraj apud Gastonaj libroj;;;BELETRO;historio;;poezio originala
28 - 1997;decembro;170;283-284;Hans Christian Andersen;La eta knabino kun alumetoj;;;UVERTURO;fabelo;;poezio originala
28 - 1997;decembro;170;285-287;John Francis;Ree bolas La Granda Kaldrono;;;BELETRO;romano;;poezio originala
28 - 1997;decembro;170;288;Ljubomir Trifonĉovski;Ni jam agas dum oni debatas;;;SPECIALE PEN;konferenco;;anonco
28 - 1997;decembro;170;289-298;Nicolino Rossi;La napolaj kanzono kaj poezio;;;INTERNACIA LITERATURA FORUMO;prelego;;anonco
28 - 1997;decembro;170;299-301;Nadeĵda Sirkova;Kvin jarcentoj de La Sankta Manĝo;;;REDAKCIE;religio;;anonco
28 - 1997;decembro;170;302;redakcie;1998: invito al Ĉaŭdefono;;;KOMENTARIO;invito;;anonco
28 - 1997;decembro;170;303-306;Andy Künzli;Pri la laŭdira eksceso de Bitzius = Gotthelf;;;ESEO;eseo;;eseo originala
28 - 1997;decembro;170;307;redakcie;La kvintezo;;;KULTURPOLITIKO;unua forumo;;eseo originala
28 - 1997;decembro;170;308-309;redakcie;En ĉiu areto da cindro mi serĉas proksimulojn;;;INTERNACIA LITERATURA FORUMO;programo;;anonco
28 - 1997;decembro;170;310;redakcie;Nia artikolo en la libro faka, gaĝa;;;KOMENTARIO;nova eldono;;recenzo
28 - 1997;decembro;170;311-312;Wolfgang Kirschitein;Unua paŝo al plia famo;;;EN VITRINO;recenzo;Josip Velebit (1996), Kanto de telegrafistoj;recenzo
28 - 1997;decembro;170;313;Julian Modest;Lirika konfeso pri la hungara ebenaĵo;;;EN VITRINO;recenzo;Éva D. Kovács (1997), Lun-ŝafidoj. Lirika konfeso pri Hortobdgy, tr. Tibor Papp;recenzo
28 - 1997;decembro;170;314;Sabine Trenner;Fari elefanton el muso;;;HUMURO;poemo;;poezio originala
28 - 1997;decembro;170;315;Giorgio Silfer;CDELI: Tridekjara jubileo;;;SPECIALE KCE;jubileo;;anonco
28 - 1997;decembro;170;316-324;Daniele Vitali;Fonetika analizo de esperanto.Propono por metodologio;;;PLANLINGVISTIKO;artikolo;;eseo originala
28 - 1997;decembro;170;325;Raymond Wylleman;Denove pri olim kaj nelge;;;ESPERANTOLOGIO;lingvistiko;;eseo originala
28 - 1997;decembro;170;326-328;Leen C. Deij;Pri amoj;;;ESEO;eseo;;eseo originala
28 - 1997;decembro;170;329-330;Berta Lenard;Rakonto de Kristnasko;;;KONKURSFAKO;konkurso;;anonco
28 - 1997;decembro;170;331;Bernard Golden;Ne tralegi, sed tralerni;;;ESEO;artikolo;;eseo originala
28 - 1997;decembro;170;332;Tazio Carlevaro;De la malbono venas la bono;;;BILDLITERATURO;recenzo;James Thurber (1996), La lasta floro, tr. Liland B. Ros';recenzo
28 - 1997;decembro;170;333-334;Marco Picasso;Kino: preskaŭ festivalo;;;BELETRO;kino;;poezio originala
29 - 1998;februaro;171;3;Rikardo Ŝulco;La poeto morta;;;UVERTURO;poemo;;poezio originala
29 - 1998;februaro;171;4;Marc Hiltbrand;Ni strebu humile esti la pluso de la pluso;;;NOVJARA SALUTO;prozo;;prozo originala
29 - 1998;februaro;171;5-8;István Nemere;Krias la silento;;;BELETRO;romano;;poezio originala
29 - 1998;februaro;171;9-11;redakcie;William Auld;;;ESEO;kroniko;;eseo originala
29 - 1998;februaro;171;12-14;Hektor Alos i Font;Fernández, poeto de l’ ni, poezianta pri l’ kuno;;;EN VITRINO;recenzo;Miguel Fernandez (1996), El miaj sonoraj soloj;recenzo
29 - 1998;februaro;171;15-17;Nicolino Rossi;Futuras sonĝe pasintec’;;;EN VITRINO;recenzo;Nikolao Stranĝanski (1994), Luna pado;recenzo
29 - 1998;februaro;171;18;Mari-Roza Vilain-de Wolf;Konkurso La Verko de la Jaro;;;KONKURSFAKO;konkurso;;anonco
29 - 1998;februaro;171;19-20;Carlo Minnaja;La bonaĵoj ne estas novaj, la novaĵoj ne estas bonaj;;;LINGVISTIKO;recenzo;"Rikardo Ŝulco kaj
Hermano Bermano (1989) Leksara kolekto de ofte uzataj propraj nomoj";recenzo
29 - 1998;februaro;171;21-31;Detlev Blanke;La Enciklopedia Vortaro de Eugen Wüster;;;SPECIALE KCE;vortaro;;anonco
29 - 1998;februaro;171;32;Sten Johansson;Riĉa kolekto;;;TEATRO;recenzo;(1997), Antologio de kroataj unuaktaj dramoj, tr. Lucija Borčić, Zlata Flego, Ivo Borovečki, Zlatko Tišljar, Klaus Dahmann, Mirko Mamužić;recenzo
29 - 1998;februaro;171;33;Atrhur Baur;Conrad Ferdinand Meyer (1825-1898);;;MEMORE PRI;biografio;;nekrologo
29 - 1998;februaro;171;34-38;Conrad Ferdinand Meyer;Poemoj;Willy Nüesch;germana;BELETRO;poezio;;poezio tradukita
29 - 1998;februaro;171;39-40;Sarah Dukowsky;Infano surstrate;;;KOMENTARIO;rakonto;;prozo originala
29 - 1998;februaro;171;41-42;Paul Gubbins;Bone verki por infanoj duoble malfacilas;;;INFANLITERATURO;recenzo;Sten Johansson (1997), Mistero ĉe Nigra Lago. Originala romaneto por infanoj;recenzo
29 - 1998;februaro;171;43-46;Zdravka Bojĉeva;Vinilkosmo kun kultúra kaj stila riĉecoj;;;MUZIKO;recenzo;"Vinilkosmo eld. Eurokka (1995), Komputil' Vol. 1 (KD); Vinilkosmo eld. Eurokka (1996), Komputil' Vol. 2 (KD)";recenzo
29 - 1998;februaro;171;47-48;Elizabeta Regőczi;Paĝoj el la hungaraj tradicioj de la esperanta teatro;;;TEATRO;pupteatro;;teatro originala
29 - 1998;februaro;171;49-50;Marco Picasso;Kio estas katarismo?;;;HISTORIO;recenzo;André Cherpillod (1996), Katarismo kaj naskiĝo de Inkvizicio;recenzo
29 - 1998;februaro;171;51;Sabine Trenner;Konata melodio;;;REDAKCIE;speiala premio;;anonco
29 - 1998;februaro;171;52;Gian Carlo Fighiera;La transdono de Heroldo de Esperanto;;;REDAKCIE;dokumento;;anonco
29 - 1998;februaro;171;53;redakcie;La kvintezo;;;KULTURPOLITIKO;dokumento;;eseo originala
29 - 1998;februaro;171;54;Francisko Glavo;Stimula jarfino ĉe la Domparo;;;REDAKCIE;jarfina aranĝo;;eseo originala
29 - 1998;aprilo;172;59;Leen C. Deij;Infanludejo;;;UVERTURO;poemo;;poezio originala
29 - 1998;aprilo;172;60-65;Walter Żelazny;Sociologio de la Movado kaj la Internacia Lingvo;;;KULTURPOLITIKO;eseo;;eseo originala
29 - 1998;aprilo;172;66-69;Tazio Carlevaro;Esperantistoj en Svislando. Demografia enketo;;;KULTURPOLITIKO;enketo;;anonco
29 - 1998;aprilo;172;70;Giorgio Silfer;Ĉe la turnopunkto;;;SPECIALE KCE;historio;;anonco
29 - 1998;aprilo;172;71-72;Giorgio Silfer;"Mankas ""la"" al tiu koruso…";;;BELETRO;historio;;poezio originala
29 - 1998;aprilo;172;73-74;Giorgio Silfer;Montefeltro vokas;;;ESEO;artikolo;;eseo originala
29 - 1998;aprilo;172;75-76;Umberto Eco;Salvatore la senlingva;Perla Martinelli;itala;BELETRO;prozo;;prozo tradukita
29 - 1998;aprilo;172;77-81;Kris Long;Burĝonas interna pejzaĝo;;;BELETRO;romano;;prozo originala
29 - 1998;aprilo;172;82;redakcie;István Nemere;;;BELETRO;romano;;prozo originala
29 - 1998;aprilo;172;83-86;Lina Gabrielli;Nordvoja epistolo;;;BELETRO;poemo;;poezio originala
29 - 1998;aprilo;172;87-88;Nicolino Rossi;Nekutima verko releginda;;;HUMURO;recenzo;Abel Montagut (1997),  Karnavale — maskita rakonto;recenzo
29 - 1998;aprilo;172;89;Ljubomir Trifonĉovski;Kolekto kun ĝenra bunteco;;;TEATRO;recenzo;Sten Johansson (1996), Interkona mateno;recenzo
29 - 1998;aprilo;172;90;Sabine Trenner;...vivtragik’ ame rikantas…;;;BELETRO;prozo;;prozo originala
29 - 1998;aprilo;172;91-97;Bernard Golden;La SF-literaturo pri Marso kaj esperanto;;;BELETRO;eseo;;prozo originala
29 - 1998;aprilo;172;98-102;Armando Zecchin kaj Marco Picasso;Reen al Pinokjo;;;KOMENTARIO;korespondo;;prozo originala
29 - 1998;aprilo;172;103-104;Valdo Banaitis;Ne diskrete kaj sekrete, sed publike porlaike;;;LINGVISTIKO;eseo;;eseo originala
29 - 1998;aprilo;172;105-109;Claude Gacond;CDELI, mia ido! (1);;;MEMORE PRI;eseo;;eseo originala
29 - 1998;aprilo;172;110;François Degoul;Libro kun memvaloriga kaj kataloga funkcio;;;ZAMENHOFOLOGIO;recenzo;Hugo Röllinger (1997), Monumente pri Esperanto;recenzo
29 - 1998;junio;173;115;Penka Papazova;Iluzio pri flugo;;;UVERTURO;poemo;;poezio originala
29 - 1998;junio;173;117-118;Giorgio Silfer;De heterogena movadaro al koherema civito;;;KULTURPOLITIKO;artikolo;;eseo originala
29 - 1998;junio;173;119-121;redakcie;Kampanjo 2000 - de alia vidangulo;;;KULTURPOLITIKO;analizo;;eseo originala
29 - 1998;junio;173;122;redakcie;Cis kaj trans la Alpoj dum agrabla somero;;;SPECIALE KCE;informo;;anonco
29 - 1998;junio;173;123-126;François Degoul;Zamenhof la okcidentano;;;ZAMENHOFOLOGIO;historio;;eseo originala
29 - 1998;junio;173;127-128;Giorgio Silfer;Aga Magera Difura - la enciklopedia vortaro pri la inventitaj lingvoj;;;PLANLINGVISTIKO;vortaro;;anonco
29 - 1998;junio;173;129-130;Maria Avramova;Vortaro estas ankaŭ provoko;;;LINGVISTIKO;vortaro;;anonco
29 - 1998;junio;173;131-132;Blazio Vaha;Spontanea infanaĝa alproprigo de pluraj lingvoj;;;ESEO;eseo;;eseo originala
29 - 1998;junio;173;133-134;William Auld;Aminda = am-inda;;;INFANLITERATURO;recenzo;Leendert C. Deij (1997), Aminda;recenzo
29 - 1998;junio;173;135-138;Sabira Stahlberg;Virinoj;;;BELETRO;romano;;poezio originala
29 - 1998;junio;173;139-142, 166;Octavio Paz;La scia kontrakto;Perla Martinelli;hispana;BELETRO;eseo;;prozo tradukita
29 - 1998;junio;173;143-145;Nicolino Rossi;Giacomo Leopardi: la nesuperita pesimismo;;;REDAKCIE;eseo;;anonco
29 - 1998;junio;173;146-150;Giacomo Leopardi;Poemoj;Nicolino Rossi;itala;BELETRO;poezio;;poezio tradukita
29 - 1998;junio;173;151-152;Sylvan Zaft;Biblieca rakonto kronikeca;;;EN VITRINO;recenzo;"Torgiy Lindgren (1997), La vojo de serpento sur roko,
tr. Sten Johansson,";recenzo
29 - 1998;junio;173;153-155;Kris Long;Denove pri l’ iama belo;;;BELETRO;eseo;;prozo originala
29 - 1998;junio;173;156;Julian Modest;Nova novelaro - nova ĝuo;;;EN VITRINO;recenzo;Miklós Tóth-Máthé (1997), Trans la seĝo. Kvardek noveloj elektitaj, tr. Tibor Papp;recenzo
29 - 1998;junio;173;157-164;Claude Gacond;CDELI, mia ido! (2);;;MEMORE PRI;eseo;;eseo originala
29 - 1998;junio;173;165;Petko Arnaudov;Teatro gvidas la balkanan revigligon;;;ESEO;artikolo;;eseo originala
29 - 1998;aŭgusto;174;171;Patrizia Destro;Hajkoj el silento;;;UVERTURO;poemo;;poezio originala
29 - 1998;aŭgusto;174;172;Giorgio Silfer;Bledo, antaŭ Helsinkko;;;SPECIALE PEN;renkonto;;anonco
29 - 1998;aŭgusto;174;173-174;Mirko Mirković;Nekrologo de la Diablo pri Homo Sapiens;Judit Felszeghy;slovena;ESEO;prelego;;eseo tradukita
29 - 1998;aŭgusto;174;175-178;Vjaĉeslav Vasilkivskij;Personeco kaj ties strukturo;;;ESEO;eseo;;eseo originala
29 - 1998;aŭgusto;174;179-180;Venelin Mitev;Poezio adresita al ĉiu el ni;;;KONKURSFAKO;konkurso;;anonco
29 - 1998;aŭgusto;174;181-182;Julian Modest;Muroj falas, novaj masoniĝas;;;EN VITRINO;recenzo;Trevor Steele (1997), Falantaj muroj kaj aliaj rakontoj;recenzo
29 - 1998;aŭgusto;174;183-184;Nicolino Rossi;La vortoj flugas, sed la pensoj restas!;;;HUMURO;recenzo;diversaj (1996/97), Saĝo de jarcentoj;recenzo
29 - 1998;aŭgusto;174;185-186;Wolfgang Kirschitein;Facil-lega traduko;;;TRADUKARTO;recenzo;Benjamin Jacobsen (1997), Inter tero kaj ĉielo, tr. Sten Johansson;recenzo
29 - 1998;aŭgusto;174;187-188;Sarah Dukowsky;Suprenlevi tiun vualon de silento;;;EN VITRINO;recenzo;Ĝura (1997), Vualo de l' silento, tr. Henri Castiau;recenzo
29 - 1998;aŭgusto;174;189-200;Tomasz Chmielik;Se vi volas min viziti, faru tion ne susure;Tomasz Chmielik;pola;ESEO;eseo;;eseo tradukita
29 - 1998;aŭgusto;174;201-205;Halina Poświatowska;Mi tuŝis iam amon;Kris Long;pola;BELETRO;poemo;;poezio tradukita
29 - 1998;aŭgusto;174;206;Marie-France Conde Rey;Poemaro el la interna poŝo;;;EN VITRINO;recenzo;Lilia Nikolova (1997), Familio sava;recenzo
29 - 1998;aŭgusto;174;207-210;Doron Modan;Longa vojo en la silenton;;;HUMURO;eseo;;eseo originala
29 - 1998;aŭgusto;174;211-212;Giorgio Silfer;SOS: savi okcidentan staĝejon;;;REDAKCIE;anonco;;anonco
29 - 1998;aŭgusto;174;213;William Auld;"Letero al ""Monato""";;;;letero;;prozo originala
29 - 1998;aŭgusto;174;214-220;Claude Gacond;CDELI, mia ido! (3);;;MEMORE PRI;eseo;;eseo originala
29 - 1998;aŭgusto;174;221-222;Stefan MacGill;Ve, estas kata viv’;;;HUMURO;konkurso;;anonco
29 - 1998;oktobro;175;227;Ke Nan;Poemprozeroj;Zhang Xuesong;ĉina;UVERTURO;literaturo;;poezio tradukita
29 - 1998;oktobro;175;228;redakcie;Unua Forumo por la Esperanta Civito;;;;anonco;;anonco
29 - 1998;oktobro;175;229-236;Giorgio Silfer;La Grütli de Esperantio;;;KULTURPOLITIKO;eseo;;eseo originala
29 - 1998;oktobro;175;237;István Nemere;Arto estas longa, eĉ se vivo mallonga;;;NOVJARA SALUTO;forumo;;eseo originala
29 - 1998;oktobro;175;238-239;redakcie;Propono de Pakto por la Esperanta Civito;;;ESEO;historio;;eseo originala
29 - 1998;oktobro;175;240;Ljubomir Trifonĉovski;Esperanta PEN - unua paktinto PEN Internacia - nova ĉapitro;;;ESEO;speciale pen;;eseo originala
29 - 1998;oktobro;175;241;William Auld;Nobel-energio? Jes, dankon;;;REDAKCIE;nobel-premio;;anonco
29 - 1998;oktobro;175;242;Ljubomir Trifonĉovski;Ni trovis proksimulojn…;;;INTERNACIA LITERATURA FORUMO;historio;;anonco
29 - 1998;oktobro;175;243;Carlo Minnaja;Akademia celebro en Mantuo;;;REDAKCIE;jubileo;;anonco
29 - 1998;oktobro;175;244;redakcie;Nikolaj Lozgaĉev en LF;;;ESEO;dokumento;;eseo originala
29 - 1998;oktobro;175;245-250;Berta Lenard;Ludo kun ovoj;;;BELETRO;prozo;;prozo originala
29 - 1998;oktobro;175;251-256;Claude Gacond kaj Henri Dognac;Pretigo de instru-materialo;;;DIDAKTIKO;dialogo;;eseo originala
29 - 1998;oktobro;175;257-258;Boris Kolker;Moderna fabelo;;;EN VITRINO;recenzo;Sabira Stahlberg (1998), Durankulak;recenzo
29 - 1998;oktobro;175;259-260;László Radácsy;Pri Zamenhof kaj judismo aŭ pri io alia?;;;ZAMENHOFOLOGIO;recenzo;André Cherpillod (1997), Zamenhof kaj judismo;recenzo
29 - 1998;oktobro;175;261-262;Zofia Banet-Fornalowawa;Erarige kaj damaĝe;;;KOMENTARIO;historio;;eseo originala
29 - 1998;oktobro;175;263-269;Jakobo Verweij;Proverbo estas sperto, proverbo estas avertoZ;;;ESPERANTOLOGIO;eseo;;eseo originala
29 - 1998;oktobro;175;270;Julian Modest;Plezuro por infanoj kaj infankoraj plenkreskuloj;;;INFANLITERATURO;recenzo;Leen Deij (1997) Infaneske, skizis Lilli Giloteaux;recenzo
29 - 1998;oktobro;175;271;Fra Gaeta;En murangulo;;;BELETRO;poemo;;poezio originala
29 - 1998;oktobro;175;272;Kiril Velkov;Legendoj pri legendo;;;HISTORIO;recenzo;Mikaelo Bronŝtejn (1998), Legendoj pri SEJM;recenzo
29 - 1998;oktobro;175;273-274;Leen C. Deij;Analogioj;;;ESPERANTOLOGIO;eseo;;eseo originala
29 - 1998;oktobro;175;275;Tazio Carlevaro;Emile Boirac: ne nur filozofo;;;SCIENCO;recepto;;prozo originala
29 - 1998;oktobro;175;276-277;Kris Long;Ĝis dua eldono, duoble pli ampleksa;;;EN VITRINO;recenzo;diversaj aǔtoroj (1997), Erotika poezio en Esperanto, kompilis Boris Zozulja;recenzo
29 - 1998;oktobro;175;278;Sabine Trenner;"El ""Ink(aj)-ludoj""";;;HUMURO;poemo;;poezio originala
29 - 1998;decembro;176;283;Lina Gabrielli;Kilometrojn, kilometrojn;;;HUMURO;poemo;;poezio originala
29 - 1998;decembro;176;284;redakcie;Jubileaj monatfinoj;;;SPECIALE KCE;programo;;anonco
29 - 1998;decembro;176;285;Giorgio Silfer;OPA por Greziljono?;;;REDAKCIE;informo;;anonco
29 - 1998;decembro;176;286;redakcie;Stellan Engholm (1899-1960);;;INTERNACIA LITERATURA FORUMO;aranĝoj;;anonco
29 - 1998;decembro;176;286;redakcie;La esperanto-fonetiko;;;INTERNACIA LITERATURA FORUMO;aranĝoj;;anonco
29 - 1998;decembro;176;287-290;Claude Gacond kaj Henri Dognac;Naskiĝo kaj celoj de la revuo Literatura Mondo;;;DIDAKTIKO;dialogo;;eseo originala
29 - 1998;decembro;176;291-294;Andy Künzli;900 jarojn Hildegardis de Bingen kaj ŝia Lingua Ignota;;;PLANLINGVISTIKO;eseo;;eseo originala
29 - 1998;decembro;176;295-296;Tazio Carlevaro;Vortaro (ne) por komencantoj;;;LINGVISTIKO;recenzo;"Nino Vessella
kaj Renato
Corsetti (1998), Vocabolario Esperanto-Italiano. Italiano-Esperanto";recenzo
29 - 1998;decembro;176;297-302;Miguel Fernández;Lorca: poezia fenomeno el hispana or-epoko;;;REDAKCIE;eseo;;anonco
29 - 1998;decembro;176;303-318;Max Frisch;Rememoroj pri Brecht;rolfo ernesto;germana;ESEO;eseo;;eseo tradukita
29 - 1998;decembro;176;319-320;Marko Naoki Lins;Alta ĉielo, mallarĝa valo;;;REDAKCIE;librofoiro;;anonco
29 - 1998;decembro;176;321-322;Manuel de Seabra;Ametoso;;;EN VITRINO;recenzo;István Nemere (1997), Amparolo;recenzo
29 - 1998;decembro;176;323-324;István Nemere;Tunelo helnigra;;;EN VITRINO;recenzo;Marco Picasso (1998), La Tunelo;recenzo
29 - 1998;decembro;176;325-327;Claus J. Günkel;Eks-tremoj aŭ ekstr-emoj?;;;EN VITRINO;recenzo;Miguel Ferndndez, Jorge Camacho, Goncalo Neves kaj Liven Dek (1997), Ekstremoj;recenzo
29 - 1998;decembro;176;328-332;Zbigniew Galor;Danĝeraj skemoj;;;KOMENTARIO;eseo;;eseo originala
29 - 1998;decembro;176;333;Zofia Banet-Fornalowawa;Kio vere okazis en Pollando?;;;HISTORIO;eseoparto;;eseo originala
29 - 1998;decembro;176;334;redakcie;La Kvinpetalo Programo 1999;;;REDAKCIE;programo;;anonco
30 - 1999;februaro;177;3;Anja Karkiainen;De tiam;;;UVERTURO;poemo;;poezio originala
30 - 1999;februaro;177;4;Marc Hiltbrand;Du mondoj renkontiĝas survoje elvokante esperanton;;;NOVJARA SALUTO;bondeziro;;anonco
30 - 1999;februaro;177;5-7;Arthur Baur;Sorto de antologio;;;NOVJARA SALUTO;antologio;;eseo originala
30 - 1999;februaro;177;8;redakcie;Stellan Engholm, vivo kaj verkaro;;;INTERNACIA LITERATURA FORUMO;anonco;;anonco
30 - 1999;februaro;177;9-18;Leen C. Deij;La heredosako de Antonina Apollo;;;REDAKCIE;korespondo;;anonco
30 - 1999;februaro;177;19-24;Claude Gacond kaj Henri Dognac;La felietona literaturo;;;DIDAKTIKO;dialogo;;eseo originala
30 - 1999;februaro;177;25-26;Zlatoje Martinov;"Ĉu ni iru ""tien""?";;;EN VITRINO;recenzo;Johán Valano (1997), Tien;recenzo
30 - 1999;februaro;177;27;Kris Long;L’ animo kiu ĵus rifuĝon trovis…;;;EN VITRINO;recenzo;Andrej Capuder (1995), La vipo kaj la turbo;recenzo
30 - 1999;februaro;177;28-29;Sten Johansson, Maria Avramova;Maldensa liriko;;;KOMENTARIO;recenzo;Ljubomir Trifonĉovski (1998), La ballata della Luna e del Cervo;recenzo
30 - 1999;februaro;177;30-39;Carlo Minnaja;La konflikto ata-ita;;;ESPERANTOLOGIO;lingvistiko;;eseo originala
30 - 1999;februaro;177;40;Mari-Roza-de Wolf;Premio La Verko de la Jaro;;;KONKURSFAKO;konkurso;;anonco
30 - 1999;februaro;177;41-46;Horst Vogt;Vizito de l’ eksministro;;;HUMURO;prozo;;prozo originala
30 - 1999;februaro;177;47;Jirĵi Patera;Premiero en Prago;;;SPECIALE PEN;literaturo;;anonco
30 - 1999;februaro;177;48;Evolukomisiono;SAT-kongreso gastigos la duan forumon;;;KOMENTARIO;kongreso;;anonco
30 - 1999;februaro;177;49-50;François Degoul;Legeblas Zozulja, sed prefere Caubel;;;KULTURPOLITIKO;recenzo;Boris Zozulja (1997), Soci-politikaj konceptoj de L.L. Zamenhof;recenzo
30 - 1999;februaro;177;50;La Redakcio;Memore pri;;;MEMORE PRI;nekrologoj;;nekrologo
30 - 1999;februaro;177;51-52;B. A. I. Ruigrok;Vera surprizo kun veraj neatendaĵoj;;;LA SEPA ARTO;recenzo;"Thomas Doebele kaj Maarten Schmidt (1998), De nalatenschap van Doctor Esperanto / La postlasaĵo de
Doktoro Esperanto (filmo)";recenzo
30 - 1999;februaro;177;53-54;Perla Martinelli;Minora strebo al justo;;;MUZIKO;eseo;;eseo originala
30 - 1999;aprilo;178;59;Venelin Mitev;Arbo sen radikoj;;;UVERTURO;poemo;;poezio originala
30 - 1999;aprilo;178;61-68;Radosław Nowakowski;Letero el ekster la (E-) kulturo;;;KOMENTARIO;historio;;eseo originala
30 - 1999;aprilo;178;69-71;Giorgio Silfer;La unua fojo kun Ken Follett;;;KOMENTARIO;historio;;eseo originala
30 - 1999;aprilo;178;72;Enkela Xhamaj;Kvin poemoj;;;BELETRO;poezio;;poezio originala
30 - 1999;aprilo;178;73-74;Ljubomir Trifonĉovski;Mi poemon legas mian, de la koro ardan krion;;;HISTORIO;recenzo;Srdj Arandjelović, kompilinto kaj ĉefredaktoro (1998), Antologio de la serba poezio (1200-2000);recenzo
30 - 1999;aprilo;178;75-79;Carlo Minnaja;Casanova kiel eŭropano;;;HISTORIO;eseo;;eseo originala
30 - 1999;aprilo;178;80-86;Giacomo Casanova;Historio de mia vivo;Carlo Minnaja;itala;BELETRO;historio;;prozo tradukita
30 - 1999;aprilo;178;87;Paul Gubbins;Jen leginda krim- kaj kromromano;;;EN VITRINO;recenzo;Hjalmar Söderberg (1998), Doktoro Glas, tr. Sten Johansson;recenzo
30 - 1999;aprilo;178;88;Reza Kheir-Khah;Vojaĝo al ni mem, al nia memo;;;KOMENTARIO;recenzo;Sabira Ståhlberg (1998), Durankulak;recenzo
30 - 1999;aprilo;178;89-92;Jozefo Spini;La efekto Ferrúa;;;BELETRO;romano;;poezio originala
30 - 1999;aprilo;178;93-94;Leen C. Deij;Stellan Engholm kaj mi (1);;;REDAKCIE;korespondo;;anonco
30 - 1999;aprilo;178;95;Julian Modest;Komenco esperiga kaj sukcesa;;;EN VITRINO;recenzo;Valentin Melnikov, Klara Ilutoviĉ, Solomon Vynikov kaj Oĉjo Dadaev (1998), Moskvaro, originalaj poemoj;recenzo
30 - 1999;aprilo;178;97-99;Nicolino Rossi;Ne pelmele belas la surpriz’;;;EN VITRINO;recenzo;Sean O'Riorddin (1998), Noktaj papiloj,  tr. Meva Maron;recenzo
30 - 1999;aprilo;178;101-102;Aleksandar Ŝivarov;Vinile, ...sed iom humile;;;MUZIKO;recenzo;"Jacques Yvart (1998), 
kantas Georges Brassen (kompaktdisko); JoMo kaj
Liberecanoj (1998), JoMo kaj Liberecanoj (kompaktdisko)";recenzo
30 - 1999;aprilo;178;103-105;Zofia Banet-Fornalowawa;Emilija Lapenna tia kian mi konas;;;TEATRO;eseo;;teatro originala
30 - 1999;aprilo;178;106;Abel Montagut;Pri la nomformoj;;;KOMENTARIO;gramatiko;;eseo originala
30 - 1999;aprilo;178;107-108;Leen C. Deij;Dependas de la situacio;;;ESEO;eseo;;eseo originala
30 - 1999;aprilo;178;109-110;Hasan Jakub Hasan;Des pli, se ĝia temo estas daŭre aktuala…;;;HUMURO;recenzo;[André Cherpillod] (1998),  Disertacio pri la maniero feki, legita en Franca Akademio;recenzo
30 - 1999;junio;179;115;Imre Szabó;Soraj sojloj;;;UVERTURO;poemo;;poezio originala
30 - 1999;junio;179;116;István Nemere, Giorgio Silfer, Judit Felszeghy;Konstrui kulturon de paco;;;SPECIALE PEN;deklaro;;anonco
30 - 1999;junio;179;117-120;Marco Picasso;Ĉu esperanto aŭ espe...rano?;;;KULTURPOLITIKO;eseo;;eseo originala
30 - 1999;junio;179;121;Ljubomir Trifonĉovski;Razgrad, en junio;;;ESEO;kroniko;;eseo originala
30 - 1999;junio;179;122-129;François Degoul;Vojo ne nur studota, sed nepre aplikota;;;ZAMENHOFOLOGIO;eseo;;eseo originala
30 - 1999;junio;179;130-132;Leen C. Deij;Stellan Engholm kaj mi (2);;;REDAKCIE;korespondo;;anonco
30 - 1999;junio;179;133-136;Tazio Carlevaro;Amiko Andreas Juste, poeto idista;;;MEMORE PRI;eseo;;nekrologo
30 - 1999;junio;179;137;Giorgio Silfer;Ne poke sed pokere;;;KONKURSFAKO;kroniko;;anonco
30 - 1999;junio;179;138-142;Zofia Banet-Fornalowawa;Feliĉo komuna, jen celo komuna (1);;;REDAKCIE;eseo;;anonco
30 - 1999;junio;179;143;redakcie;KCE fariĝas domposedanto;;;SPECIALE KCE;historio;;anonco
30 - 1999;junio;179;144;Sabine Trenner;...kaj la sekva bonvolu…;;;EN VITRINO;recenzo;Manuel de Seabra (1997), Promeso en obskuro;recenzo
30 - 1999;junio;179;145-146;Sylvan Zaft;Kiel uzi inteligenton;;;TRADUKARTO;recenzo;Arthur Conan Doyle (1998),  La ĉashundo de la Baskerviloj, tr. William Auld;recenzo
30 - 1999;junio;179;147-148;Wolfgang Kirschitein;Vojaĝo al nova konscienco;;;EN VITRINO;recenzo;Carl Jonas Love Almqvist (1998), Tio konvenas, tr. Sten Johansson;recenzo
30 - 1999;junio;179;149-154;Sten Johansson;Se mi nur…;;;BELETRO;prozo;;prozo originala
30 - 1999;junio;179;155-156;Miroslav Malovec;Streĉa kaj interesa teksto;;;EN VITRINO;recenzo;István Nemere (1999), Serĉu, kaj vi trovos!;recenzo
30 - 1999;junio;179;157-159;Nicolino Rossi;Sur la barko de l’ rafino;;;EN VITRINO;recenzo;Timothy Brian Carr (1998), Sur Parnaso;recenzo
30 - 1999;junio;179;160-161;G. F. Makkink;La participaj morfemoj;;;KOMENTARIO;gramatiko;;eseo originala
30 - 1999;junio;179;162-165;Raita Pyhala;Koboldoj kaj feoj en norda Eŭropo;;;KULTURPOLITIKO;eseo;;eseo originala
30 - 1999;junio;179;166;redakcie;Preta la konstitucia propono!;;;KOMENTARIO;historio;;eseo originala
30 - 1999;aŭgusto;180;171;Leen C. Deij;Kanto de la Esperanta Civito;;;UVERTURO;poemo;;poezio originala
30 - 1999;aŭgusto;180;172-176;Abel Montagut;Historia kunteksto de la unuaj Internaciaj Floraj Ludoj;;;REDAKCIE;eseo;;anonco
30 - 1999;aŭgusto;180;177-178;Leen C. Deij;Stellan Engholm kaj mi (3);;;REDAKCIE;korespondo;;anonco
30 - 1999;aŭgusto;180;179-186;Giorgio Silfer;La dimanĉa brokantisto;;;TEATRO;unuakta dramo;;teatro originala
30 - 1999;aŭgusto;180;187-189;Nicolino Rossi;Lingvo verva kaj suka, pri tempaj foroj kaj primitivaj moroj;;;EN VITRINO;recenzo;B. Tornado (1996), Vivo de Prometeo;recenzo
30 - 1999;aŭgusto;180;190;Boris Kolker;Stranga paco en stranga mondo;;;EN VITRINO;recenzo;John Francis (1998), Tri rakontoj pri la Miljara Paco;recenzo
30 - 1999;aŭgusto;180;191-192;Anneke Schouten-Buys;Lando malekzista: libro nemalhavebla;;;EN VITRINO;recenzo;Edith Ståhlberg (1999), Lando malekzista, tr. Sabira Ståhlberg;recenzo
30 - 1999;aŭgusto;180;193;Manuel de Seabra;Tre interesa ER-AR-O;;;EN VITRINO;recenzo;Stig Jacobson (1998), Eraro;recenzo
30 - 1999;aŭgusto;180;194;Arminio Janner, Grytzko Mascioni, Elda Guidinetti, Alberto Nessi;La Tiĉina literaturo;Tomasz Chmielik;itala;HUMURO;prezento;;eseo tradukita
30 - 1999;aŭgusto;180;196-201;Elda Guidinetti;La fino sen komenco;;;BELETRO;prozo;;prozo originala
30 - 1999;aŭgusto;180;202;Ljubomir Trifonĉovski;Varsovio: komitataj elektoj;;;SPECIALE PEN;historio;;anonco
30 - 1999;aŭgusto;180;203-207;Zofia Banet-Fornalowawa;Feliĉo komuna, jen celo komuna (fino);;;REDAKCIE;eseo;;anonco
30 - 1999;aŭgusto;180;208-210;Carlo Minnaja;Slango: ĉu vere poezio de la ĉiutaga vivo?;;;LINGVISTIKO;recenzo;Wouter F. Pilger (1998),  Slango kaj ĵargono en Esperanto. Provizora privata listo de slango kaj ĵargono (kaj aliaj ne-PIV-aj signifoj);recenzo
30 - 1999;aŭgusto;180;210;André Cherpillod;La Diktaĵo de l Amerikoj;;;;;;eseo originala
30 - 1999;aŭgusto;180;211-212;Manfred Führer;Mire pri la daŭra konflikto;;;KOMENTARIO;gramatiko;;eseo originala
30 - 1999;aŭgusto;180;213-214;Perla Martinelli;Sub simpla kovrilo troviĝas trezoro;;;KULTURPOLITIKO;recenzo;Hamurabo (1999), Kodo de Hamurabo, tr. Tom Arbo Høeg kaj Odd Tangerud;recenzo
30 - 1999;aŭgusto;180;215-216;Tazio Carlevaro;Giuseppe Bevilacqua, la okcidentalisto;;;LINGVISTIKO;eseo;;eseo originala
30 - 1999;aŭgusto;180;217-218;Reino Eriksson;Ne mortigu la feinojn en vi mem;;;INFANLITERATURO;recenzo;Ervin Lazar (1998), La Sepkapa Feino, tr. Tibor Papp;recenzo
30 - 1999;aŭgusto;180;219-220;Sabine Trenner;Pro testo estu protesto!;;;HUMURO;prozo;;prozo originala
30 - 1999;aŭgusto;180;221-222;Marco Picasso;Jubilee al Luno;;;SCIENCO;eseo;;eseo originala
30 - 1999;oktobro;181;227;Giorgio Silfer;Infanrasa ŝiboleto;;;UVERTURO;ŝiboleto;;poezio originala
30 - 1999;oktobro;181;228-232;redakcie;Hodiaŭ Zamenhof elektus la trian scenaron;;;KULTURPOLITIKO;raporto;;eseo originala
30 - 1999;oktobro;181;233-234;Giorgio Silfer;Verda vindo por larĝe fermitaj okuloj;;;LA SEPA ARTO;recenzo;Arthur Schnitzler (1997), Sonĝonovelo, tr. Michel Duc Goninaz;recenzo
30 - 1999;oktobro;181;234;Heroldo Komunikas;Amnestio Internacia pledos por Sequoyah?;;;ESEO;;;eseo originala
30 - 1999;oktobro;181;235-238;Ronald Harwood;Adiaŭ al la Dudeka Jarcento;Aleksandar Ŝivarov;angla;SPECIALE PEN;historio;;anonco
30 - 1999;oktobro;181;239-264;Daniele Vitali;Elen síla lúmen’ omentielvo (1);;;ESEO;eseo;;eseo originala
30 - 1999;oktobro;181;265-274;redakcie;Projekto de Konstitucia Ĉarto de la Esperanta Civito;;;KULTURPOLITIKO;ĉarto;;anonco
30 - 1999;oktobro;181;275-276;Marija Beloŝeviĉ;Persone: ...kaj estas, jes;;;MUZIKO;recenzo;Persone (1998), ...kaj estas (KD);recenzo
30 - 1999;oktobro;181;277;Administra Komitato de LF-koop;Oficiala komuniko;;;REDAKCIE;komuniko;;anonco
30 - 1999;oktobro;181;278;redakcie;Heroldo de Esperanto 75-jara;;;ESEO;ekspozicio;;eseo originala
30 - 1999;oktobro;181;278;Ferenc Kardos;Unu-du beroj;Tibor Szabadi;hungara;NOVJARA SALUTO;poemo;;poezio tradukita
30 - 1999;decembro;182;283;Bogusław Sobol;Suspiro;;;UVERTURO;poemo;;poezio originala
30 - 1999;decembro;182;284-288;Andres Bickel;Lingvolibereco Svislande kaj 21-jarcente;;;ESEO;eseo;;eseo originala
30 - 1999;decembro;182;289-290;Marco Picasso;Esperanto por kiuj en la venontaj jaroj?;;;KULTURPOLITIKO;eseo;;eseo originala
30 - 1999;decembro;182;292-299;Walter Żelazny;Mia esperantismo venas de la civiliza valoro de esperanto;;;KULTURPOLITIKO;artikolo;;eseo originala
30 - 1999;decembro;182;300-304;Ferdinando Camon;La liberigo de la homoj estas la liberigado de la libroj;Laurent Vignaud;franca;SPECIALE PEN;eseo;;anonco
30 - 1999;decembro;182;305-306;Leen C. Deij;Stellan Engholm kaj mi (4);;;REDAKCIE;letero;;anonco
30 - 1999;decembro;182;307-318;Daniele Vitali;Elen síla lúmenn’ omentielvo (2);;;ESEO;eseo;;eseo originala
30 - 1999;decembro;182;319-320;Venelin Mitev;Neimageble fidelaj tradukoj;;;TRADUKARTO;recenzo;Aleksandr Puŝkin (1998), Elektitaj verkoj, tr. diversaj;recenzo
30 - 1999;decembro;182;321-322;Nicolino Rossi;Saluton, Nikolai, poeto-frato, magiisto versokrea;;;EN VITRINO;recenzo;Nikolai Lozgaĉev (1998), Sur tranĉrando de ponard';recenzo
30 - 1999;decembro;182;323-324;Julian Modest;Teatraĵoj gajaj kaj valoraj;;;TEATRO;recenzo;Paul Gubbins (1998), Konto de l' vivo;recenzo
30 - 1999;decembro;182;325;Malte Markheden;Flua kaj interesveka fantazio;;;INFANLITERATURO;recenzo;"Éva D. Kovács (1997), Cervoreĝo. Sonĝvojaĝoj de Adamo Lamo / A szarvaskirály. Biceg béci álomutazásai
(fabeloj / fabelromano)";recenzo
30 - 1999;decembro;182;326;Gunnar Gällmo;Pri la luna sekso;;;KOMENTARIO;komentario;;eseo originala
30 - 1999;decembro;182;327;Giorgio Silfer;La dudekkvina horo;;;NOVJARA SALUTO;meditado;;prozo originala
30 - 1999;decembro;182;328;redakcie;Nia kultura programo en 2000;;;SPECIALE KCE;informo;;anonco
30 - 1999;decembro;182;329-330;Marco Picasso;Kiu memoras Trasermo-n?;;;LINGVISTIKO;eseo;;eseo originala
30 - 1999;decembro;182;331-334;André Cherpillod;"La vorto ""Kristnasko"" tra la mondo";;;NOVJARA SALUTO;eseo;;eseo originala
31 - 2000;februaro;183;3;Peter Browne;Bela nigrulino;;;UVERTURO;poemo;;poezio originala
31 - 2000;februaro;183;4;Marc Hiltbrand;Kiu defendos niajn rajtojn?;;;NOVJARA SALUTO;saluto;;anonco
31 - 2000;februaro;183;5-6;Zofia Banet-Fornalowawa, Paolo Bonomi, Giorgio Silfer;Unua kortuma verdikto;;;KULTURPOLITIKO;prezento;;eseo originala
31 - 2000;februaro;183;7-8;Julian Modest;Eminenta bonkora poeto;;;NOVJARA SALUTO;recenzo;(1999), William Auld. 75 jaroj: Aŭtobiografio, poemoj, bibliografio. Redaktis Aleksander Korĵenkov;recenzo
31 - 2000;februaro;183;9;Ljubomir Trifonĉovski;Enkete kompili la liston;;;KOMENTARIO;plej eminentaj e-istoj;;eseo originala
31 - 2000;februaro;183;10-18;Claude Gacond kaj Henri Dognac;Ĉe la kabeinta Kabe;;;DIDAKTIKO;intervjuo;;intervjuo
31 - 2000;februaro;183;19;Mari-Roza-de Wolf;Premio La Verko de la Jaro;;;KONKURSFAKO;konkurso;;anonco
31 - 2000;februaro;183;20;Kurisu Kei;Japana PEN kaj nia lingvo;;;SPECIALE PEN;prezento;;anonco
31 - 2000;februaro;183;21-22;István Nemere;Paganoj kaj svedoj;;;EN VITRINO;recenzo;Sten Johansson (1999), Trans maro kaj morto;recenzo
31 - 2000;februaro;183;23;redakcie;19a Internacia Literatura Forumo;;;REDAKCIE;alvoko;;anonco
31 - 2000;februaro;183;24;Raita Pyhala;Dankema, scioplena respekto al arbaregoj;;;EN VITRINO;recenzo;"Josip Kozarac (1999),
Slavonia arbaro/ Slavonska šuma, tr. Davor Klobuĉar";recenzo
31 - 2000;februaro;183;26-30;Alexandre Dumas;La bernaj ursoj;Ursulo;franca;ESEO;eseo;;eseo tradukita
31 - 2000;februaro;183;31-32;Sylvan Zaft;Tra Maigret al la homa naturo;;;EN VITRINO;recenzo;Georges Simenon (1999), Maigret hezitas, tr. Daniel Luez;recenzo
31 - 2000;februaro;183;33-34;Tibor Szabadi;"Mi eksciis ion pri la ""nordia"" humoro, pensado kaj vivstilo";;;EN VITRINO;recenzo;Hjalmar Söderberg (1999), La pelto kaj dek kvar aliaj noveloj, tr. Sten Johansson;recenzo
31 - 2000;februaro;183;35-38;Frank Sammut;La malta revo;Carmel Mallia;malta;BELETRO;romano;;prozo tradukita
31 - 2000;februaro;183;39-41;Aleksandro Ĥarjkovskij;Rytjkov, la neforgesebla;;;TEATRO;eseo;;teatro originala
31 - 2000;februaro;183;42;Anna Lászay;Riĉa plado por folkorŝatantoj;;;MUZIKO;recenzo;Kajto (1999), Masko (kompakta disko);recenzo
31 - 2000;februaro;183;43-48;Zofia Banet-Fornalowawa;Imre Ungár, pianisto kun du patrujoj;;;HISTORIO;eseo;;eseo originala
31 - 2000;februaro;183;49-53;Vera Barandovska-Frank;Nuntempaj latinaj verkistoj: Jan Novák;;;BELETRO;eseo;;poezio originala
31 - 2000;februaro;183;54;Valdas Banaitis;La reala dudekkvina horo;;;KOMENTARIO;komentario;;eseo originala
31 - 2000;aprilo;184;59;Bogusław Sobol;Denove printempo;;;UVERTURO;poemo;;poezio originala
31 - 2000;aprilo;184;60-67;;Universala Deklaracio de Lingvaj Rajtoj (1);Perla Martinelli kaj Giorgio Silfer;franca;SPECIALE PEN;deklaracio;;anonco
31 - 2000;aprilo;184;68-74;Claude Gacond kaj Henri Dognac;Reymond Schwartz, la poeto ne intervjuebla;;;DIDAKTIKO;intervjuo;;intervjuo
31 - 2000;aprilo;184;75-76;Nicolino Rossi;Plej plaĉa komplimento ne estos la silento!;;;EN VITRINO;recenzo;Mişu Beraru (1998), Spite la vivon!;recenzo
31 - 2000;aprilo;184;77-79;André Cherpillod;Romano kun simplaj homoj;;;EN VITRINO;recenzo;Anna Löwenstein (1999), La ŝtona urbo;recenzo
31 - 2000;aprilo;184;80-86;Vera Barandovska-Frank;Nuntempaj latinaj verkistoj: Genevieve Imme;;;BELETRO;prelego;;poezio originala
31 - 2000;aprilo;184;87-91;Lena Karpunina;La persekuto;;;BELETRO;rakonto;;poezio originala
31 - 2000;aprilo;184;92-94;Daniele Vitali;Laika malkovro kaj faka reordigo;;;LINGVISTIKO;recenzo;André Cherpillod (1998), La galla lingvo. Historio, gramatiko, leksikono;recenzo
31 - 2000;aprilo;184;95-96;Julian Modest;La mirinda indiana vivo;;;KULTURPOLITIKO;recenzo;Luther Standing Bear (1999), Historietoj de la Siuoj, tr. Wiliiam R. Harmon;recenzo
31 - 2000;aprilo;184;97-100;Anna Lászay;Ni provas kontribui por la kompletigo de la kultúra eduko;;;MUZIKO;intervjuo;;intervjuo
31 - 2000;aprilo;184;101-108;Radosław Nowakowski;Libro arta - pri kio temas?;;;ESEO;eseo;;eseo originala
31 - 2000;aprilo;184;109;Philippe Cousson;Lernilo pri la hungara Reformacio;;;HISTORIO;recenzo;János Csohány (1999), Skizoj por la eklezia historio de la reformacio kaj la kontraŭreformacio, tr. Tibor Papp;recenzo
31 - 2000;aprilo;184;110;Marc Hiltbrand;Marc Hiltbrand konfirmita;;;REDAKCIE;anonco;;anonco
31 - 2000;junio;185;115;Tino Terzi;Defio;;;UVERTURO;poemo;;poezio originala
31 - 2000;junio;185;116;Ljubomir Trifonĉovski;"Aktuale pri ""Karnavale""";;;KONKURSFAKO;eseo;;anonco
31 - 2000;junio;185;117;Giorgio Silfer;Kara Yvonne;;;MEMORE PRI;rememoro;;nekrologo
31 - 2000;junio;185;118;Marie-France Conde Rey, HeKo;Solida muro kun kelkaj fendoj;;;BELETRO;raporto;;poezio originala
31 - 2000;junio;185;119-126;;Universala Deklaracio de Lingvaj Rajtoj (2);Perla Martinelli kaj Giorgio Silfer;franca;SPECIALE PEN;deklaracio;;anonco
31 - 2000;junio;185;127-134;Claus (Nikolao) Günkel;Do jen de la traduko kern’!;;;TRADUKARTO;recenzo;Johann Wolfgang von Goethe (1999), Fausto (I kaj II), tr. Karl Schulze;recenzo
31 - 2000;junio;185;135-138;Armando Zecchin;Vizito al Katerina;;;BELETRO;rakonto;;prozo originala
31 - 2000;junio;185;139-140;Manuel de Seabra;Noveloj konataj, kolekto por pli facile aprezi;;;EN VITRINO;recenzo;Auld, Lorjak, Nemere, Rossetti, Schwartz, Szathmári k.a. (1998), Vivo kaj morto de Wiederboren;recenzo
31 - 2000;junio;185;141-142;Julius Balbin;Kvar poemoj;;;BELETRO;poemo;;poezio originala
31 - 2000;junio;185;143-144;Miroslav Malovec;Lirikisto de ludema humoro kaj de filozofia meditado;;;MEMORE PRI;eseo;;nekrologo
31 - 2000;junio;185;145-148;Vera Barandovska-Frank;Nuntempaj latinaj verkistoj: Anna-Ilse Radke;;;BELETRO;prelego;;poezio originala
31 - 2000;junio;185;149-150;Sabine Trenner;Mi jam konas la vojon al Mirlando;;;INFANLITERATURO;recenzo;Lewis Carrol (1999), Alico en Mirlando, tr. Donald Broadribb;recenzo
31 - 2000;junio;185;151;Nicolino Rossi;Atesto pri vigla kulturvivo;;;EN VITRINO;recenzo;diversaj autoroj kaj tradukintoj (1999), Sonoj kaj kredoj el Razgrad;recenzo
31 - 2000;junio;185;152;Milena Makaveeva;Teatro plus muziko. Sed kial ne?;;;MUZIKO;recenzo;La Kompanoj (1999), Survoje, eld. Vivilkosmo (KD);recenzo
31 - 2000;junio;185;153-154;redakcie;Manifesto de Raŭmo;;;ESEO;manifesto;;anonco
31 - 2000;junio;185;155;redakcie;De Vraco al Razgrado;;;REDAKCIE;informo el heko;;anonco
31 - 2000;junio;185;156-162;Probal Daŝgupta;Plede por UEA-manifesto en Prago;;;KOMENTARIO;pledo;;eseo originala
31 - 2000;junio;185;163-166;Wojciech Usakiewicz;Laŭ la temo de Boy;;;ESEO;eseo;;eseo originala
31 - 2000;aŭgusto;186;171;Grigorij Arosijev;Duonsonĝo;;;UVERTURO;poemo;;poezio originala
31 - 2000;aŭgusto;186;172-177;Ljubomir Trifonĉovski;Pli gravas vivi raŭmisme ol subskribi la Manifeston;;;INTERVJUO;intervjuo;;intervjuo
31 - 2000;aŭgusto;186;178-186;Claude Piron;Kien esperanto?;;;ESEO;eseo;;eseo originala
31 - 2000;aŭgusto;186;187-189;Walter Żelazny;Ne silenti en informado;;;KULTURPOLITIKO;recenzo;Ziko Marcus Sikosek (1999), Esperanto sen mitoj;recenzo
31 - 2000;aŭgusto;186;190-191;Zlatoje Martinov;En Esperantio mi retrovis esperon;;;HISTORIO;prezento;;eseo originala
31 - 2000;aŭgusto;186;192-194;Cornelia Rau;"Esperanta hororo kun horora esperanto: ""Incubus""";;;LA SEPA ARTO;kino;;eseo originala
31 - 2000;aŭgusto;186;195-199;Nicolino Rossi;Mi ja amas liberon senligan, senĉesan;;;EN VITRINO;recenzo;Dan Tirinaro (1999), La Liberpoeto;recenzo
31 - 2000;aŭgusto;186;200;Viktor Arnold;Bizaraj paĝoj kun lingvaj novismoj;;;EN VITRINO;recenzo;Urmuz (1998), Paĝoj Bizaraj, tr. Ionel Oneț;recenzo
31 - 2000;aŭgusto;186;201-202;Miroslav Malovec;Vojaĝo al la regno de skandinavaj dioj;;;EN VITRINO;recenzo;Gunnar Gällmo (1999), Mokrokalvo, la gigantegegego;recenzo
31 - 2000;aŭgusto;186;203-206;Berta Lenard;Iam dimanĉe;;;BELETRO;rakonto;;prozo originala
31 - 2000;aŭgusto;186;207-208;Paul Gubbins;Sonĝon legi malfacilas;;;TEATRO;recenzo;August Strindberg (1999), Sonĝodramo, tr. Sten Johansson,;recenzo
31 - 2000;aŭgusto;186;209-212;Marco Picasso;Diĝita presado: ĉu inventita por la esperantistoj?;;;INTERNACIA LITERATURA FORUMO;eseo;;anonco
31 - 2000;aŭgusto;186;213-217;Johano Negrete;Ponto inter du kulturoj;;;FILOZOFIO;recenzo;J. Krishnamurti (1999), Libere de la konoj, tr. Yves Bachimont;recenzo
31 - 2000;aŭgusto;186;218-222;Leen C. Deij;La vero;;;SCIENCO;prozo;;prozo originala
31 - 2000;oktobro;187;227;Leen C. Deij;La spegulo;;;UVERTURO;poemo;;poezio originala
31 - 2000;oktobro;187;228-237;Daniele Vitali;Eŭropo post 1989: ĉu pli aŭ malpli da literaturaj lingvoj? (1);;;KULTURPOLITIKO;eseo;;eseo originala
31 - 2000;oktobro;187;238-239;redakcie;Deklaro de PSEK;;;ESEO;deklaro;;anonco
31 - 2000;oktobro;187;240;redakcie;Kursoj, semajnfinoj, kongresoj;;;SPECIALE KCE;informo;;anonco
31 - 2000;oktobro;187;241-242;Radojica Petroviĉ;Komputilreta komunikado: ŝanco kaj risko por nia kulturo?;;;INTERNACIA LITERATURA FORUMO;eseo;;anonco
31 - 2000;oktobro;187;243-244;Marija Beloŝeviĉ;Pli malmultekoste ol presi;;;INTERNACIA LITERATURA FORUMO;eseo;;anonco
31 - 2000;oktobro;187;245-247;Giacomo Leopardi;Dialogo de Modo kaj Morto;Carlo Minnaja;itala;DIDAKTIKO;prozo;;prozo tradukita
31 - 2000;oktobro;187;248-250;Radosław Nowakowski;Sono;;;BELETRO;prozo;;prozo originala
31 - 2000;oktobro;187;251-254;Nicolino Rossi;Elhajkaj vibroj;;;BELETRO;poemo;;poezio originala
31 - 2000;oktobro;187;255-263;Zofia Banet-Fornalowawa;La unuaj dramverkistoj por la verda teatro;;;TEATRO;eseo;;teatro originala
31 - 2000;oktobro;187;264;Anna Lászay;"""Kore"" kantas elkore";;;MUZIKO;recenzo;Kore (1999), Kaj Viv' (kompakta disko);recenzo
31 - 2000;oktobro;187;265-266;Dimitar Haĝiev;Ŝparu la tempon - legu aforismojn!;;;EN VITRINO;recenzo;Veselin Georgiev (1998), Nenio fremda por mi fremdas, tr. Jan Iodis kaj Galina Staneŝnikova;recenzo
31 - 2000;oktobro;187;267-271;Julian Modest;La sekreta urbo;;;BELETRO;prozo;;prozo originala
31 - 2000;oktobro;187;272-273;Glenda Maier kaj Sonia Maria;Du poetinoj el Rio-de-Ĵanejro;Pekim Vaz;portugala;TRADUKARTO;poezio;;poezio tradukita
31 - 2000;oktobro;187;274-278;Boriša Milićević;Tibor Sekelj (1912-1988);;;BELETRO;prozo;;prozo originala
31 - 2000;decembro;188;283;Anja Karkiainen;Vintraj linioj;;;UVERTURO;poemo;;poezio originala
31 - 2000;decembro;188;284-290;Daniele Vitali;Eŭropo post 1989: ĉu pli aŭ malpli da literaturaj lingvoj? (2);;;KULTURPOLITIKO;eseo;;eseo originala
31 - 2000;decembro;188;291-293;Claude Piron;Sonĝoscienco;;;ESEO;eseo;;eseo originala
31 - 2000;decembro;188;294-296;redakcie;Konkludoj de Segedo;;;ESEO;manifesto;;anonco
31 - 2000;decembro;188;297-303;Julian Modest;"""Kaj ridi, palpi, ardi"": la esperanta ampoezio";;;ESEO;eseo;;eseo originala
31 - 2000;decembro;188;299;Giorgio Silfer;William Auld: 29 jaroj en la servo de “Brita Esperantisto”;;;;;;eseo originala
31 - 2000;decembro;188;304-311;Zofia Banet-Fornalowawa;Homo landlima kun verda radiko;;;SPECIALE PEN;eseo;;anonco
31 - 2000;decembro;188;312-314;redakcie;Por vi, nia programo 2001!;;;SPECIALE KCE;informo;;anonco
31 - 2000;decembro;188;315-316;Radosław Nowakowski;Harminio;;;ESEO;eseo;;eseo originala
31 - 2000;decembro;188;317-318;Giorgio Silfer;La sola savo restas en arto;;;EN VITRINO;recenzo;"Valerij Brjusov (1999), Kvar noveloj, tr. Grigori Arosiev,
Aleksander Korĵenkov, Ilsia Novikova";recenzo
31 - 2000;decembro;188;319-320;Konstanten Krysakov;Kial ĝuste tio?;;;EN VITRINO;recenzo;Viktor Galeski (1999), Kalejdoskopo;recenzo
31 - 2000;decembro;188;321-322;Julian Modest;Mirakla ekzotika mondo;;;EN VITRINO;recenzo;Vimala Devi (2000), Musono, tr. Manuel de Seabra;recenzo
31 - 2000;decembro;188;323;Anna Lászay;Kantlibreto repertuare riĉa;;;MUZIKO;recenzo;Sten Johansson, komp. (2000), Kvinpinta kantaro;recenzo
31 - 2000;decembro;188;324;Anna Löwenstein / Ljubomir Trifonĉovski;Leterkesto;;;REDAKCIE;korespondo;;anonco
31 - 2000;decembro;188;325-330;Horst Vogt;Dialogo;;;HUMURO;prozo;;prozo originala
31 - 2000;decembro;188;331-333;Leen C. Deij;Neŭtrala;;;NOVJARA SALUTO;eseo;;eseo originala
31 - 2000;decembro;188;334;Ljubomir Trifonĉovski;Estimata leganto;;;REDAKCIE;letero;;anonco
32 - 2001;februaro;189;3;Conrad Ferdinand Meyer;Ĉio estis lud’;Willy Nüesch;germana;UVERTURO;poemo;;poezio tradukita
32 - 2001;februaro;189;4;Marc Hiltbrand;En Bulgario nia tria poluso;;;NOVJARA SALUTO;saluto;;anonco
32 - 2001;februaro;189;5-6;Giorgio Silfer;Gastejo Edmond Privat (1977-2001);;;ESEO;dokumento;;eseo originala
32 - 2001;februaro;189;7-8;redakcie;Bonvenon al Sabloneto, 14 junio 2001!;;;KOMENTARIO;programo;;anonco
32 - 2001;februaro;189;9-12;Leen C. Deij;VAK-rilato;;;KULTURPOLITIKO;eseo;;eseo originala
32 - 2001;februaro;189;13-16;Carlo Minnaja;Ne konkludo, sed komenco;;;REDAKCIE;eseo;André Cherpillod (2000), Gaston Waringhien, heroldo de la internacia lingvo;anonco
32 - 2001;februaro;189;17-24;Daniele Vitali;Eŭropo post 1989: ĉu pli aŭ malpli da literaturaj lingvoj? (3);;;KULTURPOLITIKO;eseo;;eseo originala
32 - 2001;februaro;189;25-26;Zlatoje Martinov;"""Mi vekas dormantan urbon""";;;ESEO;artikolo;;eseo originala
32 - 2001;februaro;189;27-32;Milan Orlić;Se ne la poeto;Zlatoje Martinov;serba;BELETRO;poemoj;;poezio tradukita
32 - 2001;februaro;189;33-34;Radosław Nowakowski;Tria orelo;;;BELETRO;prozo;;prozo originala
32 - 2001;februaro;189;35;Sabine Trenner;Serĉu Oz, la ĉion-povan;;;INFANLITERATURO;prozo;Lyman Frank Baum kun ilustraĵoj de W. W. Denslow (2000), La mirinda sorĉisto de Oz, tr. H. Dreyer;prozo originala
32 - 2001;februaro;189;36;redakcie;Premio La Verko de la Jaro 2001;;;KONKURSFAKO;konkurso;;anonco
32 - 2001;februaro;189;37-43;Julian Modest;Hema mankos al mi;;;BELETRO;prozo;;prozo originala
32 - 2001;februaro;189;44-46;Armando Zecchin kaj Luciano Mantaut;La misfortunoj de Bivana;;;KOMENTARIO;libro;;eseo originala
32 - 2001;februaro;189;47-51;Dimitar Haĝiev;Kiu kiam kaj kie estigis la novan eraon?;;;SCIENCO;historio;;eseo originala
32 - 2001;februaro;189;52;Jouko Lindstedt, Walter Żelazny,  Giorgio Silfer;Troviĝas ĉiaj gradoj de kulpo;;;REDAKCIE;leterkesto;;anonco
32 - 2001;februaro;189;54;redakcie;Ĉaŭdefono invitas printempe;;;SPECIALE KCE;invito;;anonco
32 - 2001;aprilo;190;59;Leen C. Deij;Vi;;;UVERTURO;poemo;;poezio originala
32 - 2001;aprilo;190;60-61;L.L. Zamenhof, Giorgio Silfer (komentario);Letero al Abraham A. Kofman de la 15a (28) de majo 1901;;;REDAKCIE;letero;;anonco
32 - 2001;aprilo;190;62;David Buhlmann;LF-koop pli kaj pli vigla;;;REDAKCIE;dokumento;;anonco
32 - 2001;aprilo;190;63-69;Marie-France Borot;La enigma dezir-objekto de Manuel de Seabra;Marie-France Conde Rey;franca;BELETRO;artikolo;;prozo tradukita
32 - 2001;aprilo;190;70-80;Manuel de Seabra;Ĉu vi konas Blaise Cendrars?;;;BELETRO;romano;;poezio originala
32 - 2001;aprilo;190;81-86;Raita Pyhala;Nia vivo estas skispuro sur blanka vastaĵo;;;KULTURPOLITIKO;eseo;;eseo originala
32 - 2001;aprilo;190;87-91;Daniele Vitali;Eŭropo post 1989: ĉu pli aŭ malpli da literaturaj lingvoj? (4);;;KULTURPOLITIKO;politiko;;eseo originala
32 - 2001;aprilo;190;92;Lilli Giloteaux kaj Leen C. Deij;Ideo tre interesa, sed…;;;REDAKCIE;letero;;anonco
32 - 2001;aprilo;190;93-94;Zamenhofano;Vastaj serĉoj kaj esploroj;;;HISTORIO;recenzo;Zofia Banet-Fornalowa (2000), La familio Zamenhof;recenzo
32 - 2001;aprilo;190;95;Pawlu Aquilina;Ĉi-nokte trapasis bojanta hundo;Carmel Mallia;malta;BELETRO;poemo;;poezio tradukita
32 - 2001;aprilo;190;96;Jordan Todorov;"Ne degelu nia ""koro blanka""";;;EN VITRINO;recenzo;Ivaniĉka Maĝarova (2000), Vi kaj mi;recenzo
32 - 2001;aprilo;190;97-98;Jose Antonio Morales;Por pli bone kompreni la mezepokan vivmanieron;;;MUZIKO;recenzo;"Kaj tiel plu (2000), Sojle de
la klara temp', eld. Vinilkosmo (kompakta disko)";recenzo
32 - 2001;aprilo;190;99-100;Radosław Nowakowski;Tembro;;;ESEO;artikolo;;eseo originala
32 - 2001;aprilo;190;101-102;Daniele Vitali;Vortoj por ludi, enciklopedio por poŝoj;;;LINGVISTIKO;recenzo;"Marco Picasso (1999), Parole in gioco. Falsi amici, curiosita, particolarita,
etimologie dell'esperanto
spiegatea “komencantoj”, “progresantoj”, “fluparolantoj” e a tutti coloro che si dilettano di curiosita linguistiche";recenzo
32 - 2001;aprilo;190;103-104;Nikola Uzunov;Ne por perei, sed por havi eternan vivon;;;FILOZOFIO;recenzo;Janos Csohany (1999), La vivovojo de Jesuo Kristo, deklar-historiaĵo nov-testamenta por privata kaj grupa studado, tr. Tibor Papp,;recenzo
32 - 2001;aprilo;190;105-106;Valentin Melnikov;Kien la fenestro?;;;KOMENTARIO;recenzo;László Ötvös (1999), Mia fenestro alĉiela;recenzo
32 - 2001;aprilo;190;107-108;Nicolino Rossi;Plagiato ĉe Jules Verne;;;ESEO;artikolo;;eseo originala
32 - 2001;aprilo;190;109-110;Reinhard Haupental;Ĉu la fino de la Ibera Skolo?;;;REDAKCIE;publika cirkulero;;anonco
32 - 2001;junio;191;115-117;Gabriel Mora i Arana;Ekzerco introspekta;;;UVERTURO;poemo;;poezio originala
32 - 2001;junio;191;118;Ljubomir Trifonĉovski;La Konstitucio - promulgita!;;;ESEO;historio;;eseo originala
32 - 2001;junio;191;119-120;Giorgio Silfer;Naskita por inspiri, ne por konspiri;;;KULTURPOLITIKO;alparolo;;anonco
32 - 2001;junio;191;121-122;Éva Farkas Tatár;Naskiĝis komunumo de bonvolaj homoj;;;NOVJARA SALUTO;prediko;;eseo originala
32 - 2001;junio;191;123-125;redakcie;Pakto por la Esperanta Civito;;;ESEO;ĉarto;;anonco
32 - 2001;junio;191;126;Leen C. Deij;La suno ne subiras;;;BELETRO;poemo;;poezio originala
32 - 2001;junio;191;127-136;Zofia Banet-Fornalowawa;Fidela apostolo li estis…;;;REDAKCIE;eseo;;anonco
33 - 2001;junio;191;136;Zofia Banet-Fornalowawa;Izrael Lejzerowicz: bibliografio;;;REDAKCIE;;;anonco
32 - 2001;junio;191;137-139;Boris Kolker;Ĝuinda romano;;;KONKURSFAKO;recenzo;Trevor Steele (2000), Neniu ajn papilio;recenzo
32 - 2001;junio;191;140-141;Trevor Steele;Antaŭ la kurtenoj;;;BELETRO;romano;;poezio originala
32 - 2001;junio;191;142-144;Sten Johansson;Perfide aŭ bonfide?;;;EN VITRINO;recenzo;Manuel de Seabra (2001), La tago kiam Jesuo perfidis Judason;recenzo
32 - 2001;junio;191;145-146;Paul Gubbins;Sentencoj foje tro sentimentalaj;;;ESEO;recenzo;Julian Modest (2000), Literaturaj konfesoj;recenzo
32 - 2001;junio;191;147-148;Leo Vulfoviĉ;Leginda kaŭkaza legendo;;;TRADUKARTO;recenzo;Mihail Lermontov (1999), Mcyri (Novico). Poemo (1839), tr. Boris Tornado.;recenzo
32 - 2001;junio;191;149-150;Xavier Margais;Mikso de historiaj datumoj kaj nesciencaj informoj;;;HISTORIO;recenzo;André Cherpillod (2000), Gilles de Rais, granda senjoro sodomiisto kaj murdisto;recenzo
32 - 2001;junio;191;151-163;Daniele Vitali;Litero J kaj Ŭ inter duonvokaloj kaj aproksimantoj;;;LINGVISTIKO;eseo;;eseo originala
32 - 2001;junio;191;164-166;Carlo Minnaja;Nur duvorta sed profunda saluto al Torben Kehlet;;;MEMORE PRI;omaĝo;;nekrologo
32 - 2001;aŭgusto;192;171-172;Johan Hammond Rosbach;Renoir;;;UVERTURO;poemo;;poezio originala
32 - 2001;aŭgusto;192;173;Perla Martinelli kaj Giorgio Silfer;Jorge Amado, amiko de Esperanta PEN-Centro;;;MEMORE PRI;omaĝo;;nekrologo
32 - 2001;aŭgusto;192;174-176;Walter Żelazny;Ĉu Roterdamo sin mortigas?;;;KOMENTARIO;eseo;;eseo originala
32 - 2001;aŭgusto;192;177;La Redakcio;Neniu havas la monopolon;;;REDAKCIE;dokumento;;anonco
32 - 2001;aŭgusto;192;178-180;Anatolo Gonĉarov;Mia animo ŝvebis en la kunven(ej)oj de Sabloneto;;;KOMENTARIO;artikolo;;eseo originala
32 - 2001;aŭgusto;192;181-187;Zofia Banet-Fornalowawa;Jakobo Ŝapiro - kies nomo neniam pereos;;;MEMORE PRI;omaĝo;;nekrologo
32 - 2001;aŭgusto;192;188;Giorgio Silfer;Kaoso en librobudo;;;HISTORIO;recenzo;Nina Borovko (2001), Kaoso en' Budapeŝto, tr. Kalle Kniivilä;recenzo
32 - 2001;aŭgusto;192;189-190;Dimitar Haĝiev;Necesa kaj utila vortaro;;;LINGVISTIKO;recenzo;"Ralph Harry kaj Brian Fox (2000), Australian & New Zealand Esperanto Dictionary of Australian and New Zealand
Words not in Other Esperanto Dictionaries (Aŭstralia kaj Nov-Zelanda Esperanto-Vortaro de Aŭstraliaj kaj Nov-Zelandaj Vortoj Netroveblaj en Aliaj Esperanto-Vortaroj)";recenzo
32 - 2001;aŭgusto;192;191-192;Mauro Nervi;Bonvena reeldono de interesa poezio;;;EN VITRINO;recenzo;Johan Valano (2001), Malmalice (dua eldono);recenzo
32 - 2001;aŭgusto;192;193-198;Julian Modest;La fermita konko;;;BELETRO;rakonto;;prozo originala
32 - 2001;aŭgusto;192;199-200;Vinko Ošlak;Malmultaj veraj metaforaj boŝdoj, nur komentoj, ĉiam komentoj;;;EN VITRINO;recenzo;Zlatko Tomičić (2000), Balado de la rektadorsa homo, tr. Josip Velebit;recenzo
32 - 2001;aŭgusto;192;201-202;Venelin Mitev;"""Li estos sav’ por Itali’ humila""";;;EN VITRINO;recenzo;Vittorio Russo (2001), Danteskaj Itineroj, tr. kaj red. Nicolino Rossi;recenzo
32 - 2001;aŭgusto;192;203-206;Valentin Melnikov;Por tutmondigi elstaran poeton, necesas nur elstaraj tradukoj;;;TRADUKARTO;eseo;;eseo originala
32 - 2001;aŭgusto;192;207-211;I. A. Krilov, A. S. Puŝkin kaj K. D. Balmont;Tradukoj de Sergej Rublov;Sergej Rublov;rusa;DIDAKTIKO;poezio;;poezio tradukita
32 - 2001;aŭgusto;192;212;Mariana Evlogieva;La unua KD-lernohelpilo: amuza, sed plibonigenda;;;DIDAKTIKO;recenzo;(kompakta disko) Mankas informoj pri la eldono;recenzo
32 - 2001;aŭgusto;192;213-214;Radosław Nowakowski;Ritmo;;;ESEO;artikolo;;eseo originala
32 - 2001;aŭgusto;192;215-217;Heliana Correa;La uzo de internacia lingvo ene de muziko estas tre natura;;;INTERVJUO;intervjuo;;intervjuo
32 - 2001;aŭgusto;192;218-220;Miko Sloper;Brokanta kanto povas esti konata kiel bona amiko;;;MUZIKO;recenzo;Esperanto Desperado (2001), Jen venas... Brokantaĵoj (kompakta disko);recenzo
32 - 2001;aŭgusto;192;220;Anna Lászay;Iom da bono de Bruna Ŝtono;;;MUZIKO;recenzo;Mikaelo Bronŝtejn (2000), lom da bono de Bruna Ŝtono (kompakta disko);recenzo
32 - 2001;aŭgusto;192;221-222;Georges Lagrange;La dilemo de La Kvinpetalo;;;REDAKCIE;gazetara komuniko;;anonco
32 - 2001;oktobro;193;227;Giorgio Silfer;Cigana somero;;;UVERTURO;poemo;;poezio originala
32 - 2001;oktobro;193;228-240;Walter Żelazny;Esperanto vidalvide al sociaj kaj religiaj pensoj;;;KULTURPOLITIKO;eseo;;eseo originala
32 - 2001;oktobro;193;241-255;Vinko Ošlak;Sentencoj (1975-1998);;;BELETRO;eseo;;poezio originala
32 - 2001;oktobro;193;256;Anna Lászay;Ni tostu la verdan fortunon…;;;MUZIKO;recenzo;Georgo Handzlik (2001), Bardo sen barbo (kompakta disko);recenzo
32 - 2001;oktobro;193;257-259;Miroslav Malovec;Nia Najado;;;ESEO;historio;;eseo originala
32 - 2001;oktobro;193;260-263;Carlo Minnaja;Purgatorio fine paradizas;;;EN VITRINO;recenzo;Dante Alighieri (2001), Purgatorio, dua kantiko de la Dia Komedio, tr. Enrico Dondi, ilustris G. Dore;recenzo
32 - 2001;oktobro;193;264-265;Daniele Vitali;La Hobitoj denove en niaj librobretoj;;;EN VITRINO;recenzo;J. R. R. Tolkien (2000), La Hobito aŭ tien kaj reen, tr. Christopher Gledhill;recenzo
32 - 2001;oktobro;193;266;Reinhard Haupental;Unuopaj konfesoj pri duopa delikto;;;REDAKCIE;publika cirkulero;;anonco
32 - 2001;decembro;194;271;Jan Stanisław Skorupski;Venos jaroj;;;UVERTURO;poemo;;poezio originala
32 - 2001;decembro;194;272-273;Raita Pyhala;Vidiadhar S. Naipaul kosmopolita verkisto;;;KONKURSFAKO;dokumento;;eseo originala
32 - 2001;decembro;194;274-275;Leen C. Deij;Toleremo kaj respekto;;;ESEO;dokumento;;eseo originala
32 - 2001;decembro;194;276-277;Vinko Ošlak;Same kiel la religioj, ankaŭ la utopioj ne toleras sin reciproke;;;REDAKCIE;artikolo;;anonco
32 - 2001;decembro;194;278-288;Nula Horo;Minorioj survoje;;;BELETRO;rakonto;;prozo originala
32 - 2001;decembro;194;289;Giorgio Silfer;Omaĝo al la Verdi-jaro;;;TEATRO;omaĝo;;nekrologo
32 - 2001;decembro;194;290;Carlo Minnaja;Gerolamo Cardano;;;BELETRO;monda premiero;;poezio originala
32 - 2001;decembro;194;291;Gerolamo Cardano;Pri la noblo kaj utilo de ĉi arto kaj pri malklaraj notacioj;Carlo Minnaja;latino;BELETRO;monda premiero;;poezio tradukita
32 - 2001;decembro;194;292;Giorgio Silfer;Dankon al Tazio Carlevaro;;;REDAKCIE;redakcie;;anonco
32 - 2001;decembro;194;293-298;Kaj Stridell;El melodio li faris ĵason;;;MUZIKO;artikolo;;eseo originala
32 - 2001;decembro;194;299;Anna Lászay;Esperanta traktado de konataj kantoj;;;MUZIKO;recenzo;Alberta Casey (1998), The Best of Alberta Casey in Esperanto Let There be Peace On Earth - Alberta Casey kantas tridek kantojn en Esperanto (kompakta disko);recenzo
32 - 2001;decembro;194;300;Georgi Mihalkov;Mi veku novajn regnojn per vorto;;;EN VITRINO;recenzo;Petar Baseski (1999), Damnita lando, tr. Nikola Uzunov;recenzo
32 - 2001;decembro;194;301-303;Anatolo Gonĉarov;Larmoj kaj kuraĝo ĉe la epok-ŝanĝo;;;EN VITRINO;recenzo;Bakin (1999), La Familio, tr. Wei Yida;recenzo
32 - 2001;decembro;194;304-307;Dimitar Haĝiev;Italio: Renzo Titone aŭgure al Umberto Eco;;;LINGVISTIKO;eseo;;eseo originala
32 - 2001;decembro;194;308-310;Svetla Petkova;Ni vivis malriĉe, sed feliĉe;;;ARTO;rememoro;;nekrologo
32 - 2001;decembro;194;311;redakcie;Profesia reĝisoro por la verda teatro;;;TEATRO;intervjuo;;intervjuo
32 - 2001;decembro;194;312-316;Zofia Banet-Fornalowawa;Vi venkos, Sinjoro, vi venkos!;;;HISTORIO;historio;;eseo originala
32 - 2001;decembro;194;317-321;Ljubomir Trifonĉovski;Esperanto ne estas temo en hodiaŭa Svislando;;;INTERVJUO;intervjuo;;intervjuo
33 - 2002;februaro;195;3;Albert Garcia;Sonetoj;;;UVERTURO;poemo;;poezio originala
33 - 2002;februaro;195;4-5;Walter Żelazny;Venkis ĉiuj, kiuj voĉdonis;;;NOVJARA SALUTO;dokumento;;eseo originala
33 - 2002;februaro;195;6;Vinko Ošlak;Ĝojante pri baldaŭa kunlaboro;;;NOVJARA SALUTO;dokumento;;eseo originala
33 - 2002;februaro;195;7;Ljubomir Trifonĉovski;Kiaj deponoj por niaj bibliotekoj?;;;KULTURPOLITIKO;dokumento;;eseo originala
33 - 2002;februaro;195;8;Gunnar Fischer;JoMo distras;;;MUZIKO;recenzo;JoMo (2001), JoMo friponas! (kompaktdisko);recenzo
33 - 2002;februaro;195;9;Marjorie Boulton;Inspiro, persistemo, intelekto;;;MEMORE PRI;poemo;;nekrologo
33 - 2002;februaro;195;10;De La Redakcio;Plena Ilustrita Vortaro;;;HISTORIO;prezento;;eseo originala
33 - 2002;februaro;195;11-14;De La Redakcio;Pretas jam la listo;;;ESEO;dokumento;;eseo originala
33 - 2002;februaro;195;15-16;Radosław Nowakowski;Melodio;;;ESEO;artikolo;;eseo originala
33 - 2002;februaro;195;17-22, 51-54;Dimitar Haĝiev;Hodiaŭ mi estas via samideano;;;HISTORIO;felietono;;prozo originala
33 - 2002;februaro;195;23-26;Martin Sorescu;"El ""Poemoj elektitaj… de la cenzuro""";Nicoleta Mendrea;rumana;BELETRO;poemoj;;poezio tradukita
33 - 2002;februaro;195;27-29;Perla Martinelli;Nekonformisma galego;;;ESEO;eseo;;eseo originala
33 - 2002;februaro;195;30;Milena Makaveeva;Tri poetoj, tri vivointerpretoj;;;MUZIKO;recenzo;LF-koop (2001), Esperanta Songazeto n-ro 12;recenzo
33 - 2002;februaro;195;31-32;Halmar Södrberg;La kiso;Johan Hammond Rosbach;sveda;BELETRO;prozo;;prozo tradukita
33 - 2002;februaro;195;33-37;Armando Zecchin;Kio al mi ne plaĉis en la letero al Romanoj;;;HUMURO;eseo;;eseo originala
33 - 2002;februaro;195;38;Alga Guernieri;Premio La Verko de la Jaro 2001;;;KONKURSFAKO;konkurso;;anonco
33 - 2002;februaro;195;39-43;Julian Modest;Akcidento;;;BELETRO;prozo;;prozo originala
33 - 2002;februaro;195;44-45;Oleg Izjumenko;"""La krimo"" ne puninda, sed laŭdinda";;;EN VITRINO;recenzo;Sten Johansson (2001), La krimo de Katrina;recenzo
33 - 2002;februaro;195;46-48;Leen C. Deij;Sonfiguroj por etuloj;;;ESPERANTOLOGIO;enkonduko;;anonco
33 - 2002;februaro;195;49-50;Paul Gubbins;Irite Dirite;;;EN VITRINO;recenzo;G. C. Negro (2001), Padanaj rakontoj — Historioj de l'montoj kaj de l' Granda Rivero;recenzo
33 - 2002;aprilo;196;59;Venelin Mitev;Viro mezaĝa;;;UVERTURO;poemo;;poezio originala
33 - 2002;aprilo;196;60-69;Vinko Ošlak;Zamenhof - la profeto de la justa paco;;;KULTURPOLITIKO;parolado;;anonco
33 - 2002;aprilo;196;70-71;el Heroldo de Esperanto;Demokratio efektive funkcianta;;;KULTURPOLITIKO;dokumento;;eseo originala
33 - 2002;aprilo;196;72;Heroldo Komunikas;Universitate kaj rete;;;REDAKCIE;informo;;anonco
33 - 2002;aprilo;196;73-74;Ágnes Verrasztó;Paŝoj al plena posedo - paŝo al perfektiĝo;;;DIDAKTIKO;recenzo;William Auld (2001), Paŝoj al plena posedo;recenzo
33 - 2002;aprilo;196;75-76;Radosław Nowakowski;Instrumento;;;ESEO;artikolo;;eseo originala
33 - 2002;aprilo;196;77-79;Raita Pyhala;Ĉirkaŭvolvi la terglobon trifoje;;;INFANLITERATURO;eseo;;eseo originala
33 - 2002;aprilo;196;80-82;Grigorij L. Arosev;Mejloŝtona tambureto;;;EN VITRINO;recenzo;Günter Grass (2000), La Lada Tambureto, tr. Tomasz Chmielik;recenzo
33 - 2002;aprilo;196;83;Judit Felszeghy;Londono anstataŭis Ohridon;;;SPECIALE PEN;dokumento;;anonco
33 - 2002;aprilo;196;84-86;Roland Giguère;"El ""La aĝo de vorto""";Michel Clément;franca;BELETRO;poemoj;;poezio tradukita
33 - 2002;aprilo;196;87-88;Egidio Gerola;Rakontoj pri birdoj;Umberto Broccatelli;itala;TRADUKARTO;rakonto;;prozo tradukita
33 - 2002;aprilo;196;89-90;Marianne Lund;En esperanto, ne en la lingvo de la malfeliĉa hejmo;;;BELETRO;prozo;;prozo originala
33 - 2002;aprilo;196;91-93;Radojica Petroviĉ;Zorgi kaj esperi;;;EN VITRINO;recenzo;(2001) Mondoj, eld. KLEKS;recenzo
33 - 2002;aprilo;196;94;Giorgio Silfer;Luís M. Hernándey Yzal;;;MEMORE PRI;omaĝo;;nekrologo
33 - 2002;aprilo;196;95-99;Armando Zecchin;Marŝas la kunularo de l’ Ringo;;;LA SEPA ARTO;filmo;;eseo originala
33 - 2002;aprilo;196;100;Gunnar Fischer;El Francio en Esperantujon;;;MUZIKO;recenzo;Morice Benin (2001), In-spir' (kompaktdisko);recenzo
33 - 2002;aprilo;196;101-106;Manuel de Seabra;"El ""Pejzaĝo kun figuro""";;;BELETRO;eseo;;poezio originala
33 - 2002;aprilo;196;107-108;Nicolino Rossi;...kaj Est’ majestas;;;BELETRO;poemo;;poezio originala
33 - 2002;aprilo;196;109-110;Cristian Declerck kaj Ljubomir Trifonĉovski;Kial ne… aliaj?;;;REDAKCIE;opinio;;anonco
33 - 2002;junio;197;115;William Auld;Amata mia, flegistino;;;UVERTURO;poemo;;poezio originala
33 - 2002;junio;197;116;Giorgio Silfer;Ekster Eŭrpo niaj plej aktivaj eldonejoj;;;KULTURPOLITIKO;statistiko;;anonco
33 - 2002;junio;197;117;Claus Günkel;Poezio malprivatas;;;KONKURSFAKO;recenzo;Mauro Nervi, Serio Kargo (2001), Havenoj;recenzo
33 - 2002;junio;197;118-121;André Cherpillod;Etimologia vortaro por la oficialaj vortoj;;;LINGVISTIKO;recenzo;"Ebbe Vilborg (1989-2001), Etimologia Vortaro de Esperanto.
unua volumo 1989 (A-D),
dua volumo 1991 (E-Ĵ),
tria volumo 1993 (K-M),
kvara volumo 1995 (N-R),
kvina volumo 2001 (S-Z)";recenzo
33 - 2002;junio;197;122-132;Armando Zecchin;"La roloj de Dio kaj religio laŭ ""La Infana Raso""";;;ESEO;eseo;;eseo originala
33 - 2002;junio;197;133-136;Sabira Stahlberg;Mi malkovris miajn dimensiojn;;;ESEO;eseo;;eseo originala
33 - 2002;junio;197;137-138;Tibor Papp;Anjo Amika estas unika;;;MUZIKO;recenzo;Anjo Amika (2002), Bela revo (kompaktdisko);recenzo
33 - 2002;junio;197;139-143;Sten Johansson;Jurali;;;BELETRO;novelo;;poezio originala
33 - 2002;junio;197;144;Perla Martinelli;Alloga gitarkoncerto;;;MUZIKO;recenzo;Duo de Guitarres Joan Ràfols (1999), Muziko por du gitaroj (kompaktdisko);recenzo
33 - 2002;junio;197;145-146;Wolfgang Kirschitein;Kion kaŝas la konko?;;;EN VITRINO;recenzo;Julian Modest (2001), La fermita konko;recenzo
33 - 2002;junio;197;147-148;Vinko Ošlak;Kial bigota?;;;ESEO;artikolo;;eseo originala
33 - 2002;junio;197;149;Johan Hammond Rosbach;Knut Hamsun kiel poeto;;;BELETRO;prezento;;poezio originala
33 - 2002;junio;197;150-151;Knut Hamsun;Poemoj;Johan Hammond Rosbach;norvega;BELETRO;prezento;;poezio tradukita
33 - 2002;junio;197;152;finna esperantisto;Laŭdinda iniciato;;;ESEO;dokumento;;eseo originala
33 - 2002;junio;197;153-154;Jefim Zajdman;Ja multaj el ili estis ne ordinaraj personoj;;;HISTORIO;artikolo;;eseo originala
33 - 2002;junio;197;155-156;François Degoul;Broŝuro modesta, dutema, klasika;;;KULTURPOLITIKO;recenzo;Hugo Sirk [2000], La homaranismo de Zamenhof — La ido-krizo;recenzo
33 - 2002;junio;197;157-158;Paul Gubbins;El malfeliĉo feliĉo;;;EN VITRINO;recenzo;"Lajos Kormendi (2002),  Fakso al la Savinto, aŭ Luizo IV en Bejglio,  tr. Tibor
Papp";recenzo
33 - 2002;junio;197;159-160;Viktor Pelevin;Sorĉisto Ignato kaj la homoj;;;HUMURO;historio;;prozo originala
33 - 2002;junio;197;161-162;Radosław Nowakowski;Parolado;;;BELETRO;prozo;;prozo originala
33 - 2002;junio;197;163;Marie-France Conde Rey;Ne lerni sed ludi;;;DIDAKTIKO;dokumento;Jon Rommesmo (2001), Esperanto ABC;eseo originala
33 - 2002;junio;197;164-166;Dimitar Haĝiev;La vojo tra la ardaĵo - tio estas vidi sin mem;;;KULTURPOLITIKO;eseo;;eseo originala
33 - 2002;aŭgusto;198;171;Paul Valéry;La dormantino;Jean Luc Tortel;franca;UVERTURO;poemo;;poezio tradukita
33 - 2002;aŭgusto;198;172-183;Dimitar Haĝiev;Efiko de la leĝo de la ekonomio en esperanto (1);;;ESPERANTOLOGIO;eeo;;eseo originala
33 - 2002;aŭgusto;198;184;Milena Makaveeva;Ja vi atingis la Belan Revon;;;MUZIKO;recenzo;Anjo Amika (2002), Bela revo (KD);recenzo
33 - 2002;aŭgusto;198;185-186;Radosław Nowakowski;Tapiŝo;;;BELETRO;prozo;;prozo originala
33 - 2002;aŭgusto;198;187-188;Wolfgang Kirschitein;Trakti eksterkosmanojn;;;EN VITRINO;recenzo;István Nemere (2001), Vizito sur la teron;recenzo
33 - 2002;aŭgusto;198;189-190;Zlatoje Martinov;Ironia, sincera, sentema poezio;;;HUMURO;recenzo;Grigorij Arosev (2001), RU, ruse kaj esperantlingve;recenzo
33 - 2002;aŭgusto;198;191-192;Constantin Dominte;Quies Mendax;;;BELETRO;prozo;;prozo originala
33 - 2002;aŭgusto;198;193-195;Johan Hammond Rosbach;La kato;;;BELETRO;rakonto;;prozo originala
33 - 2002;aŭgusto;198;196-201;Trevor Steele;"El volumo 2 de ""La fotoalbumo""";;;BELETRO;romano;;poezio originala
33 - 2002;aŭgusto;198;202-203;Giorgio Silfer;Lapennismo atendas ankoraŭ sian juĝon;;;HISTORIO;recenzo;Wim de Smet  (2002), UEA en la periodo 1970-1980 (Premio Miyoshi 2001);recenzo
33 - 2002;aŭgusto;198;204-208;La Redakcio;Protokolo pri la Forumo de la paktintaj establoj;;;KULTURPOLITIKO;dokumento;;eseo originala
33 - 2002;aŭgusto;198;209-219;La Redakcio;Protokolo pri la Senato de la Esperanta Civito;;;KULTURPOLITIKO;dokumento;;eseo originala
33 - 2002;aŭgusto;198;220;Fra Gaeta;Etaj meditoj;;;BELETRO;poemo;;poezio originala
33 - 2002;aŭgusto;198;221;Julian Modest;Fenestro al la korea literaturo;;;EN VITRINO;recenzo;"Gho Sung Ho
/Kim Uson, komp. (1999), Korea antologio de noveloj";recenzo
33 - 2002;aŭgusto;198;222;André Cherpillod;Melongeno kaj artiŝoko;;;LINGVISTIKO;artikolo;;eseo originala
33 - 2002;oktobro;199;227;Anja Karkiainen;Komparoj (en oktobro 2001);;;UVERTURO;poemo;;poezio originala
33 - 2002;oktobro;199;228-229;Mariano Gonzalez;Anstataŭ recenzo;;;BELETRO;letero;;prozo originala
33 - 2002;oktobro;199;230-231;Giorgio Silfer kaj Ljubomir Trifonĉovski;Pri Palestino pasis nia amendo;;;SPECIALE PEN;dokumento;;eseo originala
33 - 2002;oktobro;199;232-236;Juhan Jacobo Schmitter;Homero Aridjis: fajro el poezia kvarangulo;;;REDAKCIE;literaturo;;eseo originala
33 - 2002;oktobro;199;237-248;Vinko Ošlak;Haecker, la pensulo pri Eŭropo (1);;;ESEO;eseo;;eseo originala
33 - 2002;oktobro;199;249-250;Judit Felszeghy;Holokaŭsto ne havas lingvon;;;KONKURSFAKO;dokumento;;eseo originala
33 - 2002;oktobro;199;251-253;Julian Modest;Oĉjo Zahari;;;BELETRO;novelo;;prozo originala
33 - 2002;oktobro;199;254-255;Sabira Stahlberg;Senlima fluo de la vivo - Gunnar Björing;;;ESEO;artikolo;;eseo originala
33 - 2002;oktobro;199;255-257;Gunnar Björing;Poemoj;Sabira Stahlberg;sveda;BELETRO;poemo;;poezio tradukita
33 - 2002;oktobro;199;258-259;Claus (Nikolao) Günkel;150 jaroj de Eminescu - eminenta, emocia, merite;;;EN VITRINO;recenzo;Mihai Eminescu (2001), Eminescu en Esperanto. Poeziaĵoj, tr. diversaj tradukintoj;recenzo
33 - 2002;oktobro;199;260;Anna Lászay;Nia unua simfonio, La Esperanta;;;MUZIKO;recenzo;David Gaines (2001), Simfonio n-ro 1, La Esperanta (KD);recenzo
33 - 2002;oktobro;199;261-262;Radosław Nowakowski;Improvizado;;;ESEO;artikolo;;eseo originala
33 - 2002;oktobro;199;263;Giorgio Silfer;Federismo kaj Esperantio;;;ESEO;dokumento;;eseo originala
33 - 2002;oktobro;199;264;La Redakcio;Kiel peti Esperantan civitanecon;;;KULTURPOLITIKO;dokumento;;eseo originala
33 - 2002;oktobro;199;265-266;Jefim Zajdman;Rakonto pri la flago;;;HISTORIO;dokumento;;eseo originala
33 - 2002;oktobro;199;267-268;Boriŝa Miliĉeviĉ;La proverboj - esprimoj de popola filozofio;;;KULTURPOLITIKO;lingvo;;eseo originala
33 - 2002;oktobro;199;269-276;Dimitar Haĝiev;Efiko de la leĝo de la ekonomio en esperanto (2);;;ESPERANTOLOGIO;eseo;;eseo originala
33 - 2002;oktobro;199;276;Marc Hiltbrand;Ĝenerala asembleo de LF-koop;;;REDAKCIE;oficiale;;anonco
33 - 2002;oktobro;199;277-278;André Cherpillod;Oranĝo kaj mandarino;;;LINGVISTIKO;lingvo;;eseo originala
33 - 2002;decembro;200;283-284;Gabriel Garcia Márquez;La pupo el ĉifonoj;Giorgio Silfer;hispana;UVERTURO;poemo;;poezio tradukita
33 - 2002;decembro;200;285-291;Carlo Minnaja;La unua jaro de kelkaj literaturaj revuoj;;;NOVJARA SALUTO;eseo;;eseo originala
33 - 2002;decembro;200;292;Ljubomir Trifonĉovski;33 ekde 1970 = 200: la mirinda aventuro daŭras!;;;NOVJARA SALUTO;dokumento;;eseo originala
33 - 2002;decembro;200;293-294;Walter Żelazny;Por ke la esperantistoj ne pereu antaŭ sia morto;;;KULTURPOLITIKO;dokumento;;eseo originala
33 - 2002;decembro;200;295-305;Vinko Ošlak;Haecker, la pensulo pri Eŭropo (2);;;ESEO;eseo;;eseo originala
33 - 2002;decembro;200;306;Marie-France Conde Rey;Du personaj poemoj;;;BELETRO;poemoj;;poezio originala
33 - 2002;decembro;200;307-312;Sabira Stahlberg;Ramstedt - celebrata sciencisto, forgesita esperantisto;;;HISTORIO;eseo;;eseo originala
33 - 2002;decembro;200;313-317;Mariet Meester;Oblomov kiel virino;Paul Gubbins;angla;SPECIALE PEN;dokumento;;anonco
33 - 2002;decembro;200;318-322;Dimitar Haĝiev;Efiko de la leĝo de ekonomio en esperanto (3);;;ESPERANTOLOGIO;eseo;;eseo originala
33 - 2002;decembro;200;323-326;Massimo Acciai;La legantovendejo;;;BELETRO;rakonto;;prozo originala
33 - 2002;decembro;200;327-328;Radosław Nowakowski;Avangardo;;;ESEO;lingvo;;eseo originala
33 - 2002;decembro;200;329;Milena Makaveeva;"Sone pri ""Persone""";;;MUZIKO;recenzo;Persone (2002), Sen (KD);recenzo
33 - 2002;decembro;200;330-331;André Cherpillod;Urso: kurioza ekzemplo de vortmalpermeso;;;LINGVISTIKO;lingvo;;eseo originala
33 - 2002;decembro;200;332-334;Kim Uson;Koreaj tradiciaj kutimoj por festi la novjaran tagon;;;KULTURPOLITIKO;eseo;;eseo originala
34 - 2003;februaro;201;3;Zhang Xuesong;Patro;;;UVERTURO;poemo;;poezio originala
34 - 2003;februaro;201;4-6;Giorgio Silfer;La iniciatoro laŭ la hebrea enciklopedio;;;ZAMENHOFOLOGIO;historio;;eseo originala
34 - 2003;februaro;201;7-10;Sabira Stahlberg kun Lucina Kathmann;Vivo por marĝenigita literaturo;;;SPECIALE PEN;intervjuo;;intervjuo
34 - 2003;februaro;201;11-20;Michel Thomas-Penette;Mia espero estas la kunpartigita memoro;Marie-France Conde Rey;franca;KULTURPOLITIKO;eseo;;eseo tradukita
34 - 2003;februaro;201;21-22;Venelin Mitev;Modernismo - spirita hejmo de esperanta poeto;;;EN VITRINO;recenzo;Jarlo Martelmonto (2002), Cetercetere  (poemaro kun kompaktdisko);recenzo
34 - 2003;februaro;201;23-27;Zofia Banet-Fornalowawa;Odo Bujwid, ne nur sciencisto, ankaŭ merita esperantisto;;;HISTORIO;eseo;;eseo originala
34 - 2003;februaro;201;28-29;La Redakcio;Denove Varsovio komunikas;;;ESEO;historio;;eseo originala
34 - 2003;februaro;201;30;Asen Grigorov;Mia kanto;;;REDAKCIE;poemo;;anonco
34 - 2003;februaro;201;31-32;Gbeglo Koffi;La kapo de Midi;;;BELETRO;rakonto;;prozo originala
34 - 2003;februaro;201;33-36;Giorgio Silfer;Dialogo kun la glotologo;;;HUMURO;skeĉo;;teatro originala
34 - 2003;februaro;201;37;Alga Guernieri;La Verko de la Jaro 2002;;;KONKURSFAKO;konkurso;;anonco
34 - 2003;februaro;201;38-41;Gunnar Gällmo;Alfred Nobel - verkisto silentigita;;;TEATRO;eseo;;teatro originala
34 - 2003;februaro;201;42;Radosław Nowakowski;Branĉoj;;;BELETRO;prozo;;prozo originala
34 - 2003;februaro;201;43-44;Perla Martinelli;Cedis la sutra koro de Lou Harrison;;;MUZIKO;prezento;;eseo originala
34 - 2003;februaro;201;45-46;Johan Hammond Rosbach;Mona kaj Johano;;;BELETRO;prozo;;prozo originala
34 - 2003;februaro;201;47-48;Daniele Vitali;"""La Du Turoj"": dua mistrafita okazo";;;LA SEPA ARTO;filmo;Peter Jackson, reĝisoro (2002), The Two Towers (filmo);eseo originala
34 - 2003;februaro;201;49-53;Vinko Ošlak;La dua letero al slovenoj;;;ESEO;artikolo;;eseo originala
34 - 2003;februaro;201;54;Heroldo Komunikas;Marc Hiltbrand konfirmita;;;REDAKCIE;informo;;anonco
34 - 2003;aprilo;202;59-61;Bertold Brecht;Legendo pri la morta soldato;Hans-Georg Kaiser;germana;UVERTURO;poemo;;poezio tradukita
34 - 2003;aprilo;202;62;Walter Żelazny;Deklaro pri la baldaŭa milito;;;KULTURPOLITIKO;dokumento;;eseo originala
34 - 2003;aprilo;202;63-68;Nicolino Rossi;Esplorvojaĝo tra la originalaj poemoj de L. L. Zamenhof (1);;;ZAMENHOFOLOGIO;poemo;;poezio originala
34 - 2003;aprilo;202;69-72;Isak Pasi;La elaĉeto;Dimitar Haĝiev;bulgara;ESEO;eseo;;eseo tradukita
34 - 2003;aprilo;202;73-76;Oleg Izjumenko;Kontraŭstari senperforte;;;KULTURPOLITIKO;historio;;eseo originala
34 - 2003;aprilo;202;77;Venelin Mitev;Ne vundu poiome;;;BELETRO;poemo;;poezio originala
34 - 2003;aprilo;202;78-80;Ljubomir Trifonĉovski;Nova kontribuo al nia originala teatro;;;INTERVJUO;prozo;;intervjuo
34 - 2003;aprilo;202;81-83;Constantin Dominte;La okuloj de la imperiestro;;;ESEO;artikolo;;eseo originala
34 - 2003;aprilo;202;84-85;Radosław Nowakowski;Talento;;;ESEO;artikolo;;eseo originala
34 - 2003;aprilo;202;86;A. S. Puŝkin;El Pindemonti;Mikael Giŝpling;rusa;BELETRO;poemo;;poezio tradukita
34 - 2003;aprilo;202;87-98;Sabira Stahlberg kaj Anja Karkiainen;Pejko, Elfi kaj Tonti aŭ La granda trezor-serĉado;;;INFANLITERATURO;teatraĵo por infanoj;;teatro originala
34 - 2003;aprilo;202;99-100;Carlo Minnaja;Ekvilibre, kun stumbletoj;;;EN VITRINO;recenzo;Nikolao Gudskov (2002), Epitomo de esperantologio;recenzo
34 - 2003;aprilo;202;101-102;Vimala Devi;Dubo;;;BELETRO;novelo;;prozo originala
34 - 2003;aprilo;202;103-104;Valdo Banaitis;Voĉo por la libro voĉa!;;;KOMENTARIO;artikolo;;eseo originala
34 - 2003;aprilo;202;105;Laĉezar Krastev;Bretone, esperante, koruse;;;MUZIKO;artikolo;;eseo originala
34 - 2003;aprilo;202;106;Sabine Trenner;"El ""Ink-(a)ludoj"": Kul-turo";;;HUMURO;poemo/desegnoforma;;poezio originala
34 - 2003;aprilo;202;107-108;Tibor Papp;"Kial ne ""sportas"" la sportistoj?";;;ESPERANTOLOGIO;eseo;;eseo originala
34 - 2003;aprilo;202;109;Gilbret Ledon;Fluge, flugen…;;;MEMORE PRI;letero;;nekrologo
34 - 2003;aprilo;202;110;La Redakcio;Daniel Muhlemann prezidas;;;SPECIALE KCE;heko informoj;;anonco
34 - 2003;junio;203;115;Jan Stanisław Skorupski;Hodiaŭ estas mia naskiĝtago;;;UVERTURO;poemo;;poezio originala
34 - 2003;junio;203;116-120;Carlo Minnaja;La arto fariĝi centjara;;;REDAKCIE;eseo;;anonco
34 - 2003;junio;203;121-125;Nicolino Rossi;Esplorvojaĝo tra la originalaj poemoj de L. L. Zamenhof (2);;;ZAMENHOFOLOGIO;eseo;;eseo originala
34 - 2003;junio;203;126;Milena Makaveeva;El la oceano de elektroniksonoj;;;MUZIKO;recenzo;(2003), Elektronika Kompilo, eld. Vivilkosmo (KD);recenzo
34 - 2003;junio;203;127-154;Giorgio Silfer, Jordan (Dany) Todorov (notoj);La familio de Anto Speri;;;TEATRO;teatraĵo;;teatro originala
34 - 2003;junio;203;155;Ljubomir Trifonĉovski;Fruktodona tempo en nia originala prozo;;;KONKURSFAKO;konkurso;;anonco
34 - 2003;junio;203;156-158;Dimitar Haĝiev;L. L. Zamenhof laŭ du ruslingvaj judaj enciklopedioj;;;KOMENTARIO;dokumento;;eseo originala
34 - 2003;junio;203;159-160;Jarlo Martelmonto;Io vere mirinda;;;EN VITRINO;recenzo;Selma Lagerlof (2000), La mirinda vojaĝo de Nils Holgersson, tr. Sten Johansson;recenzo
34 - 2003;junio;203;161-164;Ernst Hemingway;Pura, bone lumigita kafejo;Hans-Georg Kaiser;angla;BELETRO;prozo;;prozo tradukita
34 - 2003;junio;203;165-166;Sabira Stahlberg;La silenta laŭta voĉo;;;SPECIALE PEN;recenzo;Martha Cerda, komp. kaj Iride Rossi de Fiori, red. (2001), Nuestra Voz — Notre Voix — Our Voice I-II, International P.E.N. Women Writers Committee (IPWWO);recenzo
34 - 2003;aŭgusto;204;171-172;William Shakespeare;"""Hamleto"" (el akto tria, sceno unua)";L. L. Zamenhof;angla;UVERTURO;teatraĵo;;teatro tradukita
34 - 2003;aŭgusto;204;173-178;Walter Żelazny;La lingva politiko de la Eŭropa Komunumaro kaj esperanto;;;KULTURPOLITIKO;eseo;;eseo originala
34 - 2003;aŭgusto;204;179-180;Heroldo Komunikas;Ĉaŭdefono 2003: du kongresoj en unu;;;ESEO;dokumento;;eseo originala
34 - 2003;aŭgusto;204;181-184;Nicolino Rossi;Esplorvojaĝo tra la originalaj poemoj de L. L. Zamenhof (3);;;ZAMENHOFOLOGIO;eseo;;eseo originala
34 - 2003;aŭgusto;204;185-187;Carlo Minnaja;En la paŝoj ne nur fikcio, ankaŭ profundaj pensoj;;;DIDAKTIKO;recenzo;"William Auld (2001), Paŝoj al plena posedo, (3a eldono
komplete reviziita)";recenzo
34 - 2003;aŭgusto;204;188-190;Vinko Ošlak;Kiam la silento krias;;;EN VITRINO;recenzo;István Nemere (2002), Krias la silento;recenzo
34 - 2003;aŭgusto;204;191-192;Radosław Nowakowski;Formo kaj enhavo;;;ESEO;artikolo;;eseo originala
34 - 2003;aŭgusto;204;193-201;Mikaelo Bronŝtejn;Suneto mia fora delonge ne aperis…;;;BELETRO;poemo;;poezio originala
34 - 2003;aŭgusto;204;202-204;André Cherpillod;Koreio, Koreano kaj aliaj landnomaj problemoj;;;KOMENTARIO;publika letero;;prozo originala
34 - 2003;aŭgusto;204;205-208;Armando Zecchin;La elaĉeto laŭ kristanismo;;;KOMENTARIO;eseo;;eseo originala
34 - 2003;aŭgusto;204;209-211;Grozdenka Filipova;Serĉo de vojoj per kiuj vi venkos la malfacilaĵojn;;;MEMORE PRI;memore;;nekrologo
34 - 2003;aŭgusto;204;211;Friedrich Holderlin;Duono de l’ vivo;Hans-Georg Kaiser;germana;BELETRO;poemo;;poezio tradukita
34 - 2003;aŭgusto;204;212-214;Dimitar Haĝiev;Esperanto: minuskle aŭ majuskle?;;;ESPERANTOLOGIO;eseo;;eseo originala
34 - 2003;aŭgusto;204;215-216;Michel Duc Goninaz;Tial jubilea kongreso ne eblis en Pollando;;;KOMENTARIO;historio;;eseo originala
34 - 2003;aŭgusto;204;217-219;Sabira Stahlberg;Misteraj mistifikoj;;;LINGVISTIKO;recenzo;"André Cherpillod (2003), La misteroj de la ĉina skribo /
Les mystères de l'écriture chinoise, dulingva eseo";recenzo
34 - 2003;aŭgusto;204;220;Valentin Melnikov;Sobrulo;;;HUMURO;konkurso ekra;;prozo originala
34 - 2003;aŭgusto;204;221-220;Julian Modest;La kvietulo;;;BELETRO;prozo;;prozo originala
34 - 2003;oktobro;205;227-228;Fra Gaeta;Kvarverse okope;;;UVERTURO;poemo;;poezio originala
34 - 2003;oktobro;205;229;Perla Martinelli;Poeto de malfeliĉuloj;;;KONKURSFAKO;artikolo;;eseo originala
34 - 2003;oktobro;205;230-234;Nicolino Rossi;Esplorvojaĝo tra la originalaj poemoj de L. L. Zamenhof (4);;;ZAMENHOFOLOGIO;eseo;;eseo originala
34 - 2003;oktobro;205;235-236;Anatolo Gonĉarov;Civitaj hejmoj;;;KULTURPOLITIKO;dokumento;;eseo originala
34 - 2003;oktobro;205;237-238;Sabira Shun;La tradukita Nemeza;;;EN VITRINO;recenzo;Alfred Nobel (2003), Nemesis - Nemeza: tragedio en kvar aktoj, tr. Gunnar Gällmo;recenzo
34 - 2003;oktobro;205;239-249;Carlo Minnaja;La instrumentoj de komputa lingvistiko;;;PLANLINGVISTIKO;prelego;;eseo originala
34 - 2003;oktobro;205;250;Isabel Allende;La domo de la spiritoj, 1982;;;MEMORE PRI;memoro;;eseo originala
34 - 2003;oktobro;205;251-255;Heinrich Heine;La sklavoŝipo;Cezar;germana;BELETRO;poemo;;poezio tradukita
34 - 2003;oktobro;205;256-258;Cezar;Temlinio: Heinrich Heine;;;REDAKCIE;letero;;anonco
34 - 2003;oktobro;205;259-260;Massimo Acciai;Memoraĵoj de evoluinta kvarmanulo;;;ESEO;artikolo;;eseo originala
34 - 2003;oktobro;205;261-263;rolfo;Ne ordinara lernilo, sed fakverko;;;ESPERANTOLOGIO;recenzo;Yamasaki Seikô (2000),  Enkonduko en la japanan;recenzo
34 - 2003;oktobro;205;264-265;Ljubomir Trifonĉovski;Kaj denova alto per plej granda salto;;;TEATRO;recenzo;Giorgio Silfer (2003), La familio de Anto Speri (tri aktoj);recenzo
34 - 2003;oktobro;205;266-268;Sten Johansson;La fina Venecio;;;BELETRO;prozo;;prozo originala
34 - 2003;oktobro;205;269;Ljubomir Trifonĉovski;Esperanta PEN ne voĉdonis por ŝanĝoj en la Ĉarto;;;SPECIALE PEN;konferenco;;anonco
34 - 2003;oktobro;205;270;Magia Cigana;Aŭskultu finfine la zefiron…;;;BELETRO;eseo;;poezio originala
34 - 2003;oktobro;205;271-274;Maks Nadal;Oblikvaj rigardoj (filozofiaj notoj pri nia nuntempo);;;BELETRO;taglibro;;prozo originala
34 - 2003;oktobro;205;275-276;Zorka Vinceljak;Epigramoj;;;HUMURO;ekra-2003/konkurso;;prozo originala
34 - 2003;oktobro;205;277-278;Nicolae Macovei;Nomen est omen;;;LINGVISTIKO;artikolo;;eseo originala
34 - 2003;decembro;206;283;Giorgio Silfer;Kareso vortobrila;;;UVERTURO;poemo;;poezio originala
34 - 2003;decembro;206;284-285;Perla Martinelli;En la Meksika Mondkongreso nia lingvo digne reprezentiĝis;;;SPECIALE PEN;dokumento;;eseo originala
34 - 2003;decembro;206;286-292;Walter Żelazny;La lingva politiko de la Eŭropa Komunumaro kaj esperanto (2);Robert Szymanski;pola;KULTURPOLITIKO;dokumento;;eseo tradukita
34 - 2003;decembro;206;293-295;Ljubomir Trifonĉovski;De Voss al vosto;;;KULTURPOLITIKO;historio;;eseo originala
34 - 2003;decembro;206;296-301;Nicolino Rossi;Espolvojaĝo tra la originalaj poemoj de L. L. Zamenhof (5);;;ZAMENHOFOLOGIO;eseo;;eseo originala
34 - 2003;decembro;206;302-305;Ani Topalĝikova;Al kiu aŭ por kio srvas la intelektulo?;Dimitar Haĝiev;bulgara;ESEO;prozo;;prozo tradukita
34 - 2003;decembro;206;306;Sten Johansson;Koreoj en Koreio;;;KOMENTARIO;opinio;;eseo originala
34 - 2003;decembro;206;307;Hirotaka Masaaki;Blanka inspiro (dek sep hajkoj);;;BELETRO;poemo;;poezio originala
34 - 2003;decembro;206;308-310;Tino Terzi;Paco sur la tero;;;NOVJARA SALUTO;novelo;;prozo originala
34 - 2003;decembro;206;311-316;Cezar;Tri prozpoemoj pri la stranga amo al lucena virino;;;BELETRO;poezio;;poezio originala
34 - 2003;decembro;206;317-318;Jiří Petara;Unue studi la geografion kaj nur poste juĝi;;;ESPERANTOLOGIO;eseo;;eseo originala
34 - 2003;decembro;206;319-328;Manuel de Seabra;1976: Dipatrino de Mukueba;;;BELETRO;novelo;;poezio originala
34 - 2003;decembro;206;329-330;Marie-France Conde Rey;...ne petanta de la ŝtonoj varmon;;;EN VITRINO;recenzo;Lilia Nikolova (2003), La libero ami;recenzo
34 - 2003;decembro;206;331-332;Anatolo Gonĉarov;Tetrasociologio: agnosko de esperanto;;;SCIENCO;recenzo;Leo Semaŝko k.a. (2003), Tetrasociologio: de sociologia imagpovo tra dialogo al universalaj valorajoj kaj harmonio;recenzo
34 - 2003;decembro;206;333;Ilia Iliev;Amuza perfektiga libreto;;;DIDAKTIKO;recenzo;Sten Johansson (2003), Kion ajn;recenzo
34 - 2003;decembro;206;334;;Nia agendo je via servo (programo de KCE);;;SPECIALE KCE;programo;;anonco
35 - 2004;februaro;207;3;John S. Dinwudie;Strebado;;;UVERTURO;poemo;;poezio originala
35 - 2004;februaro;207;4-6;Nadine Gordimer;Kultura diverseco kaj esprimlibero;;;SPECIALE PEN;prelego;;anonco
35 - 2004;februaro;207;7-9;Leen Deij;Dokistoj kaj teatro;;;TEATRO;eseo;;teatro originala
35 - 2004;februaro;207;10-11;Walter Żelazny;Konstrui sian identecon je Esperanto kaj ties kulturo;;;NOVJARA SALUTO;dokumento;;eseo originala
35 - 2004;februaro;207;12-15;Giorgio Silfer;Sata… kvankam ankoraŭ ne tiel plena;;;LINGVISTIKO;recenzo;Michel Duc Goninaz kaj aliaj (2002), La nova plena ilustrita vortaro de Esperanto;recenzo
35 - 2004;februaro;207;16-20;Iván T. Berend;Lingva naciismo: popola tradicio kaj lingvaj reformoj;Ottó Haszpra;hungara;KULTURPOLITIKO;eseo;;eseo tradukita
35 - 2004;februaro;207;21-23;Kris Long;Vortnaskitoj;;;TRADUKARTO;recenzo;"Nikolaj Gogol (2001), Malvivaj animoj, tr. Vladimir
Vyĉegĵanin";recenzo
35 - 2004;februaro;207;24;La Redakcio;Svislando invitas ĉiusezone;;;SPECIALE KCE;programo;;anonco
35 - 2004;februaro;207;25-26;;La ĉemizo de la kontentulo (popolfabelo);Carlo Minnaja;itala;BELETRO;popola fabelo;;prozo tradukita
35 - 2004;februaro;207;27-29;Zvonko Taneski;Mi senvestiĝas;Venelin Mitev;makedona;NOVJARA SALUTO;poemo;;poezio tradukita
35 - 2004;februaro;207;30;Alga Guernieri;La Verko de la Jaro 2003;;;KONKURSFAKO;konkurso;;anonco
35 - 2004;februaro;207;31-32;Gregory Dolgin;Du poemoj;;;BELETRO;poemoj;;poezio originala
35 - 2004;februaro;207;33-34;Fritz Utzeri;Trista mateno;Aloisio Sartorato;portugala;BELETRO;prozo;;prozo tradukita
35 - 2004;februaro;207;35-37;Walter Żelazny;La vojo sen elirebleco;;;EN VITRINO;recenzo;Roman Dobrzynski (2003), La Zamenhof-strato;recenzo
35 - 2004;februaro;207;38;Miron Slabczyk;Lidja Zamenhof, 1904-1942;;;REDAKCIE;prelegoj;;anonco
35 - 2004;februaro;207;39-42;Vinko Ošlak;La maltaŭga poŝtisto;;;BELETRO;romano;;poezio originala
35 - 2004;februaro;207;43-44;Radosław Nowakowski;Pri ekzercado;;;ESEO;artikolo;;eseo originala
35 - 2004;februaro;207;45-48;Eduard Petiŝka;Midaso;Cezar;ĉeĥa;BELETRO;prozo;;prozo tradukita
35 - 2004;februaro;207;49-50;Radojica Petroviĉ;Leginda, sed ne esperu tro;;;EN VITRINO;recenzo;Eugène de Zilah (2002), Kaj kiu pravas;recenzo
35 - 2004;februaro;207;51-53;Armando Zecchin;Kial blinda la fervoro en vere religia zamenhofa himno?;;;KOMENTARIO;eseo;;eseo originala
35 - 2004;februaro;207;54;Valdo Banaitis;Por ĉiu signo - propra loko;;;ESPERANTOLOGIO;artikolo;;eseo originala
35 - 2004;aprilo;208;59;Ludmila Jevsejeva;Vespere;;;UVERTURO;poemo;;poezio originala
35 - 2004;aprilo;208;60-63;Dimitar Haĝiev kun Valeri Petrov;La arto traduki Ŝekspiron;;;INTERVJUO;prozo;;intervjuo
35 - 2004;aprilo;208;64-70;Valeri Petrov;Pri la tempo kaj la eterneco;Dimitar Haĝiev;bulgara;ESEO;eseo;;eseo tradukita
35 - 2004;aprilo;208;71-80;Humphrey Tonkin;Pri tradukado en esperanto;;;TRADUKARTO;eseo;;eseo originala
35 - 2004;aprilo;208;81-82;Giorgio Silfer;Kabe, Kalocsay, Newell;;;TRADUKARTO;artikolo;;eseo originala
35 - 2004;aprilo;208;83-86;Salvador Dali;La lasta manifesto. La realismo;Abel Montagut;kataluna;REDAKCIE;eseo;;anonco
35 - 2004;aprilo;208;87-88;Perla Martinelli;Libro nekutima, inda riĉigi nian tradukan korpuson;;;EN VITRINO;recenzo;M.L. Portilla (2001), Tra l' okuloj de l' venkitoj;recenzo
35 - 2004;aprilo;208;89-94;Iván T. Berend;Lingva naciismo: popola tradicio kaj lingvaj reformoj (2);Ottó Haszpra;hungara;KULTURPOLITIKO;eseo;;eseo tradukita
35 - 2004;aprilo;208;95-96;Aleksandar Ŝivarov;Momenton, mi tuj kontrolos la agendon;;;EN VITRINO;recenzo;André Cherpillod (2003), La kalendaro tra la tempo, tra la spaco;recenzo
35 - 2004;aprilo;208;97;Giorgio Silfer;Amsterdam/o;;;HISTORIO;artikolo;;eseo originala
35 - 2004;aprilo;208;98;Aloisio Sartorato;Ludoviko;;;HUMURO;poemo;;poezio originala
35 - 2004;aprilo;208;99-101;Mikaelo Giŝpling;Kontraŭ la propono de Albault;;;ESPERANTOLOGIO;eseo;;eseo originala
35 - 2004;aprilo;208;102;Ilia Iliev;Jankéus ne policisto sed instruisto;;;EN VITRINO;recenzo;Sten Johansson (2003), Memor' mortiga;recenzo
35 - 2004;aprilo;208;103-104;István Nemere;Serĉisto de mortintoj;;;BELETRO;prozo;;prozo originala
35 - 2004;aprilo;208;105-106;Radosław Nowakowski;Pri enuo;;;ESEO;artikolo;;eseo originala
35 - 2004;aprilo;208;107-109;Tome Momirovski;Paĝoj el mia reta historio;Don Harlow;angla;SPECIALE PEN;prelego;;anonco
35 - 2004;aprilo;208;108;Jean-Thierry von Büren;Kultura Esperanto-Semajno;;;REDAKCIE;anonco;;anonco
35 - 2004;aprilo;208;110;Senatanoj de la Esperanta Civito;Okaze de la 8a de Marto 2004;;;REDAKCIE;dokumento;;eseo originala
35 - 2004;junio;209;115;Anja Karkiainen;Tiaj someroj;;;UVERTURO;poemo;;poezio originala
35 - 2004;junio;209;116-118;Giorgio Silfer;Pri la arto de Serĝo Elgo;;;HISTORIO;eseo;;eseo originala
35 - 2004;junio;209;119-130;Friedrich Engels;La kontribuo de la laboro por la homiĝo de la simio;Hans-Georg Kaiser;germana;FILOZOFIO;eseo;;eseo tradukita
35 - 2004;junio;209;131-138;Vinko Ošlak;Ĉu Engelso pravis, ĉu do la homo vere originas el simio?;;;KOMENTARIO;eseo;;eseo originala
35 - 2004;junio;209;139-142;Leen C. Deij;La sennomaj portis nomon;;;MEMORE PRI;poemoj;;poezio originala
35 - 2004;junio;209;143;Bertil Nilsson;Instituto Dietterle naskiĝis;;;HISTORIO;dokumento;;eseo originala
35 - 2004;junio;209;144-145;Massimo Acciai;Ni devas ilin legi kaj relegi;;;HISTORIO;dokumento;;eseo originala
35 - 2004;junio;209;146;La Redakcio;Certe por Cetercetere;;;KONKURSFAKO;dokumento;;anonco
35 - 2004;junio;209;147-152;Anton Pavloviĉ Ĉeĥov;La damo kun hundeto (1);Aleksander Korĵenkov;rusa;BELETRO;romano;;prozo tradukita
35 - 2004;junio;209;153-154;Radosław Nowakowski;Pri energio;;;ESEO;artikolo;;eseo originala
35 - 2004;junio;209;155;Harry Martinson;Vojplolvo, la fatalisto;Bertil Nilsson;sveda;ESEO;artikolo;;eseo tradukita
35 - 2004;junio;209;156-158;Gunnar Gaalmö;De ideologia sakstrato al la Budha vojo;;;KONKURSFAKO;eseo;;eseo originala
35 - 2004;junio;209;159-165;Horst Vogt;Kolegoj;;;HUMURO;eseo;;eseo originala
35 - 2004;junio;209;166;Walter Żelazny;Deklaro pri la Konstitucia Traktato;;;ESEO;dokumento;;eseo originala
35 - 2004;junio;209;166;Fra Gaeta;Al Eŭropa Unio;;;REDAKCIE;aktuale;;anonco
35 - 2004;aŭgusto;210;171;Czesław Miłosz;"el ""Enfant d’ Europe""";Giorgio Silfer;pola;UVERTURO;poemo;;poezio tradukita
35 - 2004;aŭgusto;210;173-180;Zofia Banet-Fornalowa;Pri la juda klerismo kaj esperanto iom pli vaste (1);;;HISTORIO;eseo;;eseo originala
35 - 2004;aŭgusto;210;181-182;Giorgio Silfer;Eŭropa kulturo - eŭropaj kulturoj?;;;SPECIALE PEN;dokumento;;anonco
35 - 2004;aŭgusto;210;183-188;Nikolaj Vasilev;La globala homeco;Dimitar Haĝiev;bulgara;ESEO;artikolo;;eseo tradukita
35 - 2004;aŭgusto;210;189-190;Georg Heym;Viaj okuloj, la longaj;Donjo kaj Cezar;germana;BELETRO;poemo;;poezio tradukita
35 - 2004;aŭgusto;210;191-197;Anton Pavloviĉ Ĉeĥov;La damo kun hundeto (2);Aleksander Korĵenkov;rusa;BELETRO;romano;;prozo tradukita
35 - 2004;aŭgusto;210;198;Penka Papazova;Du poemoj;;;BELETRO;poemoj;;poezio originala
35 - 2004;aŭgusto;210;199-204;Hanifa Kapadĵic-Osmanagiĉ;Seksa malsameco - teksta malsameco;Marie-France Conde Rey;franca;FEMINISMO;eseo;;eseo tradukita
35 - 2004;aŭgusto;210;205-206;Heloísa Seixas;Entrudiĝo;;;BELETRO;prozo;;prozo originala
35 - 2004;aŭgusto;210;207-208;Radosław Nowakowski;Pri la popkulturo kaj la eliteco;;;ESEO;artikolo;;eseo originala
35 - 2004;aŭgusto;210;209-210;Julian Modest;Dani;;;BELETRO;prozo;;prozo originala
35 - 2004;aŭgusto;210;211-217;Jiří Patera;Pri la ĉeĥaj literaturaj falsaĵoj;;;KOMENTARIO;eseo;;eseo originala
35 - 2004;aŭgusto;210;218;Milena Makaveeva;Strika tango, por ni;;;EN VITRINO;recenzo;Strika Tango (2004), Civilizacio, eld. Vinilkosmo (KD);recenzo
35 - 2004;aŭgusto;210;219-222;Christian Riviere;Raporto de pratempo;;;HUMURO;ekra-2004;;prozo originala
35 - 2004;oktobro;211;227;William Auld;Vi estas maro;;;UVERTURO;poemo;;poezio originala
35 - 2004;oktobro;211;228;Perla Martinelli;Kio ni estas - kien ni iras;;;SPECIALE KCE;simpozio;;anonco
35 - 2004;oktobro;211;229-233;Giorgio Silfer;Komunikado kaj reprezento (1);;;ESEO;prelgo;;eseo originala
35 - 2004;oktobro;211;234-236;La Komitato;Esperanto en la fokuso de mondkongreso;;;SPECIALE PEN;raporto;;anonco
35 - 2004;oktobro;211;237-238;Sten Johansson;La domo;;;BELETRO;prozo;;prozo originala
35 - 2004;oktobro;211;239-240;Perla Martinelli;Mortis la poeto de Eŭropo;;;MEMORE PRI;omaĝo;;nekrologo
35 - 2004;oktobro;211;241-242;Marie-France Conde Rey;Poezia triptiko;;;BELETRO;poezio;;poezio originala
35 - 2004;oktobro;211;243;La Redakcio;Johan Hammond Rosbach kaj Literatura Foiro;;;MEMORE PRI;omaĝo;;nekrologo
35 - 2004;oktobro;211;244-251;rolfo;Profundkone traverkita resumo pri la budhismo;;;EN VITRINO;recenzo;Gunnar Gällmo (2002), Kelkaj faktoj pri la budhismo;recenzo
35 - 2004;oktobro;211;252-255;Hermann Hesse;"El ""Siddhartha""";Bertil Nilsson;germana;BELETRO;eseo;;prozo tradukita
35 - 2004;oktobro;211;256;Venelin Mitev;Gunnar Gällmo plene sukcesis;;;TRADUKARTO;recenzo;(2002), La Dharmo-pado, tr. Gunnar Gällmo;recenzo
35 - 2004;oktobro;211;257;Grytzko Mascioni;La spiro de la nokto;Giorgio Silfer kaj Perla Martinelli;itala;HISTORIO;poemo;;poezio tradukita
35 - 2004;oktobro;211;258-259;Radosław Nowakowski;Pri la bezono de arto;;;ESEO;artikolo;;eseo originala
35 - 2004;oktobro;211;260;Ruben Fernandez Gonzales;Rememoroj pri dolĉa patrino;;;HUMURO;artikolo;;prozo originala
35 - 2004;oktobro;211;261-262;Marilia Jackelyne Nunes, Mayra Izis de Lucena Nunes;Du junaj voĉoj el Brazilo;Pekim Tenorio Vaz;portugala;BELETRO;poemoj;;poezio tradukita
35 - 2004;oktobro;211;263-268;Zofia Banet-Fornalowawa;Pri la juda klerismo kaj esperanto iom pli vaste (2);;;HISTORIO;artikolo;;eseo originala
35 - 2004;oktobro;211;269-270;Isaak Babel;Doudou;Grigorij Arosev;rusa;ESEO;eseo;;eseo tradukita
35 - 2004;oktobro;211;271-272;Dimitar Haĝiev;Pri recenzoj;;;KOMENTARIO;artikolo;;eseo originala
35 - 2004;oktobro;211;273;Francois Sagan;Bonan tagon, tristeco;;;MEMORE PRI;omaĝo;;nekrologo
35 - 2004;oktobro;211;274;Ljubomir Trifonĉovski;Naskiĝis nova ĝenro en la verda teatro;;;TEATRO;novaĵo;;anonco
35 - 2004;oktobro;211;275-277;Christian Riviere;Sablo-ŝtormo;;;BELETRO;poezio en prozo;;poezio originala
35 - 2004;decembro;212;283;Ljudmila Novikova;La verda talismano;;;UVERTURO;poemo;;poezio originala
35 - 2004;decembro;212;284-288;Giorgio Silfer kun William kaj Meta Auld;Ĉefverko, kie spaco iĝis dimensio de tempo;;;INTERVJUO;prozo;;intervjuo
35 - 2004;decembro;212;289-292;Dimitar Haĝiev;Kiuj estas la dogmoj de la zamenhofa blinda fervoro?;;;KOMENTARIO;eseo;;eseo originala
35 - 2004;decembro;212;293-300;Giorgio Silfer, kun intervenoj de Walter Żelazny, Vinko Oŝlak, Kep Enderby;Komunikado kaj reprezento (2);;;ESEO;prelego;;eseo originala
35 - 2004;decembro;212;301-302;Grytzko Mascioni;La landlimo ĉekore de la mondo;Paul Gubbins;angla;SPECIALE PEN;dokumento;;anonco
35 - 2004;decembro;212;303-304;Radosław Nowakowski;Pri verkado;;;ESEO;artikolo;;eseo originala
35 - 2004;decembro;212;305;Giorgio Silfer, Vinko Ošlak, Ljubomir Trifonĉovski;Elfride Jelinek: Nobel-premiita, tamen ne unusignife akceptita;;;REDAKCIE;nobel-premio;;anonco
35 - 2004;decembro;212;306-311;Ilpo Tiihonen;Donu al mi paciencon skribi unu vorton, nur vorton;Anja Karkiaiinen;finna;BELETRO;poezio;;poezio tradukita
35 - 2004;decembro;212;312;Constantin Dominte;Metamorfozo;;;BELETRO;artikolo;;prozo originala
35 - 2004;decembro;212;313-314;Jean-Luc Tortel;André Cherpillod perfekte venkis la lingvajn malfacilaĵojn;;;TRADUKARTO;recenzo;Guy de Maupassant (2003), Historio de farmobiena servistino, tr. André Cherpillod;recenzo
35 - 2004;decembro;212;315-316;Ario de Rolales;Sendependiĝa proklamo de la indiĝenaj popoloj;Manuel de Seabra;hispana;ESEO;prozo;;prozo tradukita
35 - 2004;decembro;212;317-323;Bertil Englund;Trinki - Ami - Morti: Bellman, poeto kaj trubaduro;;;ESEO;eseo;;eseo originala
35 - 2004;decembro;212;324;Anna Lászay;La Verko de la Jaro 2004;;;KONKURSFAKO;premio;;anonco
35 - 2004;decembro;212;325-326;Jean-Marie Ries;Muzikaj lumbildoj;;;BELETRO;poemo;;poezio originala
35 - 2004;decembro;212;327-331;Ottó Haszpra;Sciencaj kaj fakaj aplikoj de esperanto de la komenco ĝis 2002;;;PLANLINGVISTIKO;eseo;;eseo originala
35 - 2004;decembro;212;332;Milena Makaveeva;Por riĉigo de nia muzika kulturo;;;MUZIKO;recenzo;"Kantas: L. Venturelli kaj J.-T. von Büren; pianludas G. Giusta (2004), Lida ludo.
Klasika muziko kaj kanto en Esperanto (KD)";recenzo
35 - 2004;decembro;212;334;Feldman Ruben Gonzelez;Meditoj pri medito;;;HUMURO;artikolo;;prozo originala
36 - 2005;februaro;213;3;Massimo Acciai;Post 550.000 jaroj;;;UVERTURO;poemo;;poezio originala
36 - 2005;februaro;213;4;Marc Hiltbrand;Arĝenta jaro por LF-koop;;;NOVJARA SALUTO;dokumento;;eseo originala
36 - 2005;februaro;213;5-9;Giorgio Silfer;La jura bazo de la Fundamento de Esperanto;;;HISTORIO;historio;;eseo originala
36 - 2005;februaro;213;10-16;Vinko Ošlak;La renversita sintagmo (1);;;ESEO;eseo;;eseo originala
36 - 2005;februaro;213;17-25;Francesco Petrarca;"El ""Kanzonaro""";Nicolino Rossi;itala;BELETRO;poemkolekto;;poezio tradukita
36 - 2005;februaro;213;26-27;Armando Zecchin;Kuraĝa kaj merita verko? Ne!;;;KOMENTARIO;opinio;;eseo originala
36 - 2005;februaro;213;28-29;Miguel de Cervantes;Don Kiĥoto de la Manĉo;;;ESEO;desegno;;eseo originala
36 - 2005;februaro;213;30-35;Ottó Haszpra;Sciencaj kaj fakaj aplikoj de esperanto de la komenco ĝis 2002;;;PLANLINGVISTIKO;prelego;;eseo originala
36 - 2005;februaro;213;36;Fra Gaeta;Tri japoj;;;BELETRO;poemo;;poezio originala
36 - 2005;februaro;213;37-39;Julian Modest;Raŝo, Viktor, Stavris;;;BELETRO;novelo;;prozo originala
36 - 2005;februaro;213;40-41;Radosław Nowakowski;Pri nomoj;;;BELETRO;artikolo;;prozo originala
36 - 2005;februaro;213;42-43;Rinaldo Brandão;Amo, stranga amo;Neide Barros Rêgo;portugala;BELETRO;prozo;;prozo tradukita
36 - 2005;februaro;213;44-45;Gunnar Gällmo;Per esperanto protekti minoritatajn kulturojn;;;REDAKCIE;artikolo;;eseo originala
36 - 2005;februaro;213;47;La Redakcio;Kolokvo en Ĉaŭdefono;;;FEMINISMO;dokumento;;eseo originala
36 - 2005;februaro;213;48;Ljubomir Trifonĉovski;Nankino daŭre kiel barikado;;;ESEO;laŭ komentarioj;;eseo originala
36 - 2005;februaro;213;49;Donald Jacob Uitvlugt;Renkontoj tra la jaro;;;BELETRO;poemo;;poezio originala
36 - 2005;februaro;213;50;Milena Makaveeva;Li estas Ĵak le Puil…;;;MUZIKO;recenzo;Ĵak le Puil (2004), Mi estas,  eld. Vivilkosmo (KD);recenzo
36 - 2005;februaro;213;51-54;Giordano Moya Escayola;Homaraj krizoj;;;BELETRO;eseo;;poezio originala
36 - 2005;aprilo;214;59;Leen C. Deij;Kiel vi komprenus?;;;UVERTURO;poemo;;poezio originala
36 - 2005;aprilo;214;60;Perla Martinelli;Mario Luzi: amiko pri kiu fieri;;;MEMORE PRI;omaĝo;;nekrologo
36 - 2005;aprilo;214;61-70;Vinko Ošlak;La renversita sintagmo (2);;;ESEO;prelego;;eseo originala
36 - 2005;aprilo;214;71-74;Perla Martinelli;Ĉu la antaŭparolo estas parto de la Fundamento?;;;HISTORIO;eseo;;eseo originala
36 - 2005;aprilo;214;75-82;Zofia Banet-Fornalowawa;La kontribio de Harold Brown al la esperanta teatro;;;TEATRO;historio;;teatro originala
36 - 2005;aprilo;214;83;La Redakcio;Post sesdek jaroj ĉu revenis la soldat’?;;;REDAKCIE;historio;;anonco
36 - 2005;aprilo;214;84-85;Mikaelo Bronŝtejn;Viva libro pri la viva lingvo;;;PLANLINGVISTIKO;artikolo;A. S. Melnikov (2004), Лингвокультурологические аспекты плановых международных языков (на фоне этнических языков) = Lingvokulturologiaj aspektoj de internaciaj planlingvoj (fone de la etnaj);eseo originala
36 - 2005;aprilo;214;86-87;Zofia Banet-Fornalowawa;Karol la dramverkisto;;;MEMORE PRI;omaĝo;;nekrologo
36 - 2005;aprilo;214;88-90;Gabriel Mora i Arana;Metafore ama;;;BELETRO;poemo;;poezio originala
36 - 2005;aprilo;214;91-92;Radosław Nowakowski;Pri progreso;;;ESEO;artikolo;;eseo originala
36 - 2005;aprilo;214;93-99;Komitato pri Verkistoj en prizono de PEN-Klubo Internacia;Terorismo kaj esprimlibero: temoj kaj demandoj (1);;;SPECIALE PEN;dokumento;;anonco
36 - 2005;aprilo;214;100-101;Stefan Augustin Dinas;Ektrovu vi aparte oportunan pozicion;Nicoleta Mendrea;rumana;BELETRO;poemoj;;poezio tradukita
36 - 2005;aprilo;214;102;Dejan Enev;Heliantoj;Georgi Mihalkov;bulgara;BELETRO;prozo;;prozo tradukita
36 - 2005;aprilo;214;103-104;Miĥail Poworin;Por trvi la eternon de l’ momentoj;;;EN VITRINO;recenzo;Nikola Pilev (2004), Resonoj;recenzo
36 - 2005;aprilo;214;105;Veljko Pertoviĉ;Serba tero;Boriša Miliĉević;serba;BELETRO;poemo;;poezio tradukita
36 - 2005;aprilo;214;106-107;Hasan Jakub Hasan;Okkapulo;;;INFANLITERATURO;rakonto;;prozo originala
36 - 2005;aprilo;214;108;Damjan P. Damjanov;Vi al vi mem;Dimitar Haĝiev;bulgara;BELETRO;poemo;;poezio tradukita
36 - 2005;aprilo;214;109-110;Gbeglo Koffi;Rampo-lernejo;;;BELETRO;prozo;;prozo originala
36 - 2005;junio;215;115;Klara Hutoviĉ;Ĉu multon?;;;UVERTURO;poemo;;poezio originala
36 - 2005;junio;215;116-125;Vinko Ošlak;La renversita sintagmo (3);;;ESEO;prelego;;eseo originala
36 - 2005;junio;215;126-127;Giorgio Silfer intervjuas Michele Gazzola;Lingva ekonomiko: kiucele?;;;INTERVJUO;prozo;;intervjuo
36 - 2005;junio;215;128;Perla Martinelli;Monumento kontraŭ agresemo;;;NOVJARA SALUTO;prozo;;prozo originala
36 - 2005;junio;215;129-135;Komitato pri Verkistoj en prizono de PEN-Klubo Internacia;Terorismo kaj esprimlibero: temoj kaj demandoj (2);;;SPECIALE PEN;raporto;;anonco
36 - 2005;junio;215;136-137;Radosław Nowakowski;Pri la paradokso de kritiko;;;ESEO;artikolo;;eseo originala
36 - 2005;junio;215;138-139;Nula Horo;Poŝtkarto estas kulturo, poŝtkarto estas literaturo;;;REDAKCIE;poemo;;anonco
36 - 2005;junio;215;140-141;Ernst Jünger;Sur la marmorklifoj;Bertil Nilsson;germana;REDAKCIE;novaĵo;;anonco
36 - 2005;junio;215;142;Georgi Mihalkov;Prozo kiel kristale pura fonto;;;EN VITRINO;recenzo;Johan Hammond Rosbach (2002), Fajrejo, skizoj kaj noveloj;recenzo
36 - 2005;junio;215;143-145;Armando Zecchin;Distanco pli vorta ol ideologia;;;ZAMENHOFOLOGIO;eseo;;eseo originala
36 - 2005;junio;215;146-156;Heinrich von Kleist;La tertremo en Ĉilio;Horst Vogt;germana;ESEO;eseo;;eseo tradukita
36 - 2005;junio;215;157;La Redakcio;Lumu, lumu lumeto;;;LA SEPA ARTO;filmo;;eseo originala
36 - 2005;junio;215;158-166;Dimitar Haĝiev;Kiuj estis la du rabistoj kun Jesuo ĉe Golgoto?;;;ESEO;artikolo;;eseo originala
36 - 2005;aŭgusto;216;171-172;La Redakcio;Kiam la Kongreso estis kongreso;;;UVERTURO;detala raporto;;poezio originala
36 - 2005;aŭgusto;216;173;Privas Tchipke;Afrika saĝo cent jarojn poste;;;UVERTURO;;;poezio originala
36 - 2005;aŭgusto;216;174-184;Carlo Minnaja;Kvazaŭ la centjarulo sentus la pezon de la aĝo…;;;HISTORIO;historio/eseo;;eseo originala
36 - 2005;aŭgusto;216;185-191;USUI Hiroyuki;Esperanto por okcidentanoj: ĉu identec-ekvilibro?;;;ESEO;eseo;;eseo originala
36 - 2005;aŭgusto;216;192-193;Michel Clément;Kultura personeco unuaranga;;;EN VITRINO;recenzo;Camillo Boito (2004), Senso, tr. Jean-Luc Tortel;recenzo
36 - 2005;aŭgusto;216;194-201;Isak Pasi;Moralo kontraŭ arto;Dimitar Haĝiev;bulgara;ESEO;eseo;;eseo tradukita
36 - 2005;aŭgusto;216;202;Vinko Ošlak;"Literaturo kiel ""lingua franca""";;;SPECIALE PEN;dokumento;;anonco
36 - 2005;aŭgusto;216;203-206;Zofia Banet-Fornalowawa;Ludoviko + Ito = Ludovikito;;;ZAMENHOFOLOGIO;eseo;;eseo originala
36 - 2005;aŭgusto;216;207;La Redakcio;Memoroj, tarokoj kaj… ne nur la ceter’ estas fikcio;;;KONKURSFAKO;la verko de la jaro;;anonco
36 - 2005;aŭgusto;216;208-210;Maria Luiza Andrade;La nokta birdo;Aloisio Sartorato;portugala;BELETRO;prozo;;prozo tradukita
36 - 2005;aŭgusto;216;211-212;Paulo Sérgio Viana;Fortaj paroloj kaj scenoj;;;LA SEPA ARTO;filmo;;eseo originala
36 - 2005;aŭgusto;216;213-218;Elmir dos Santos Lima;Feliĉo - vojo al Esperantio;;;ESEO;eseo;;eseo originala
36 - 2005;aŭgusto;216;219-222;Leif Nordenstorm;La alveno de la centsaŭroj;;;HUMURO;ekra;;prozo originala
36 - 2005;oktobro;217;227;Carmel Mallia;Kvin tankaoj;;;UVERTURO;poezio;;poezio originala
36 - 2005;oktobro;217;228-231;Giorgio Silfer;Popolo de l’ libro aŭ libro de l’ popolo?;;;HISTORIO;historio;;eseo originala
36 - 2005;oktobro;217;232-241;Kep Enderby;La devo agi neŭtralece pli malhelpas ol helpas;;;ESEO;eseo;;eseo originala
36 - 2005;oktobro;217;242;La Redakcio;Unue femini, poste filozofi;;;FILOZOFIO;"pri ""femina""";;eseo originala
36 - 2005;oktobro;217;243-244;Marie-France Conde Rey;Inaj vivoj - inaj verkoj;;;FEMINISMO;kolokvo;;intervjuo
36 - 2005;oktobro;217;245;Radosław Nowakowski;Pri idealo;;;ESEO;artikolo;;eseo originala
36 - 2005;oktobro;217;246-248;Stanislav Kostka Neumann;Pac’ kaj ĝoj’ - el ili la vers’ devenas;Jaroslav Mráz;ĉeĥa;BELETRO;poemoj;;poezio tradukita
36 - 2005;oktobro;217;249-255;Johano Negrete;Pri la lingvo, retoriko kaj logiko;;;ESEO;prozo;;prozo originala
36 - 2005;oktobro;217;256-258;Višnja Stahuljak;Mi ridetas per krevinta jam lucido;Lucia Borčić;kroata;BELETRO;poemoj;;poezio tradukita
36 - 2005;oktobro;217;259-260;Julian Modest;Robinzono de danuba bordo;;;BELETRO;prozo;;prozo originala
36 - 2005;oktobro;217;261-265;Vinko Ošlak;"La lingvo de la paco - literaturo kiel ""lingua franca"" (1)";;;SPECIALE PEN;prelego;;eseo originala
36 - 2005;oktobro;217;266-268;Wolfram Rohloff;Al [hipo]tezoj - per faktoj;;;KOMENTARIO;eseo;;eseo originala
36 - 2005;oktobro;217;269-271;Petar Duhlev;Lila: dilemo por astronomoj, problemo por astrologoj;;;SCIENCO;artikolo;;eseo originala
36 - 2005;oktobro;217;272-273;Giorgio Silfer;Justeco kaj ne venĝo;;;MEMORE PRI;omaĝo;;nekrologo
36 - 2005;oktobro;217;274-277;Armando Zecchin;"La ""rita infanmurdo""";;;HISTORIO;eseo;;eseo originala
36 - 2005;oktobro;217;278;Ruben Feldman Gonzalrz;Ŝercoj de tie kaj ĉi tie;;;HUMURO;rakonto;;prozo originala
36 - 2005;decembro;218;283;Anja Karkiainen;Senigita;;;UVERTURO;poemo;;poezio originala
36 - 2005;decembro;218;284-290;Carlo Minnaja;1955: literaturaj revuoj norde kaj sude;;;ESEO;eseo;;eseo originala
36 - 2005;decembro;218;291-292;Ferenc Szilágyi;H. C. Andersen;;;ESEO;artikolo;;eseo originala
36 - 2005;decembro;218;293-298;Walter Żelazny;Komence de postmodernismo: kien reloki sin?;;;ESEO;eseo;;eseo originala
36 - 2005;decembro;218;299-300;Radosław Nowakowski;Pri respondeco;;;ESEO;artikolo;;eseo originala
36 - 2005;decembro;218;301-307;Vinko Ošlak;"La lingvo de la paco - literaturo kiel ""lingua franca""";;;SPECIALE PEN;prelego;;anonco
36 - 2005;decembro;218;308-314;Nicolino Rossi;"El ""Oldula notlibro""";;;BELETRO;poezio;;poezio originala
36 - 2005;decembro;218;315;Aloisio Sartorato;Mi volas vin man-en-mane;;;BELETRO;poezio;;poezio originala
36 - 2005;decembro;218;316-318;István Nemere;La piro;;;BELETRO;prozo;;prozo originala
36 - 2005;decembro;218;319-325;Kris Long;"Ĉu tro salita? (datrevenaj notoj pri ""Lolita"")";;;ESEO;eseo;;eseo originala
36 - 2005;decembro;218;326;Lina Gabrielli;Ne estis nokto;Luigi Tadolini;itala;BELETRO;poemo;;poezio tradukita
36 - 2005;decembro;218;327-328;Paul Gubbins;Traduko bezonas kuntekston;;;TEATRO;teatraĵo;Anton P. Ĉeĥov (2005), Onklo Vanja, tr. Mikaelo Povorin;teatro originala
36 - 2005;decembro;218;329-330;Hubert Michael Schweizer;Religio unuigas, konfesoj, kontraŭe, dividas;;;KOMENTARIO;prozo;;prozo originala
36 - 2005;decembro;218;331-332;Juan Azcuénaga;Traduki Don Kiĥoton;;;TRADUKARTO;artikolo;;eseo originala
36 - 2005;decembro;218;333;Jan Stanisław Skorupski;Soneto pri la kuraĝulo;;;KONKURSFAKO;poemo;;poezio originala
36 - 2005;decembro;218;334;Marc Hiltbrand;Ĉefa vektoro de nova kulturo;;;NOVJARA SALUTO;saluto;;anonco
37 - 2006;februaro;219;3-4;Sylla Chaves;Sojle de l’ tria jarmilo;;;UVERTURO;poezio;;poezio originala
37 - 2006;februaro;219;5;Adjévi Adjé;Afrika Esperantologia Semajno: unua eksperimento, grava paŝo;;;SPECIALE KCE;historio;;anonco
37 - 2006;februaro;219;6-8;Bernard Henry kun Giorgio Silfer;De La Lambertie ĝis la urbo de utopio…;;;KULTURPOLITIKO;intervjuo;;intervjuo
37 - 2006;februaro;219;11-15;Zofia Banet-Fornalowawa;Polaj eventoj: tre gravaj atestoj;;;REDAKCIE;historio;;eseo originala
37 - 2006;februaro;219;16-17;Radosław Nowakowski;Pri kreado;;;ESEO;artikolo;;eseo originala
37 - 2006;februaro;219;18-22;Dimitar Haĝiev;Orfeo aŭ ŝtelo de historio;;;HISTORIO;eseo;;eseo originala
37 - 2006;februaro;219;23-24;Antoine Kouablan;Palavro pri la eburborda civitaneco;;;ESEO;historio;;eseo originala
37 - 2006;februaro;219;25-26;Gbeglo Koffi;Mia preĝo al nia Kreinto;;;BELETRO;poemo;;poezio originala
37 - 2006;februaro;219;27-29;Giorgio Silfer;La violeta zontuko;;;BELETRO;novelo;;prozo originala
37 - 2006;februaro;219;30-45;António Agostinho Neto;Ritmo en lum’, ritmo en kolor’, ritmo en son’;Boriša Milićević;portugala;BELETRO;poemoj;;poezio tradukita
37 - 2006;februaro;219;46;Giulia Gagliardi;La Verko de la Jaro 2005;;;REDAKCIE;konkurso;;anonco
37 - 2006;februaro;219;47-52;Steven Brewer;Milos kaj Donos;;;BELETRO;novelo;;prozo originala
37 - 2006;februaro;219;53-54;Julian Modest;Sincera kaj emocia voĉo;;;EN VITRINO;recenzo;Jolanda Józsi (2003), Amo kaj doloro /Szeretet és fajdalom, dulingvaj poemoj (esperantaj kaj hungaraj);recenzo
37 - 2006;aprilo;220;59;Venelin Mitev;Se vi volus;;;UVERTURO;poemo;;poezio originala
37 - 2006;aprilo;220;60-61;Vinko Ošlak;Alaho: Ne estas perforto en la religio!;;;KULTURPOLITIKO;religio;;eseo originala
37 - 2006;aprilo;220;62;Sara Whyatt / Giorgio Silfer;Speciale PEN;;;SPECIALE PEN;;;anonco
37 - 2006;aprilo;220;63-69;USUI Hiroyuki;El Eŭropo esperanto, al Papauazio piĝino;;;PLANLINGVISTIKO;recenzo;;recenzo
37 - 2006;aprilo;220;70-71;Giorgio Silfer;Poul Thorsen, deŭteragonisto;;;MEMORE PRI;omaĝo;;nekrologo
37 - 2006;aprilo;220;72-77;Dimitar Haĝiev;Altrudo de etnolingvaj signifoj al esperantaj vortoj;;;LINGVISTIKO;eseo;;eseo originala
37 - 2006;aprilo;220;78-80;László Radácsy;Kiu volas flegi lingvon, tiu ne verku regularon;;;KOMENTARIO;artikolo;;eseo originala
37 - 2006;aprilo;220;81-89;Zofia Banet-Fornalowawa;Zamenhof-strato aŭ Dobrzynski-sakstrato;;;HISTORIO;eseo;;eseo originala
37 - 2006;aprilo;220;90-91;Armando Zecchin;Dokumentojn oni rajtas kaj devas reviziti kaj kribre juĝi;;;NOVJARA SALUTO;komentario;;eseo originala
37 - 2006;aprilo;220;93;Radosław Nowakowski;Pri perloj kaj porkoj;;;ESEO;artikolo;;eseo originala
37 - 2006;aprilo;220;94;retagentejo HeKo;Kvara mandato por Hiltbrand;;;REDAKCIE;dokumento;;anonco
37 - 2006;aprilo;220;95-103;Konstantin Paustovski;Nokta diliĝenteco;Anatolo Gonĉarov;rusa;BELETRO;rakonto;;prozo tradukita
37 - 2006;aprilo;220;104;Fra Gaeta;Tri japoj;;;BELETRO;poezio;;poezio originala
37 - 2006;aprilo;220;105-106;Leif Nordenstorm;Kial vikingoj plaĉas al esperantistoj?;;;ESEO;eseo;;eseo originala
37 - 2006;aprilo;220;107-108;Julian Modest;La poezia mondo de Sigurdur Nordal;;;EN VITRINO;recenzo;Sigurdur Nordal (2003), Hel, tr. Wilhelm Theodor Oeste;recenzo
37 - 2006;aprilo;220;109-110;Dany Todorov;Kroniko de unu (antaŭ)vidita malsukceso;;;ESEO;artikolo;;eseo originala
37 - 2006;junio;221;115;Marie-France Conde Rey;Du poemoj sentitolaj;;;UVERTURO;poezio;;poezio originala
37 - 2006;junio;221;116-121;Gbeglo Koffi;Unueco estas forto, sed monopolo estas sufoko;;;KULTURPOLITIKO;dokumento;;eseo originala
37 - 2006;junio;221;122-129;Günter Grass;Verki en senpaca mondo;;;SPECIALE PEN;eseo;;anonco
37 - 2006;junio;221;130-131;Nikolas Vanof;La kodo por merkata venko;;;LA SEPA ARTO;filmo;;eseo originala
37 - 2006;junio;221;132;HeKo/PEN;Dekjara deklaracio;;;KULTURPOLITIKO;dokumento;;eseo originala
37 - 2006;junio;221;133-136;Giorgio Silfer;Post la falo de la Berlina muro;;;HISTORIO;dokumento;;eseo originala
37 - 2006;junio;221;137;Carlo Minnaja;Ĉiu havas sian guston;;;KOMENTARIO;artikolo;;eseo originala
37 - 2006;junio;221;138-143;Lu Wunsch-Rolshoven;Kompreni la historion  estas granda helpo por plukonstruo;;;KOMENTARIO;eseo;;eseo originala
37 - 2006;junio;221;144-146;Peter Browne;Hodiaŭ mi poemojn ĉasos;;;BELETRO;poezio;;poezio originala
37 - 2006;junio;221;147-148;Carmel Mallia;"Pri mia unua esperanta romano ""Ĉielarka estonto""";;;DIDAKTIKO;romano;;prozo originala
37 - 2006;junio;221;149-150;Floriano Pessoa;Lingvo-evoluo: en kia mezuro?;;;ESPERANTOLOGIO;artikolo;;eseo originala
37 - 2006;junio;221;151-154;José Ribamar Leite de Azavedo;La donaco;Pekim Tenório Vaz;portugala;BELETRO;romano;;prozo tradukita
37 - 2006;junio;221;155-156;Márton Fejes;Pazigrafio sub la horizonto;;;PLANLINGVISTIKO;artikolo;;eseo originala
37 - 2006;junio;221;157;Radosław Nowakowski;Pri soleco;;;ESEO;artikolo;;eseo originala
37 - 2006;junio;221;158;Ljubomir Trifonĉovski;Ĉiu havas sian Evereston nur foje suprenireblan;;;ESEO;artikolo;;eseo originala
37 - 2006;junio;221;159-161;Angel Vekov;La savo de la bulgaraj hebreoj;Dimitar Haĝiev;bulgara;MEMORE PRI;eseo;;eseo tradukita
37 - 2006;junio;221;162;Sneĵinka Angelova;Donacu al vi miraklon!;;;INFANLITERATURO;libro;Salvador Borges Filho (2004), La adiaŭo de la armiloj, tr. Neide Barros Rêgo;prozo originala
37 - 2006;junio;221;163-164;Hubert Michael Schweizer;"""Kiu faras la veron, venas al la lumo""";;;KOMENTARIO;eseo;;eseo originala
37 - 2006;junio;221;165-166;Heloísa Seixas;Ombrejo;Aloisio Sartorato;portugala;UVERTURO;novelo;;poezio tradukita
37 - 2006;aŭgusto;222;171;Ivaniĉka Maĝarova;Bordo;;;UVERTURO;poemo;;poezio originala
37 - 2006;aŭgusto;222;172-178;Hu Gouzhu;Pri Armand Su laŭ mia kono;;;HISTORIO;eseo;;eseo originala
37 - 2006;aŭgusto;222;179-181;La Redakcio;"PEN-Premio ""La Verko de la Jaro";;;KONKURSFAKO;konkurso;;anonco
37 - 2006;aŭgusto;222;182-183;Ljubomir Trifonĉovski kun Ulrich Becker;Mi daŭre miras kaj admiras, sed ankaŭ kondamnas ĝin;;;KONKURSFAKO;intervjuo;;intervjuo
37 - 2006;aŭgusto;222;184-186;Márton Fejes;Esperanto-lando en Francjozefaj Insuloj?;;;KULTURPOLITIKO;eseo;;eseo originala
37 - 2006;aŭgusto;222;187-188;Bertil Nilsson;Kial daŭras kapero, anstataŭ koopero?;;;HISTORIO;artikolo;;eseo originala
37 - 2006;aŭgusto;222;189-190;Elfriede Jelinek;Pri la kazo Handke;rolfo;germana;KULTURPOLITIKO;artikolo;;eseo tradukita
37 - 2006;aŭgusto;222;191-192;Isak Pasi;La honorario;Dimitar Haĝiev;bulgara;KULTURPOLITIKO;artikolo;;eseo tradukita
37 - 2006;aŭgusto;222;193-194;Radosław Nowakowski;Pri teoriado;;;ESEO;artikolo;;eseo originala
37 - 2006;aŭgusto;222;195-197;Jaroslav Krolupper;Rondeloj;;;BELETRO;poezio;;poezio originala
37 - 2006;aŭgusto;222;198-199;Perla Martinelli;La defio estas: atingi feliĉon;;;DIDAKTIKO;recenzo;László Polgár (2004), Eduku geniulon!, tr. Jozefo Horvath;recenzo
37 - 2006;aŭgusto;222;200;Elena Popova;Muzikanto kaj timema kankreto;;;INFANLITERATURO;du poemoj;;poezio originala
37 - 2006;aŭgusto;222;201-202;Miroslav Malovec;Ĉu vere danĝero?;;;KOMENTARIO;komentario;;eseo originala
37 - 2006;aŭgusto;222;203-204;Julian Modest;Fazanĉasado;;;BELETRO;prozo;;prozo originala
37 - 2006;aŭgusto;222;205-207;Ion Heliade Radulescu;Kvar rumanaj poetoj pri la versado;Constantin Dominte;rumana;BELETRO;poezio;;poezio tradukita
37 - 2006;aŭgusto;222;208-209;Yamasaki Seiko;Japanio kie ankoraŭ aplikiĝas la principoj de la azia mondo;;;ESEO;artikolo;;eseo originala
37 - 2006;aŭgusto;222;210-211;Manuel de Seabra;La libro de Han Shan;;;BELETRO;eseo;;prozo originala
37 - 2006;aŭgusto;222;212-214;Abdizhamil Nurpeissov;Kie multas saĝo, tie multas aflikto;Horst Vogt;germana;SPECIALE PEN;eseo;;anonco
37 - 2006;aŭgusto;222;215-217;Armando Zecchin;Ĉu eblas kredi je Jesuo sen ties resurekto?;;;KOMENTARIO;eseo;;eseo originala
37 - 2006;aŭgusto;222;218-222;Leif Nordenstorm;La neatendita morto kaj resurekto de iu E. Andersson;;;HUMURO;prozo;;prozo originala
37 - 2006;oktobro;223;227;Giorgio Silfer;Lamento pro la Dekunua de Septembro;;;UVERTURO;poezio;;poezio originala
37 - 2006;oktobro;223;228;Manuel de Seabra;Ni vin salutas: Ave!;;;HISTORIO;oracio;;anonco
37 - 2006;oktobro;223;229-231;Fred Uhlmann;"""Retrovo"", ĉapitro unua";William Auld;angla;BELETRO;libro;;prozo tradukita
37 - 2006;oktobro;223;232;Benoît Philippe;Sufoka blanko soliga nigro;;;MEMORE PRI;poemo;;poezio originala
37 - 2006;oktobro;223;233-239;Jozefo Horváth;Sándor Giesswein, forgesita pioniro;;;HISTORIO;eseo;;eseo originala
37 - 2006;oktobro;223;240-241;Ljubomir Trifonĉovski kun Vanja Ĵeljazkova;Esperanto estas ne nur insulo;;;INTERVJUO;prozo;;intervjuo
37 - 2006;oktobro;223;242-244;Gyula Illés;Unu frazo pri la tiraneco;Giorgio Silfer;hungara;KULTURPOLITIKO;poemo;;poezio tradukita
37 - 2006;oktobro;223;245-250;Carlo Minnaja;Italoj literaturas (1);;;ESEO;eseo;;eseo originala
37 - 2006;oktobro;223;251-255;Trevor Steelee;Fino ĉe la esenoj;;;BELETRO;romano;;poezio originala
37 - 2006;oktobro;223;256-262;Dimitar Haĝiev;La projekto pri la kreo de monda organizo en 1917;;;KULTURPOLITIKO;eseo;;eseo originala
37 - 2006;oktobro;223;263-264;Valdo Banaitis;Internacia semantika, ne nur leksika;;;KOMENTARIO;opinio;;eseo originala
37 - 2006;oktobro;223;265-276;Ottó Haszpra;Egaleco kaj alta efikeco en la internacia komunikado;;;KULTURPOLITIKO;eseo;;eseo originala
37 - 2006;oktobro;223;277-278;La Lingva Komitato;Pri surogataj alfabetoj;;;KULTURPOLITIKO;dokumento;;eseo originala
37 - 2006;decembro;224;283-284;Nicolino Rossi;Vivsence kaj pripense;;;UVERTURO;poemo;;poezio originala
37 - 2006;decembro;224;285-289;Giorgio Silfer;"Cent jarojn post ""La Revuo""";;;ESEO;prozo;;prozo originala
37 - 2006;decembro;224;290;Milena Makaveeva;La Verko de la Jaro 2006;;;KONKURSFAKO;konkurso;;anonco
37 - 2006;decembro;224;291;Milena Makaveeva;Jerzy Fornal kaj Teo Jurukov;;;KONKURSFAKO;voĉdonilo;;anonco
37 - 2006;decembro;224;292-293;Jordan Slavejkov;Neĝo sur Turkio;;;KONKURSFAKO;libro;;eseo originala
37 - 2006;decembro;224;294-298;Carlo Minnaja;Italoj literaturas (2);;;ESEO;eseo;;eseo originala
37 - 2006;decembro;224;299-304;Jeremi Giŝron;Pri la Al-Tnaj-Lando okaze de la Iniciato Ĝeneva;;;SCIENCO;artikolo;;eseo originala
37 - 2006;decembro;224;305-306;Julian Modest;Longe atendita traduko;;;EN VITRINO;recenzo;Janos Arany (2006), Toldi. Epika poemo, tr. Márton Fejes;recenzo
37 - 2006;decembro;224;306;Milena Makaveeva;Mia adreso: Esperantio nur;;;MUZIKO;recenzo;Vera Jordan (2004), Esperanta voĉo (KD);recenzo
37 - 2006;decembro;224;307;Milena Georgieva;Riĉo de aventuroj, traduko sen komplikaĵoj;;;INFANLITERATURO;recenzo;Astrid Lindgren (2006), Mio, mia filo, tr. Leif Nordenstorm;recenzo
37 - 2006;decembro;224;308-309;Petro Palivoda;Floroj ĉiuj estas ja reĝinoj;;;REDAKCIE;anonco;;anonco
37 - 2006;decembro;224;309;Marc Hiltbrand;Ĝenerala asembleo de LF-koop;;;BELETRO;poezio;;poezio originala
37 - 2006;decembro;224;310;Esperanta PEN-Centro;Paŭla Märthi estis ja Aldo de’ Giorgi;;;ESEO;dokumento;;eseo originala
37 - 2006;decembro;224;311-312;Sigurdur H. Pétursson;Pri- sed ne pre-;;;ESPERANTOLOGIO;artikolo;;eseo originala
37 - 2006;decembro;224;313-319;Roman Dobrzynski;Eraroj malantaŭ la dorso;;;HISTORIO;eseo;;eseo originala
37 - 2006;decembro;224;320-324;Tim Westover;Antaŭparolo al la Plena Verkaro de Ommie Wise;;;HUMURO;eseo;;prozo originala
37 - 2006;decembro;224;325-331;Dimitar Haĝiev;La bogomilismo;;;HISTORIO;eseo;;eseo originala
37 - 2006;decembro;224;332;Ljubomir Trifonĉovski;Aŭtuno, tempo por premi(er)oj;;;ESEO;libro;;eseo originala
37 - 2006;decembro;224;333;Christian Declerck;Ĉu militi pro kredoj kaj krederoj?;;;KOMENTARIO;artikolo;;eseo originala
38 - 2007;februaro;225;3;Albert Camus;Plukite de ie kaj tie;;;UVERTURO;prozo;;poezio originala
38 - 2007;februaro;225;4;Walter Żelazny;Mi restas en la Civito, fiera;;;NOVJARA SALUTO;dokumento;;eseo originala
38 - 2007;februaro;225;5-12;Carlo Minnaja;Goldoni post tricent jaroj;;;TEATRO;eseo;;teatro originala
38 - 2007;februaro;225;13-17;Perla Martinelli;9a Oficiala Aldono: kial mi ne voĉdonis;;;LINGVISTIKO;eseo;;eseo originala
38 - 2007;februaro;225;18-21;Vilhelmo Lutermano;Partoj de kodita membiografio;;;EN VITRINO;recenzo;Ernst Jünger (2006), Sur la marmorklifoj, tr. Bertil Nilsson;recenzo
38 - 2007;februaro;225;22;Giorgio Silfer;Lingva Komitato pri Fundamenta interpreto;;;ESPERANTOLOGIO;lingvistiko;;eseo originala
38 - 2007;februaro;225;23-27;Jeremi Gishron;"La ""nomo"" de la Homa";;;ZAMENHOFOLOGIO;recenzo;"L.L. Zimenhof (2006), Mi estas homo, kompilis kaj 
komentis Aleksander Korĵenkov";recenzo
38 - 2007;februaro;225;28-29;Radosław Nowakowski;Pri elektroniko;;;ESEO;artikolo;;eseo originala
38 - 2007;februaro;225;30-35;Claude Gacond;Vivo kaj didaktika kontribuo de Louis de Beaufront (1);;;DIDAKTIKO;eseo;;eseo originala
38 - 2007;februaro;225;36-38;Donald Broadribb;Kion signifas la esperantaj vortoj?;;;KOMENTARIO;eseo;;eseo originala
38 - 2007;februaro;225;39-40;Julian Modest;La vivo pulsas;;;EN VITRINO;recenzo;Lucija Borčić (2001), Pulsas la viv';recenzo
38 - 2007;februaro;225;41;Christian Riviere;Kvin sep kvin;;;BELETRO;poezio;;poezio originala
38 - 2007;februaro;225;42;La Redakcio;Du kandidatoj el Esperantio;;;KONKURSFAKO;dokumento;;eseo originala
38 - 2007;februaro;225;43-51;Zofia Banet-Fornalowawa;"Per demamogio kaj konfuzo… ""refuti""";;;HISTORIO;dokumento;;eseo originala
38 - 2007;februaro;225;52-53;Giorgio Silfer;Anto Speri en frankisma socio;;;LA SEPA ARTO;filmo;;eseo originala
38 - 2007;februaro;225;54;Christian Declerck, Giorgio Silfer;Leterkesto;;;REDAKCIE;dokumento;;anonco
38 - 2007;aprilo;226;59;Gian F. Giorgi;Fenestro al la patrina valo;;;UVERTURO;poemo;;poezio originala
38 - 2007;aprilo;226;60-62;Vinko Ošlak;Zamenhof(a strato) kaj utopio;;;ZAMENHOFOLOGIO;dokumento;;eseo originala
38 - 2007;aprilo;226;63;Perla Martinelli;Verdigi buntan Arlekenon;;;TRADUKARTO;teatro;;teatro originala
38 - 2007;aprilo;226;64-80;Carlo Goldoni;La ruza vidvino (akto unua);Perla Martinelli;itala;TEATRO;teatraĵo;;teatro tradukita
38 - 2007;aprilo;226;81;Fra Gaeta;Ĉiam eblas milde diri;;;BELETRO;poezio;;poezio originala
38 - 2007;aprilo;226;82-83;Radosław Nowakowski;Pri konsumado kaj produktado;;;ESEO;artikolo;;eseo originala
38 - 2007;aprilo;226;84-85;Giorgio Silfer;Serĉante sian identecon;;;LA SEPA ARTO;recenzo;"Sydney Pollack (2004), La interpretistino (filmo);  Elena Hazanov (2006), La tradukistino (filmo)";recenzo
38 - 2007;aprilo;226;86-95;Andreas Künzli;Ĉu simpla interlingvistiko por ĉiuj?;;;PLANLINGVISTIKO;eseo;Aleksandr Duliĉenko (2006), En la serĉado de la mondolingvo aŭ interlingvistiko por ĉiuj;eseo originala
38 - 2007;aprilo;226;95;Kultura Centro Esperantista;Tre interesa aŭgusto;;;REDAKCIE;programo;;anonco
38 - 2007;aprilo;226;96;Gbeglo Koffi, Leen Deij kaj Bertil Nilsson;Leterkesto;;;REDAKCIE;ade;;anonco
38 - 2007;aprilo;226;97-98;Mariana Evlogieva;Vojaĝimpresoj de malsuperlativemulo;;;EN VITRINO;recenzo;Boris Kolker (2005), Vojaĝo en Esperanto-lando. Perfektiga kurso de Esperanto kaj Gvidlibro pri la Esperanta kulturo, 3a eldono reviziita;recenzo
38 - 2007;aprilo;226;99-102;Claude Gacond;Vivo kaj didaktika kontribuo de Louis de Beaufront (2);;;DIDAKTIKO;eseo;;eseo originala
38 - 2007;aprilo;226;103-107;Carlo Minnaja;Italoj literaturas (3);;;ESEO;eseo;;eseo originala
38 - 2007;aprilo;226;108;Daniel Mrázek;Sonĝo pri la mondo;;;MUZIKO;recenzo;Supernova, roka muzikgrupo (2006), Supernova (KD);recenzo
38 - 2007;aprilo;226;109-110;Geraldo Mattos;Esperanton dividas du dialektoj kaj du lingvaj filozofioj;;;KOMENTARIO;artikolo;;eseo originala
38 - 2007;junio;227;115;Dimitrije Jariĉiĉ;Mi volis esti;;;UVERTURO;poemo;;poezio originala
38 - 2007;junio;227;116-135;Carlo Goldoni;La ruza vidvino (akto dua);Perla Martinelli;itala;TEATRO;teatraĵo;;teatro tradukita
38 - 2007;junio;227;136-138;Marie-France Conde Rey;La urbo kiu vivas en siaj bildoj;;;BILDLITERATURO;bildstrio;;prozo originala
38 - 2007;junio;227;139-141;Giorgio Silfer;La rehomiga magio de muziko;;;LA SEPA ARTO;filmo;;eseo originala
38 - 2007;junio;227;142-145;Nikolao Gudskov;Ĉukritiko pri naziismo;;;EN VITRINO;recenzo;Ernst Jünger (2006), Sur la marmorklifoj, tr. Bertil Nilsson;recenzo
38 - 2007;junio;227;146-147;Till Dahlenburg;Akordo de juneco kaj matureco;;;EN VITRINO;recenzo;Raymond Radiguet (2006), Kun Diablo en la korpo, tr. Michel Duc Goninaz;recenzo
38 - 2007;junio;227;148-157;Claude Gacond;Vivo kaj didaktika kontribuo de Louis de Beaufront (3);;;HISTORIO;eseo;;eseo originala
38 - 2007;junio;227;158-159;Carlo Minnaja;Italoj literaturas (4);;;ESEO;eseo;;eseo originala
38 - 2007;junio;227;160-161;Georgi Mihalkov;Ferenc kaj Marianna: teneraj kaj emociaj;;;EN VITRINO;recenzo;Ferenc Jáki kaj Marianna Legányi (2006), Kantante vivi. Poemoj kaj art-tradukoj;recenzo
38 - 2007;junio;227;161;Jaroslav Krolupper;Povus utili esperanta korpuso;;;KOMENTARIO;artikoleto;;eseo originala
38 - 2007;junio;227;162-166;Dimitar Haĝiev;La porko - jaro kaj realo;;;KULTURPOLITIKO;eseo;;eseo originala
38 - 2007;aŭgusto;228;171;Julius Balbin;Janis Lipke;;;MEMORE PRI;poemo;;nekrologo
38 - 2007;aŭgusto;228;172-174;Zofia Banet-Fornalowawa;"""Li travivis la militon""";;;HISTORIO;historio;;eseo originala
38 - 2007;aŭgusto;228;175-179;Márton Fejes;Siberia mozaiko: el la vivo de Julio Baghy;;;REDAKCIE;eseo;;eseo originala
38 - 2007;aŭgusto;228;180-185;Claude Gacond;Vivo kaj didaktika kontribuo de Louis de Beaufront (4);;;HISTORIO;eseo;;eseo originala
38 - 2007;aŭgusto;228;186-187;Marie-France Conde Rey;Unuafoje kongreso en Afriko;;;SPECIALE PEN;artikolo;;anonco
38 - 2007;aŭgusto;228;188-189;Giorgio Silfer;Spurinte Goldoni en Parizo;;;KOMENTARIO;intervjuo;;intervjuo
38 - 2007;aŭgusto;228;190-209;Carlo Goldoni;La ruza vidvino (akto tria);Perla Martinelli;itala;TEATRO;teatraĵo;;teatro tradukita
38 - 2007;aŭgusto;228;210;Perla Martinelli;Literatura seminario en Dakaro;;;REDAKCIE;aranĝo;;anonco
38 - 2007;aŭgusto;228;211-213;Giorgio Silfer;"Inárritu pri ""Babel"": kino estas esperanto";;;LA SEPA ARTO;eseo;;eseo originala
38 - 2007;aŭgusto;228;214-217;Carlo Minnaja;Parola kulturo, de Zamenhof al Lapenna;;;LINGVISTIKO;eseo;;eseo originala
38 - 2007;aŭgusto;228;218-222;Ilona Koutny;Rimarko pri la esperanta semantiko;;;ESPERANTOLOGIO;eseo;;eseo originala
38 - 2007;oktobro;229;227;Christian Riviere;Obei;;;UVERTURO;poemo;;poezio originala
38 - 2007;oktobro;229;228-229;Giorgio Silfer;La voĉo super la vorto;;;TRADUKARTO;muziko;;eseo originala
38 - 2007;oktobro;229;230-234;Vinko Ošlak;Libro enhavanta tiom da ĉio interesa kaj kortuŝa;;;KONKURSFAKO;recenzo;Spomenka Štimec (2006), Hodler en Mostar;recenzo
38 - 2007;oktobro;229;235-237;Ljubomir Trifonĉovski;Kvaro por Nobel-Premio;;;KOMENTARIO;esperanta pen;;anonco
38 - 2007;oktobro;229;238-261;Carlo Goldoni;La kafejo (akto unua);Carlo Minnaja;itala;TEATRO;teatraĵo;;teatro tradukita
38 - 2007;oktobro;229;258;Paul Gubbins;Itala spirito kun nordangla akĉento;;;TEATRO;;;teatro originala
38 - 2007;oktobro;229;262-264;Dimitar Haĝiev;Kio estas Har-Magedono;;;HISTORIO;eseo;;eseo originala
38 - 2007;oktobro;229;265-266;Radojica Petroviĉ;El skandinava mitologio;;;EN VITRINO;recenzo;"Alf Henrikson kaj Edward Lindahl (2005), La frakseno
Igdrasilo, antikva dia historio, tr. Bertil Nilsson";recenzo
38 - 2007;oktobro;229;267;Zorka Vinceljak;Hajko-spritaĵoj;;;HUMURO;poemo;;poezio originala
38 - 2007;oktobro;229;268-269;Giorgio Silfer;Koŝmaro turnita al fabelo aŭ inverse?;;;LA SEPA ARTO;muziko;;eseo originala
38 - 2007;oktobro;229;271-278;Claude Gacond;Vivo kaj didaktika kontribuo de Louis de Beaufront (5);;;HISTORIO;eseo;;eseo originala
38 - 2007;decembro;230;283;Venelin Mitev;Ŝvebe inter frosto kaj festo;;;UVERTURO;poezio;;poezio originala
38 - 2007;decembro;230;284;HeKo;La 42a semajno, en oktobro;;;ESEO;dokumento;;eseo originala
38 - 2007;decembro;230;285-286;Giorgio Silfer;1907, la jaro de du romanoj;;;ESEO;historio;;eseo originala
38 - 2007;decembro;230;287-291;Lynda Scott;Similecoj inter Virginia Woolf kaj Doris Lessing;Donald Broadribb;angla;KONKURSFAKO;eseo;;eseo tradukita
38 - 2007;decembro;230;292-293;Andy Künzli;Neŭtraleco 60 jarojn poste…;;;HISTORIO;dokumento;;eseo originala
38 - 2007;decembro;230;294-298;Otto Jespersen;Historio de nia lingvo Ido;Perla Martinelli;Ido;PLANLINGVISTIKO;eseo;;eseo tradukita
38 - 2007;decembro;230;299-307;Claude Gacond;Vivo kaj didaktika kontribuo de Louis de Beaufront (6);;;HISTORIO;eseo;;eseo originala
38 - 2007;decembro;230;308-309;Radosław Nowakowski;Pri limo;;;ESEO;artikolo;;eseo originala
38 - 2007;decembro;230;310-312;Armando Zecchin;Burĝa lia teatro, aktuala ĝia aŭtoro;;;HISTORIO;eseo;;eseo originala
38 - 2007;decembro;230;313-332;Carlo Goldoni;La kafejo (akto dua);Carlo Minnaja;itala;TEATRO;teatraĵo;;teatro tradukita
38 - 2007;decembro;230;333-334;Christian Declerck;"""Leteroj el mia muelejo"" - recenzo kaj rememorigo";;;BELETRO;leteroj;;prozo originala
39 - 2008;februaro;231;3;Carmel Mallia;En kafejo;;;UVERTURO;poemo;;poezio originala
39 - 2008;februaro;231;4-5;Hans Bakker;Claude Piron, la justulo;;;MEMORE PRI;omaĝo;;nekrologo
39 - 2008;februaro;231;6-8;USUI Hiroyuki;"""La infana raso"" kun multoblaj funkcioj";;;EN VITRINO;recenzo;William Auld verkis kaj deklamas (2007), La infana raso (libreto kaj duobla KD);recenzo
39 - 2008;februaro;231;9-13;Giorgio Silfer;Afriko: veto por unuj, vetoo por aliaj;;;KULTURPOLITIKO;dokumento;;eseo originala
39 - 2008;februaro;231;14;Ljubomir Trifonĉovski;Virino, nia literatura Nobel-kandidato;;;KONKURSFAKO;dokumento;;eseo originala
39 - 2008;februaro;231;15-18;La Redakcio kun Belka Beleva;Esperanto donis al mi scenejon: dankon, Esperantio!;;;INTERVJUO;teatro;;intervjuo
39 - 2008;februaro;231;19-33;Carlo Goldoni;La kafejo (akto tria);Carlo Minnaja;itala;TEATRO;teatrĵo;;teatro tradukita
39 - 2008;februaro;231;34;Milena Makaveeva;"""La Verko de la Jaro"" 2007 (voĉdonilo)";;;KONKURSFAKO;konkurso;;anonco
39 - 2008;februaro;231;35-36;Radosław Nowakowski;Pri simboloj;;;ESEO;artikolo;;eseo originala
39 - 2008;februaro;231;37-38;Jaroslav Krolupper;Rispetoj;;;KONKURSFAKO;poezio;;poezio originala
39 - 2008;februaro;231;39-40;Zlatoje Martinov;"Valore, sed ĉu vere ""skolo""?";;;EN VITRINO;recenzo;"Nikolao Gudskov, komp. (2007), Moskvaj sonoriloj,
antologio de verkoj de moskvaj poetoj-esperantistoj";recenzo
39 - 2008;februaro;231;41-48;Claude Gacond;Vivo kaj didaktika kontribuo de Louis de Beaufront (7);;;HISTORIO;eseo;;eseo originala
39 - 2008;februaro;231;49-50;Sabine Fiedler;De adinato ĝis zeŭgmo;;;LINGVISTIKO;recenzo;Till-Dietrich Dahlenburg (2006), Pli lume la mallumo zumas... Stilfiguroj en la poezio de esperanto. Esperantlingva vortaro kun difinoj kaj ilustraĵoj el la internacia poemkreado;recenzo
39 - 2008;februaro;231;51-52;Amelano Jo;Nova vojo al Venecio;;;EN VITRINO;recenzo;Predrag Matvejević (2006), Alia Venecio, tr. Tomasz Chmielik;recenzo
39 - 2008;februaro;231;53-54;Leif Nordenstorm;En la kafejo;;;HUMURO;novelo;;prozo originala
39 - 2008;aprilo;232;59;Elham Khanian;Semoj;;;UVERTURO;poemoj;;poezio originala
39 - 2008;aprilo;232;60-65;Nicolino Rossi;Francesco Petrarca: humanisma poeto (1);;;BELETRO;eseo;;prozo originala
39 - 2008;aprilo;232;66-68;Giorgio Silfer kun Marjorie Boulton;Ne nur katoj kaj kantoj en la vivo de Marjorie;;;INTERVJUO;prozo;;intervjuo
39 - 2008;aprilo;232;69-73;Márton Fejes;"La ""malnova samovaro"": legendo kaj demento";;;REDAKCIE;eseo;;eseo originala
39 - 2008;aprilo;232;74-75;Marie-France Conde Rey;José Munoz, memoro kaj sopiro;;;BILDLITERATURO;bildstrio;;prozo originala
39 - 2008;aprilo;232;76-78;Giorgio Silfer;Naŭtrala Moresneto, la Esperanto-ŝtato;;;HISTORIO;eseo;;eseo originala
39 - 2008;aprilo;232;79-80;Anatolo Gonĉarov;Hakado en Siberio;;;HUMURO;artikolo;;eseo originala
39 - 2008;aprilo;232;81-85;Grigorij Kanovič;La neĝhomo kun stelo;Tomasz Chmielik;rusa;BELETRO;romano;;prozo tradukita
39 - 2008;aprilo;232;86-87;Radosław Nowakowski;Pri fluganta tapiŝo;;;ESEO;artikolo;;eseo originala
39 - 2008;aprilo;232;88;Esperanta PEN-Centro;Por esprimlibero en Ĉinio;;;SPECIALE PEN;dokumento;;anonco
39 - 2008;aprilo;232;89-92;István Nemere;"El ""Vismar""";;;BELETRO;romano;;poezio originala
39 - 2008;aprilo;232;93;Ivaniĉka Maĝarova;Funkcias la hipnoto;;;TRADUKARTO;recenzo;Zdenka Bergová (2007), Vesmír zvoní hvězdami / Kosmo sonas per steloj, tr. Jaroslav Krolupper;recenzo
39 - 2008;aprilo;232;94;Mariana Evlogieva;Kvardek paĝoj el la vivo de okjara knabiĉo;;;DIDAKTIKO;recenzo;Luiz Portella (2007), Ŝi estas mia amiko. Porinfana amrakonto pri infanoj por komencantoj;recenzo
39 - 2008;aprilo;232;95;Benito Filipo;Via hejmlando muskomilda;;;KONKURSFAKO;poemo;;poezio originala
39 - 2008;aprilo;232;96-102;Geraldo Mattos;Semantika interpreto de la kazoj;;;ESPERANTOLOGIO;lingvistiko;;eseo originala
39 - 2008;aprilo;232;103;Massimo Acciai;La urbo;;;BELETRO;prozo;;prozo originala
39 - 2008;aprilo;232;104;Milena Makaveeva;Kantante mildajn kantojn;;;ESEO;libro;;eseo originala
39 - 2008;aprilo;232;105;László Radácsy;La sekreto de la beleco;;;HUMURO;scenarlibreto;;teatro originala
39 - 2008;aprilo;232;106-110;Barbara Thiering;La geedziĝo de Jesuo;Dimitar Haĝiev;angla;ESEO;eseo;;eseo tradukita
39 - 2008;junio;233;115;Giorgio Silfer;Verkistoj al la povo servis, flatis;;;UVERTURO;poemo;;poezio originala
39 - 2008;junio;233;116-119;Carlo Minnaja;"Duonjarcenton ""Esperanta Antologio""";;;ESEO;antologio;;eseo originala
39 - 2008;junio;233;120-122;Ljubomir Trifonĉovski;Parolas Vilno;;;ESEO;prelego;;eseo originala
39 - 2008;junio;233;123-126;Zlatoje Martinov;Naciaj literaturoj kaj esperanto kiel literatura medio;;;TRADUKARTO;prelego;;eseo originala
39 - 2008;junio;233;127;Perla Martinelli;Aldone, oficiale aŭ eĉ male;;;ZAMENHOFOLOGIO;dokumento;;eseo originala
39 - 2008;junio;233;128-129;Giorgio Silfer;"""Lingvo serena"" Verko de la Jaro";;;KONKURSFAKO;dokumento;;anonco
39 - 2008;junio;233;130-135;Vinko Ošlak;Ĉu Eŭropo estas io pli ol geografia malvero?;;;ESEO;prelego;;eseo originala
39 - 2008;junio;233;136-139;Trevor Steele;Ni ĉiuj estas homoj;;;BELETRO;romano (fragmento);;poezio originala
39 - 2008;junio;233;140-146;Nicolino Rossi;Francesco Petrarca: humanisma poeto (2);;;BELETRO;eseo;;prozo originala
39 - 2008;junio;233;147;Slavko Samotorčan;Almenaŭ tri kialoj por pritakso;;;EN VITRINO;recenzo;"Charles Ferdinand Ramuz (1911), Aline (rakonto), 1a eld., tr. Rene de Saussure; Charles Ferdinand Ramuz (2007), Aline (rakonto), 2a eld., tr. Rene de Saussure, antaŭ- kaj postparolo
kun klarignotoj de Vilhelmo Lutermano";recenzo
39 - 2008;junio;233;148-149;Giorgio Silfer;La Tago de nia lingvo;;;KULTURPOLITIKO;historio;;eseo originala
39 - 2008;junio;233;150-151;Radosław Nowakowski;Pri la plej grava;;;ESEO;artikolo;;eseo originala
39 - 2008;junio;233;152-154;Franz-Georg Rössler;Vorto kaj muziko;;;KOMENTARIO;eseo;;eseo originala
39 - 2008;junio;233;155;Ljubomir Trifonĉovski;Esperantisto ludas en nova filmo de la moskva festivalo;;;LA SEPA ARTO;filmo;;eseo originala
39 - 2008;junio;233;156-157;Marie-France Conde Rey;La arto de Zora Heide: ridi kaj pripensi;;;TEATRO;teatra literaturo;;teatro originala
39 - 2008;junio;233;158-159;Giorgio Silfer;(Mal)amiko mia - pacifisma ĉefverko;;;LA SEPA ARTO;filmo;;prozo originala
39 - 2008;junio;233;160-161;Jaroslav Krolupper;Pantumoj;;;BELETRO;pezio;;poezio originala
39 - 2008;junio;233;162-164;Anatolo Gonĉarov;I-o estas ankaŭ pseŭdolando;;;ESPERANTOLOGIO;eseo;;eseo originala
39 - 2008;junio;233;165-166;Carlos Drumond de Andrade;La homoj, la vojaĝoj;Aloisío Sartorato;portugala;BELETRO;poezio;;poezio tradukita
39 - 2008;aŭgusto;234;171;Ken Miner;Merlino;;;UVERTURO;poemo;;poezio originala
39 - 2008;aŭgusto;234;172-176;Giorgio Silfer, Konsulo de la Esperanta Civito;Ni estas pli ol samideanoj;;;NOVJARA SALUTO;dokumento;;eseo originala
39 - 2008;aŭgusto;234;177;Esperanta PEN-Centro;Forpasis la plej fama disidento;;;ESEO;historio;;eseo originala
39 - 2008;aŭgusto;234;178;Asterikso;Pro la etika forto;;;KONKURSFAKO;artikolo;;eseo originala
39 - 2008;aŭgusto;234;179;Esperanta PEN-Centro;Rezolucio de Stokholmo;;;REDAKCIE;rezolucio;;anonco
39 - 2008;aŭgusto;234;180-186;Mia Couto;Lingvoj de ni sciataj malgraŭ nia nekonscio;Bertil Nilsson;;SPECIALE PEN;ĉefprelego;;anonco
39 - 2008;aŭgusto;234;186;Leen Deij;Kiel vi komprenus?;;;;;;eseo originala
39 - 2008;aŭgusto;234;187-194;Nicolino Rossi;Francesco Petrarca: humanisma poeto (3);;;BELETRO;eseo;;prozo originala
39 - 2008;aŭgusto;234;195-208;Vinko Ošlak;La nacieco en la Biblio;;;FILOZOFIO;eseo;;eseo originala
39 - 2008;aŭgusto;234;209;Paulo Sérgio Viana;Kun elementoj de helena tragedio;;;LA SEPA ARTO;filmo;;eseo originala
39 - 2008;aŭgusto;234;210-220;Mikaelo Bronŝtejn;La urbo Goblinsk;;;BELETRO;romano;;poezio originala
39 - 2008;aŭgusto;234;221-222;Armando Zecchin;Memore pri Kika;;;MEMORE PRI;rememoro;;nekrologo
39 - 2008;oktobro;235;227;Jaroslav Krolupper;Flava soneto;;;UVERTURO;poemo;;poezio originala
39 - 2008;oktobro;235;228-229;Giorgio Silfer;Jam centjara la genia invento de Giuseppe Peano;;;PLANLINGVISTIKO;datreveno;;anonco
39 - 2008;oktobro;235;230-232;Márton Fejes;"Mortenaskita pazigrafio de ""La eksperimenta homo""";;;ESEO;eseo;;eseo originala
39 - 2008;oktobro;235;233;Birindva Mushosi;Burundio prefere ol Burundo;;;KULTURPOLITIKO;lingvo;;eseo originala
39 - 2008;oktobro;235;234-239;Geraldo Mattos;La ignorata Fundamento;;;ESPERANTOLOGIO;prelego;;eseo originala
39 - 2008;oktobro;235;240;Ljubomir Trifonĉovski;Pri virinoj en nia literaturo;;;FEMINISMO;artikolo;;eseo originala
39 - 2008;oktobro;235;241-254;Akimun Rahman;Bangladeŝo;Bertil Nilsson;bengala;BELETRO;eseo;;prozo tradukita
39 - 2008;oktobro;235;255-256;Giorgio Silfer;Inter la muroj de franca lernejo;;;LA SEPA ARTO;artikolo;Laurent Cantet (2008), Entre les murs / Inter la muro (filmo);prozo originala
39 - 2008;oktobro;235;257-266;Manuel de Seabra;La virino en la homeraj poemoj;;;ESEO;eseo;;eseo originala
39 - 2008;oktobro;235;267-268;Bulgara Esperanto-Teatro;Saluto al Gerda;;;TEATRO;historio;;teatro originala
39 - 2008;oktobro;235;269-274;Anatolo Gonĉarov;La Esperanta Civito jam okazis… en Sovetio;;;HISTORIO;eseo;;eseo originala
39 - 2008;oktobro;235;275-278;Abduraĥman Junusov;Kunlaboro kun amaskomunikiloj - strategio kaj rimedoj;;;KOMENTARIO;prelego;;eseo originala
39 - 2008;decembro;236;283;Dimitrije Jariĉiĉ;Epitafo por aktoro;;;UVERTURO;poemo;;poezio originala
39 - 2008;decembro;236;284-285;Giorgio Silfer, Carlo Minnaja;Teatro estas eterna arto;;;HISTORIO;datreveno;;anonco
39 - 2008;decembro;236;286-289;Jean-Marie Gustave Le Clézio;Naskiĝi ene de milito;Perla Martinelli;franca;KONKURSFAKO;dokumento;;eseo tradukita
39 - 2008;decembro;236;290-296;Josip Pleadin;Ĵurnalismo kaj gazeteldonado en novaj teknologiaj kondiĉoj;;;KOMENTARIO;eseo;;eseo originala
39 - 2008;decembro;236;297-298;rolfo;Rekomendinda, sed kiucele?;;;LINGVISTIKO;recenzo;Yves Nevelsteen (2008), Komputeko - prikomputila terminokolekto;recenzo
39 - 2008;decembro;236;299-303;Geraldo Mattos;Dekomencaj intismo kaj itismo;;;ESPERANTOLOGIO;lingvistiko;;eseo originala
39 - 2008;decembro;236;304-310;Lena Karpunina;Grandaj problemoj de malgrandaj homoj;;;BELETRO;prozo;;prozo originala
39 - 2008;decembro;236;311-312;László Radácsy;La Ondo;;;LA SEPA ARTO;filmo;;eseo originala
39 - 2008;decembro;236;313;Heloísa Seixas;Transformiĝo;Aloisio Sartorato;portugala;ESEO;artikolo;;eseo tradukita
39 - 2008;decembro;236;314-315;Daniel Mrázek;Instigo pripensi;;;MUZIKO;recenzo;La Perdita Generacio (2008), Eksplodigos vian domon (KD);recenzo
39 - 2008;decembro;236;316-317;Ivaniĉka Maĝarova;Kun fajna humuro, pro viva sperto kaj filozofio;;;ESEO;artikolo;;eseo originala
39 - 2008;decembro;236;318-319;Elena Popova;Monologo;;;KONKURSFAKO;literatura konkurso;;anonco
39 - 2008;decembro;236;320-324;Felipe E. F. de Castro;Tajpado (kaj esperanto);;;DIDAKTIKO;prelego;;eseo originala
39 - 2008;decembro;236;325-326;Zlatoje Martinov;Brilaj poetbildoj;;;TRADUKARTO;recenzo;Čestmir Vidman (2008), S poutnickom holi / Kun pilgrimbastono, dulingve - ĉeĥe/esperante, tr. Jaroslav Krolupper;recenzo
39 - 2008;decembro;236;327-328;Julian Modest, Perla Martinelli kaj Ljubomir Trifonĉovski;Bernard Golden fervora kaj senlaca;;;MEMORE PRI;historio;;nekrologo
39 - 2008;decembro;236;329-330;Hasan Jakub Hasan;Gvidlibro, eĉ pli;;;SCIENCO;recenzo;Nicolino Rossi (2007), Napolo kaj ties ĉirkaŭaĵoj  (Historio, arto, folkloro);recenzo
39 - 2008;decembro;236;331-333;Venelin Mitev;Marŝante en la Tempo al la Saĝeco;;;HISTORIO;eseo;;eseo originala
39 - 2008;decembro;236;334;HeKo;Filmo kun Meta kaj Bill Auld;;;ESEO;filmo;;eseo originala
40 - 2009;februaro;237;3;Nicolino Rossi;Jarŝanĝa soneto;;;UVERTURO;poemo;;poezio originala
40 - 2009;februaro;237;4-5;Marc Hiltbrand;La renkonto kiel esenca bezono;;;HISTORIO;datreveno;;anonco
40 - 2009;februaro;237;6;Giorgio Silfer;Nefermita al Goeffrey Sutton;;;EN VITRINO;recenzo;;recenzo
40 - 2009;februaro;237;7-13;Carlo Minnaja;Fajron sentis Li interne;;;ZAMENHOFOLOGIO;eseo;;eseo originala
40 - 2009;februaro;237;14-16;Ariel Dorfman;Poeto;Ljubomir Trifonĉovski;hispana;KULTURPOLITIKO;artikolo;;eseo tradukita
40 - 2009;februaro;237;17-19;Perla Martinelli;Virinaj voĉoj en la esperanta gazetaro;;;KOMENTARIO;historio;;eseo originala
40 - 2009;februaro;237;20-25;Christos Hadjipapas;Naciismo kaj cipra literaturo;Ljubomir Trifonĉovski;bulgara;SPECIALE PEN;eseo;;anonco
40 - 2009;februaro;237;26;La Redakcio;Ferio estas kleriĝo kaj ripozo;;;SPECIALE KCE;programo;;anonco
40 - 2009;februaro;237;27-30;Leif Nordenstorm;Ankaŭ duonparto;;;BELETRO;antologio;;prozo originala
40 - 2009;februaro;237;31;Milena Makaveeva;"""La Verko de la Jaro"" 2008 (voĉdonilo)";;;KONKURSFAKO;konkurso;;anonco
40 - 2009;februaro;237;32-36;Paulo S. Viana;"""La Vidvineto"" de Porto Carreiro Neto";;;TRADUKARTO;prelego;;eseo originala
40 - 2009;februaro;237;37-41;Odd Tangerud;"Paul Claudel: ""La anonco al Maria""";;;TEATRO;teatraĵo;;teatro originala
40 - 2009;februaro;237;42;Marie-France Conde Rey;Inter oriento via kaj rimo mia;;;BELETRO;poezio;;poezio originala
40 - 2009;februaro;237;43-53;Célio Freitas Martins;Komunaj trajtoj de la hebrea kaj esperanto;;;LINGVISTIKO;eseo;;eseo originala
40 - 2009;februaro;237;54;Hasan Jakub Hasan kaj Jiří Patera;Brilanta ĝardeno de nia kulturo;;;REDAKCIE;opinio;;anonco
40 - 2009;aprilo;238;59;Benito Filipo;Triptiko por patrin’;;;UVERTURO;poezio;;poezio originala
40 - 2009;aprilo;238;60-64;Carmel Mallia;D-ro L. L. Zamenhof, la estetikulo;;;ZAMENHOFOLOGIO;eseo;;eseo originala
40 - 2009;aprilo;238;65-67;Šimun Šito Ćorić;Kiam ni komencas paroli;Ljubomir Trifonĉovski;kroata;KULTURPOLITIKO;prelego;;eseo tradukita
40 - 2009;aprilo;238;66, 67;Šimun Šito Ćorić;Dua vorto - Dekkvina vorto;Zora Heide;kroata;KULTURPOLITIKO;;;eseo tradukita
40 - 2009;aprilo;238;68;Ljubomir Trifonĉovski;PEN-agado interne kaj ekstere;;;SPECIALE PEN;dokumento;;anonco
40 - 2009;aprilo;238;69-74;Walter Żelazny;Blanka kruco kaj verda stelo;;;HISTORIO;recenzo;Andreas Künzli (2006), Universalaj Lingvoj en Svislando;recenzo
40 - 2009;aprilo;238;75-80;Johano Negrete;Solresol, la muzika lingvo: ĉu ankaŭ parolebla;;;PLANLINGVISTIKO;eseo;;eseo originala
40 - 2009;aprilo;238;81;HeKo;Tri generacioj de redaktoroj en LF-koop;;;KOMENTARIO;dokumento;;eseo originala
40 - 2009;aprilo;238;82-86;Giorgio Silfer;Fabrizio De André, literaturo muziken;;;MUZIKO;eseo;;eseo originala
40 - 2009;aprilo;238;87-89;Donald Broadribb;Poemaro por la starigo de pli bona mondo;;;HISTORIO;recenzo;Sylla Chaves kaj Neide Barros Rego (2007), Brazila Esperanta Parnaso;recenzo
40 - 2009;aprilo;238;90-94;Márton Fejes;"""Habend sua fata carmina"" poemoj havas sian sorton";;;HISTORIO;eseo;;eseo originala
40 - 2009;aprilo;238;95-96;Marie-France Conde Rey;Neperfortita historio;;;EN VITRINO;recenzo;Mikaelo Bronŝtejn (2004), Dek tagoj de kapitano Postnikov;recenzo
40 - 2009;aprilo;238;97;Judit Felszeghy;Ateliero por beletra kreivo;;;FEMINISMO;trejnado;;anonco
40 - 2009;aprilo;238;98-103;Armando Zecchin;Miriga obstino: ĉu historio superas fantazion?;;;FILOZOFIO;eseo;;eseo originala
40 - 2009;aprilo;238;104-107;Dimitar Haĝiev;Kiel aperis la flugilhavaj esprimoj;;;ESPERANTOLOGIO;eseo;;eseo originala
40 - 2009;aprilo;238;108-109;Elena Popova;Rimenigmoj;;;INFANLITERATURO;poezio;;poezio originala
40 - 2009;aprilo;238;110;Valdas Banaitis;Surprize bonvena numero 237;;;REDAKCIE;bonvenigo;;anonco
40 - 2009;junio;239;115;Sylla Chaves;Mia amo libertempas;;;UVERTURO;poemo;;poezio originala
40 - 2009;junio;239;116-123;Francisko Degoul;Ĉu ni strebu zamenhofe?;;;ZAMENHOFOLOGIO;eseo;;eseo originala
40 - 2009;junio;239;124-125;István Nemere;La valo;;;BELETRO;prozo;;prozo originala
40 - 2009;junio;239;125;HeKo;Cendrars festas kun Seabra;;;KONKURSFAKO;romano;;prozo originala
40 - 2009;junio;239;126-127;Giorgio Silfer;Laŭtleganto ĉe flustra pasinto;;;LA SEPA ARTO;filmo;Stephen Daldry (2008), The Reader / La laŭtleganto (filmo);prozo originala
40 - 2009;junio;239;128-129;La Redakcio;Rezolucio pri Palestino;;;KULTURPOLITIKO;dokumento;;eseo originala
40 - 2009;junio;239;129;Zeki Ergas;Gazao 27. XII - 17. I;Giorgio Silfer;;KULTURPOLITIKO;poemo;;poezio tradukita
40 - 2009;junio;239;130;Marie-France Conde Rey;Meritlisto;;;BELETRO;novelo;;prozo originala
40 - 2009;junio;239;131;Etel Zavadlav;La grupo de la Kompaso;;;FEMINISMO;dokumento;;eseo originala
40 - 2009;junio;239;132;Carlo Minnaja - Giorgio Silfer;Internaciaj Floraj Ludoj, 1909;;;REDAKCIE;konkurso;;anonco
40 - 2009;junio;239;133-138;Víctor M. Heredia Flores;La rigardo retrovita;Andrés Martin;hispana;ESEO;eseo;;eseo tradukita
40 - 2009;junio;239;139;Perla Martinelli;La pionira urbo;;;ESEO;historio;;eseo originala
40 - 2009;junio;239;140-141;Salvador Rueda, enkondukas Perla Martinelli;Klopodo de amo kaj vivo;Ángel Arquillos;hispana;BELETRO;poemoj;;poezio tradukita
40 - 2009;junio;239;142-14;Leonardo Cervera Navas;Libero, kuraĝo kaj risko;Andrés Martin;hispana;BELETRO;prozo;;prozo tradukita
40 - 2009;junio;239;144-146;Leonardo Cervera Navas;El “La unua liberoriske”;Andrés Martin;hispana;BELETRO;prozo;;prozo tradukita
40 - 2009;junio;239;147-159;Nikolao Gudskov;Civito estas la plenumiĝo de socio;;;FILOZOFIO;eseo;;eseo originala
40 - 2009;junio;239;160-161;Daniel Mrázek;Gustoj estas diveersaj…;;;MUZIKO;recenzo;La Pafklik (2008), Fek al Esperanto (KD);recenzo
40 - 2009;junio;239;162-165;Anatolo Gonĉarov;Kiu plu plugos mian sulkon?;;;ESPERANTOLOGIO;eseo;;eseo originala
40 - 2009;junio;239;166;Zorka Vinceljak;Hajko-humuraĵoj;;;KONKURSFAKO;poemo;;poezio originala
40 - 2009;aŭgusto;240;171;La Redakcio;Post Sabloneto, Ĉaŭdefono kaj Loklo!;;;UVERTURO;dokumento;;poezio originala
40 - 2009;aŭgusto;240;172-183;Andreas Künzli;Svislando en la vivo de Zamenhof;;;ZAMENHOFOLOGIO;eseo;;eseo originala
40 - 2009;aŭgusto;240;184;La Redakcio;Simpozio pri Homaranismo;;;SPECIALE KCE;programo;;anonco
40 - 2009;aŭgusto;240;185-188;Giorgio Silfer;La Esperanta Civito kaj la internacia juro;;;KULTURPOLITIKO;dokumento;;eseo originala
40 - 2009;aŭgusto;240;189-190;Bertil Nilsson;De movasd- al literaturhistorio;;;HISTORIO;recenzo;"Carlo Minnaja (2007), L'esperanto in Italia
- Alla ricerca della democrazia linguistica.";recenzo
40 - 2009;aŭgusto;240;191-193;Perla Martinelli;Waringhien la klerulo;;;HISTORIO;rememoro;;nekrologo
40 - 2009;aŭgusto;240;194;Etel Zavadlav;Kie estas mia amo?;;;BELETRO;poemo;;poezio originala
40 - 2009;aŭgusto;240;195-200;György Konrád;La romano kaj la urbo;László Radácsy;hungara;SPECIALE PEN;prelego;;anonco
40 - 2009;aŭgusto;240;201-203;Leen Deij;La senco de la sensenca;;;KULTURPOLITIKO;eseo;;eseo originala
40 - 2009;aŭgusto;240;204;Frato Melqíades (OFM);Popolo sen historio estas popolo sen futuro;;;FILOZOFIO;artikolo;;eseo originala
40 - 2009;aŭgusto;240;205-207;Zlatoje Martinov;Pri la esperanta tradukado kiel arto;;;DIDAKTIKO;eseo;;eseo originala
40 - 2009;aŭgusto;240;208;Ljubomir Trifonĉovski;Mia biblioteko ekiras aliloken;;;ESEO;dokumento;;eseo originala
40 - 2009;aŭgusto;240;209;Gereltogtokh Dagva;Obstinuloj;;;INFANLITERATURO;fabloj;;prozo originala
40 - 2009;aŭgusto;240;210-211;Giorgio Silfer;2001: Odiseado en la spaco;;;LA SEPA ARTO;filmo;;prozo originala
40 - 2009;aŭgusto;240;212;Milena Georgieva;Rajtigilo por fiŝkapti (Dua premio EKRA-2009);;;HUMURO;rakonto;;prozo originala
40 - 2009;aŭgusto;240;213-216;Giorgio Silfer;Rememoro pri Solferino;;;MEMORE PRI;omaĝo;;nekrologo
40 - 2009;aŭgusto;240;217;Jaroslav Krolupper;Amdeklaro;;;KONKURSFAKO;poemo;;poezio originala
40 - 2009;aŭgusto;240;218-222;Jordan Slavejkov;La reĝo ordonis: vi vivu eterne;;;MUZIKO;eseo;;eseo originala
40 - 2009;oktobro;241;227;Lina Gabrielli;Inter la bildoj;;;UVERTURO;poemo;;poezio originala
40 - 2009;oktobro;241;228-229;Leen Deij;Tri pensuloj: la evoluo de la moralo;;;KOMENTARIO;eseo;;eseo originala
40 - 2009;oktobro;241;230-239;Vinko Ošlak;Zamenhof kaj la etiko;;;ZAMENHOFOLOGIO;eseo;;eseo originala
40 - 2009;oktobro;241;240;Etel Zavadlav;Simpozio pri Homaranismo;;;ESEO;artikolo;;eseo originala
40 - 2009;oktobro;241;241-244;Tone Perŝak;Rolo de amaskomunikiloj kaj kulturo dum emancipiĝo;Slavko Samotorčan;slovena;SPECIALE PEN;prelego;;anonco
40 - 2009;oktobro;241;245-248;Kjell Olaf Jensen;Teatro kaj revolucio: Centra Eŭropo 1989;Donald Gasper;angla;TEATRO;eseo;;teatro tradukita
40 - 2009;oktobro;241;249-253;Márton Fejes;Esperanto kiel epizodo en romano de Béla Illés;;;ESEO;eseo;;eseo originala
40 - 2009;oktobro;241;254-255;Giorgio Silfer;Nur unu horon volus vin…;;;LA SEPA ARTO;filmo;;prozo originala
40 - 2009;oktobro;241;256-257;Marcos Vasconcelos;La intrigo;Aloisío Sartorato;portugala;HUMURO;teatraĵo;;teatro tradukita
40 - 2009;oktobro;241;258-264;Giorgio Silfer;"La lingvistika redaktoro de ""Literatura Foiro""";;;LINGVISTIKO;eseo;;eseo originala
40 - 2009;oktobro;241;265-266;Etel Zavadlav;Du vanaj dialogoj;;;KOMENTARIO;noveloj;;prozo originala
40 - 2009;oktobro;241;267;Giorgio Silfer;Delonge aprezata ĉe ni (el LF 105, 1987);;;KONKURSFAKO;dokumento;;eseo originala
40 - 2009;oktobro;241;268-272;Josip Pleadin;Kiam la besto elaĉetas la homon;;;EN VITRINO;recenzo;István Nemere (2008), Vismar;recenzo
40 - 2009;oktobro;241;273;Kiril Velkov;Kio okazis tiun 20an de Julio?;;;ESEO;artikolo;;eseo originala
40 - 2009;oktobro;241;274-275;Armando Zecchin;Pri Aristotelo laŭ Gudskov kaj superstiĉo laŭ Leen Deij;;;REDAKCIE;artikolo;;anonco
40 - 2009;oktobro;241;276-278;Timoteo Wüster;Por ekkoni budhismon kaj bone rakontitajn fabelojn;;;EN VITRINO;recenzo;"Gunnar Gällmo (2006), ""La regrifuzanto"" kaj aliaj budhismaj fabeloj";recenzo
40 - 2009;decembro;242;283;Carmel Mallia;Al Zamenhof (por festi la 150-jaran jubileon de lia naskiĝo);;;UVERTURO;poemo;;poezio originala
40 - 2009;decembro;242;284-288;Walter Żelazny;Kelkaj rimarkoj pri la koncepto de gento;;;ZAMENHOFOLOGIO;eseo;;eseo originala
40 - 2009;decembro;242;289-292;Hector Hodler;Omaĝe al Zamenhof 50-jara en 1909;;;HISTORIO;datreveno;;anonco
40 - 2009;decembro;242;293-294;Valdo Banaitis;Antaŭ cent kvindek jaroj;;;HISTORIO;datreveno;;anonco
40 - 2009;decembro;242;295;Francisko Degoul;Pri la kopmaro Kant-Zamenhof;;;KOMENTARIO;artikolo;;eseo originala
40 - 2009;decembro;242;296;HeKo;Nova prezidanto por PEN;;;SPECIALE PEN;dokumento;;anonco
40 - 2009;decembro;242;297-309;Carlo Minnaja;Miaj kontaktoj kun Ivo Lapenna (1);;;ESEO;prozo;;prozo originala
40 - 2009;decembro;242;310;Dimitrije Jariĉiĉ;Tempon havigi kaj haltigi;;;EN VITRINO;recenzo;Zdenka Bergrová (2009), Aǔtuna luno, dulingva kolekto de poemoj, tr. Jaroslav Krolupper, ilustr. Veroslav Bergr;recenzo
40 - 2009;decembro;242;311-324;Zlatko Tiŝljar;En Zagrebo nia plej daŭra amatora ensemblo;;;TEATRO;eseo;;teatro originala
40 - 2009;decembro;242;325;Giorgio Silfer;La eminenta ŝekspirologo;;;HISTORIO;artikolo;;nekrologo
40 - 2009;decembro;242;326;Ivaniĉka Maĝarova;Kelkaj hajkoj;;;BELETRO;poezio;;poezio originala
40 - 2009;decembro;242;327-330;Juraj Šebesta;"Dramarto kaj la teatra naturo de la ""Velura Revolucio""";Ljubomir Trifonêovski kaj Donald Gasper;slovena;HISTORIO;prelego;;eseo tradukita
40 - 2009;decembro;242;331-334;Hans Michael Maitzen;Rigardi la ĉielon por vidi la estonton;;;SCIENCO;prelego;;eseo originala
40 - 2009;decembro;242;334;Administra Komitato de LF-koop;Ĝenerala asembleo de LF-koop;;;REDAKCIE;programo;;anonco
41 - 2010;februaro;243;3;Marie-France Conde Rey;Impresoj el Japanio;;;UVERTURO;poezio;;poezio originala
41 - 2010;februaro;243;4;Marc Hiltbrand;Por LF-koop estas perla jaro;;;NOVJARA SALUTO;dokumento;;eseo originala
41 - 2010;februaro;243;5-10;Francisko Degoul;Kontribuo al plialtigo de nia kultúra nivelo;;;ZAMENHOFOLOGIO;recenzo;Aleksander Korĵenkov (2009), Homarano. La vivo, verkoj kaj ideoj de d-ro L. L. Zamenhof;recenzo
41 - 2010;februaro;243;11-20;Carlo Minnaja;Miaj kontaktoj kun Ivo Lapenna (2);;;ESEO;prozo;;prozo originala
41 - 2010;februaro;243;21;Milena Makaveeva;"""La Verko de la Jaro"" 2009";;;KONKURSFAKO;konkurso;;anonco
41 - 2010;februaro;243;22;HeKo;Nova revuo de LF-koop pri socio, filozofio, religio;;;REDAKCIE;novaĵo;;anonco
41 - 2010;februaro;243;23;La Redakcio kun Bertil Nilsson;"""Homarane"" fariĝos forumo, kiu agos por nia konsciiĝo";;;INTERVJUO;dokumento;;intervjuo
41 - 2010;februaro;243;24-25;Giorgio Silfer;Avataro laŭ nomo kaj faro;;;LA SEPA ARTO;kino;;prozo originala
41 - 2010;februaro;243;26-27;Till Dahlenburg;Aŭskulti la bardon kantantan;;;EN VITRINO;recenzo;Mikaelo Bronŝtejn (2009), Kajto. Originalaj poemoj;recenzo
41 - 2010;februaro;243;28-29;Jordan Slavejkov;Vi dormas;;;BELETRO;prozo;;prozo originala
41 - 2010;februaro;243;30-34;Márton Fejes;"Lingvokurso en ""Maldungita legio""";;;HISTORIO;eseo;;eseo originala
41 - 2010;februaro;243;35-37;Donald Broadribb;Frandaĵo por la roman-legemulo;;;EN VITRINO;recenzo;István Nemere (2009), Serpentoj en la puto;recenzo
41 - 2010;februaro;243;38-40;Dimitar Haĝiev;La kontribuo de la litova kaj belorusa en la kreo de esperanto;;;ZAMENHOFOLOGIO;eseo;;eseo originala
41 - 2010;februaro;243;41-44;Armando Zecchin;Vojaĝo al Lirey (neebla intervjuo);;;BELETRO;prozo;;prozo originala
41 - 2010;februaro;243;45;Nikola Uzunov;Poemoj por kantoj;;;TRADUKARTO;recenzo;Ljubov Vondroušková (2009), Labirinto, tr. Jaroslav Krolupper;recenzo
41 - 2010;februaro;243;46-51;Andreas Künzli;Sekiĝis jam tri verkistaj plumoj;;;ESEO;eseo;;eseo originala
41 - 2010;februaro;243;52;Leif Nordenstorm;Libreto por vortdiveni, libreto por desegni;;;INFANLITERATURO;recenzo;Elena Popova (2009), Rim-Enigmoj;recenzo
41 - 2010;februaro;243;53;Perla Martinelli;La pentristino de Zamenhof;;;ARTO;artikolo;;eseo originala
41 - 2010;februaro;243;54;Ljubomir Trifonĉovski;"Irlanda ""Molloy"" de Becket";;;BELETRO;teatro;;teatro originala
41 - 2010;aprilo;244;59;Lenke Szász;Miraĝo;;;UVERTURO;poemo;;poezio originala
41 - 2010;aprilo;244;60-69;Giorgio Silfer;Lingvopolitikoj en Esperantio;;;ESEO;dokumento;;eseo originala
41 - 2010;aprilo;244;70-74;Leen Deij;La ĉielo super la ĉielo;;;NOVJARA SALUTO;kristanismo;;eseo originala
41 - 2010;aprilo;244;75-78;Franz-Georg Rössler;La fona tono;;;SPECIALE PEN;eseo;;eseo originala
41 - 2010;aprilo;244;79-80;Nicolino Rossi;Sur l’ benko mi sidas nun sola;;;EN VITRINO;recenzo;Malfrua Somero (2009),  Malgajaj sonetoj;recenzo
41 - 2010;aprilo;244;81-85;Trevor Steele;Onklo Elmaru;;;BELETRO;romano;;poezio originala
41 - 2010;aprilo;244;86;Ljubomir Trifonĉovski;Estas io el Ŝekspiro, tamen tie Fletcher plias…;;;TEATRO;artikolo;;teatro originala
41 - 2010;aprilo;244;87;Daniela Ungurean, Petronela Hojbota;De Daniela kaj Petrolena;;;BELETRO;poezio;;poezio originala
41 - 2010;aprilo;244;88-89;Donald Broadribb;Eĉ Sovetie juneco estis juneco;;;EN VITRINO;recenzo;Mikaelo Bronstejn (2009), Lecionoj por knabo;recenzo
41 - 2010;aprilo;244;90-91;Zlatoje Martinov;Noveloj aŭ modernaj mitoj?;;;EN VITRINO;recenzo;Tim Westover (2009), Marvirinstrato;recenzo
41 - 2010;aprilo;244;92-96;Márton Fejes;La kalvario de unu granda rondo familia;;;HUMURO;eseo;;eseo originala
41 - 2010;aprilo;244;97-99;Miroslav Malovec;Fremdlingvo belas se utila, sed ne forĵetu la familiaran;;;TRADUKARTO;recenzo;(2009), Malta nuntempa poezio, tr. Carmel Mallia;recenzo
41 - 2010;aprilo;244;100-102;Constantin Abaluta;Virino en la klasika hajko;"Koffi Gbeglo, Marie-France
Conde Rey";franca;ESEO;eseo;;eseo tradukita
41 - 2010;aprilo;244;103;La Redakcio;Diversaj aranĝoj;;;SPECIALE KCE;programo;;anonco
41 - 2010;aprilo;244;104;Petja Cvetkova;Submetita de sia sorto;;;DIDAKTIKO;recenzo;Ljubov Vondroušková (2010), Iluzio, tr. Jaroslav Krolupper;recenzo
41 - 2010;aprilo;244;105-107;Jordan Slavejkov;Malsato;;;LA SEPA ARTO;eseo;;prozo originala
41 - 2010;aprilo;244;108;Ljubomir Trifonĉovski;Okaze de ekspozicio en Vieno;;;REDAKCIE;ekspozicio;;eseo originala
41 - 2010;aprilo;244;109-110;Julian Modest;Mia amiko Nikola Stranĝanski;;;MEMORE PRI;omaĝo;;nekrologo
41 - 2010;junio;245;115;Miguel Hernández;Hajkoj sur poemo;Nula Horo;hispana;UVERTURO;poezio;;poezio tradukita
41 - 2010;junio;245;116-117;Giorgio Silfer;Ĉu Madrido stopis katalunan driblon?;;;KULTURPOLITIKO;eseo;;eseo originala
41 - 2010;junio;245;118-120;José Saramago;"El ""Eseo pri la lucideco""";Perla Martinelli;portugala;BELETRO;komentario;;prozo tradukita
41 - 2010;junio;245;121;Lina Gabrielli;Dolĉaj manoj por karesi;;;BELETRO;poezio;;poezio originala
41 - 2010;junio;245;122-125;Perla Martinelli;Omaĝo en la Esperanta Panteono;;;MEMORE PRI;omaĝo;;nekrologo
41 - 2010;junio;245;126-129;Carlo Minnaja;Fonto vere abunda;;;LINGVISTIKO;recenzo;(2009), Abunda fonto. Memorlibro omage al prof. István Szerdahelyi;recenzo
41 - 2010;junio;245;130-135;Zdravko Seleŝ;Komedio pri mishomoj kaj veraj homoj;;;TEATRO;recenza eseo;;recenzo
41 - 2010;junio;245;136-146;Bert Boon;La enigma odiseado de zamenhofa letero;;;ZAMENHOFOLOGIO;eseo;;eseo originala
41 - 2010;junio;245;147-148;Rubem Alves;La arto aŭskulti;Aloisio Sartorato;portugala;ESEO;artikolo;;eseo tradukita
41 - 2010;junio;245;149;Ljubomir Trifonĉovski;Tri datrevenoj en Razgrado;;;ESEO;dokumento;;eseo originala
41 - 2010;junio;245;150-152;József Mihály Benedek;Punkto-fino;László Radácsy;hungara;TEATRO;novelo;;prozo tradukita
41 - 2010;junio;245;153-163;Katharina Raabe;Kiam la nebulo leviĝis (1);Donald Gasper;germana;HISTORIO;romano;;prozo tradukita
41 - 2010;junio;245;164;Mariana Evlogieva;Malmalico pri Alico;;;INFANLITERATURO;libro;Lewis Carroll (2001), Trans la Spegulo kaj kion Alico trovis tie, tr. Donald Broadribb;prozo originala
41 - 2010;junio;245;165;Wolfgang Günther;Pri la ekologia alpaŝo al la lingvaj rajtoj;;;KOMENTARIO;artikolo;;eseo originala
41 - 2010;junio;245;166;Ljubomir Trifonĉovski;Pri kocerto de sir Elton John;;;REDAKCIE;muziko;;eseo originala
41 - 2010;aŭgusto;246;171;Marie-France Conde Rey;Legendo el Ĵumiljak;;;UVERTURO;poemo;;poezio originala
41 - 2010;aŭgusto;246;172;Ljubomir Trifonĉovski;Pli kaj pli freŝa kadro por interesaj aranĝoj;;;KULTURPOLITIKO;historio;;eseo originala
41 - 2010;aŭgusto;246;173-178;Leen Deij;Mil kvincent genezaj rakontoj;;;ESEO;;;eseo originala
41 - 2010;aŭgusto;246;179-184;Katharina Raabe;Kiam la nebulo leviĝis (2);Bertil Nilsson;germana;HISTORIO;historio;;eseo tradukita
41 - 2010;aŭgusto;246;185;Liljana Stefanova;Vortoj kun koditaj mesaĝoj;Ljubomir Trifonĉovski;bulgara;SPECIALE PEN;dokumento;;anonco
41 - 2010;aŭgusto;246;186;Giorgio Silfer;"""Kajto"" verko de la jaro 2009";;;KONKURSFAKO;konkurso;;anonco
41 - 2010;aŭgusto;246;187-206;Ronald Harwood;Kvarteto (Bella figlia dell’ amore) Unua akto;Giorgio Silfer;angla;TEATRO;teatraĵo;;teatro tradukita
41 - 2010;aŭgusto;246;207;Etel Zavadlav;Metaurbo;;;BELETRO;prozo;;prozo originala
41 - 2010;aŭgusto;246;208-211;Márton Fejes;Privataj lecionoj ĉe sinjoro Schwarz;;;ESEO;eseo;;eseo originala
41 - 2010;aŭgusto;246;212-213;Donald Broadribb;Plaĉaj rakontetoj malgraŭ ĉiu pravigebla kritiko;;;EN VITRINO;recenzo;Massimo Accai (2009), La sola absolvita/ L'Unico Assolto;recenzo
41 - 2010;aŭgusto;246;214-217;Jaroslav Krolupper;Korpiĝas en ŝi amo - la donaco dia;;;BELETRO;poezio;;poezio originala
41 - 2010;aŭgusto;246;218-221;La Redakcio;Artikoloj de Anatolo Gonĉarov;;;REDAKCIE;datrveno;;anonco
41 - 2010;aŭgusto;246;222;Ljubomir Trifonĉovski;Pri eŭropaj arkitekturaj premioj;;;REDAKCIE;artikolo;;eseo originala
41 - 2010;oktobro;247;227;Bogusław Sobol;Memoroj pri aŭtuno ĉe-mara;;;UVERTURO;poezio;;poezio originala
41 - 2010;oktobro;247;228;La Redakcio;Atrhur Baur kaj Literatura Foiro;;;MEMORE PRI;omaĝo;;nekrologo
41 - 2010;oktobro;247;229-231;Perla Martinelli;Ne hazarde naskita  óe vulkano;;;KONKURSFAKO;eseo;;eseo originala
41 - 2010;oktobro;247;231-232;Mario Vargas Llosa;La milito de l’ mondofino;Perla Martinelli;hispana;KONKURSFAKO;prozo;;prozo tradukita
41 - 2010;oktobro;247;233-237;Leen Deij;La fino de la mondo;;;ESEO;eseo;;eseo originala
41 - 2010;oktobro;247;238-241;Vinko Ošlak;Valorega trezoro por ĉiu postsekva diskuto;;;ZAMENHOFOLOGIO;recenzo;LF-koop (2010), HOMARANE - Kajero en esperanto pri socio, filozofio, religio, n-ro 1;recenzo
41 - 2010;oktobro;247;242;Marie-France Conde Rey;Mondkongreso en Tokio;;;SPECIALE PEN;kongreso;;anonco
41 - 2010;oktobro;247;243-261;Ronald Harwood;Kvarteto (Bella figlia dell’ amore) Dua akto;Giorgio Silfer;angla;TEATRO;teatraĵo;;teatro tradukita
41 - 2010;oktobro;247;262;HeKo;"""Verdaj papagoj"" esperantigita";;;BELETRO;libro;;poezio originala
41 - 2010;oktobro;247;263-266;Radosław Nowakowski;Identeco de libro;;;ESEO;eseo;;eseo originala
41 - 2010;oktobro;247;267;Lenke Szász;Jen estas la papero, plumo;;;BELETRO;poemo;;poezio originala
41 - 2010;oktobro;247;268-273;Katharina Raabe;Kiam la nebulo leviĝis (3);Bertil Nilsson;angla;HISTORIO;historio;;eseo tradukita
41 - 2010;oktobro;247;274-275;Julian Modest;Neevitebla knabo;;;BELETRO;prozo;;prozo originala
41 - 2010;oktobro;247;276-277;Zlatoje Martinov;Esenco de la poeta ideo;;;EN VITRINO;recenzo;"Ivanicka Magarova (2010), 
Бодил на шлема / Kardo sur kasko, dulingve - bulgara kaj esperanto";recenzo
41 - 2010;oktobro;247;278;Ljubomir Trifonĉovski;Reveno de La Eta Princo;;;REDAKCIE;libro;;eseo originala
41 - 2010;decembro;248;283;Benoît Philippe;Dresdeno;;;UVERTURO;poemo;;poezio originala
41 - 2010;decembro;248;284;L.L. Zamenhof;La sole ebla natura irado de la aferoj;;;ZAMENHOFOLOGIO;parolado;;anonco
41 - 2010;decembro;248;285-287;Giorgio Silfer;Literaturo de diasporo: ĉu ankaŭ literaturo por paco?;Perla Martinelli;franca;KULTURPOLITIKO;prelego;;eseo tradukita
41 - 2010;decembro;248;288-290;Perla Martinelli;Tradukobreto en ĉiu biblioteko;;;TRADUKARTO;eseo;;eseo originala
41 - 2010;decembro;248;291-294;Teresa Salema;Rapida, la ombro de paco, inter ĉarniro kaj pordo;Donald Broadribb;angla;SPECIALE PEN;prelego;;anonco
41 - 2010;decembro;248;295;Zeki Ergas;Vortoj translime: verki por paco;;;REDAKCIE;konferenco;;anonco
41 - 2010;decembro;248;296-300;Carlo Minnaja kaj Till Dahlenburg;Rakontoj kaj vizaĝoj;;;EN VITRINO;recenzo;Leif Nordenstorm, Sten Johansson, Lena Karpunina, Perla Martinelli, Tim     Westover (2010), Vizagoj. Novelaro 2000-2009;recenzo
41 - 2010;decembro;248;301-302;Marie-France Conde Rey;Se ne konsenti, almenaŭ pripensi;;;REDAKCIE;premio;;anonco
41 - 2010;decembro;248;303;Emil Loteanu;Venu poŝtistoj, ĝustatempe;Nicoleta Mendrea;rumana;BELETRO;poemo;;poezio tradukita
41 - 2010;decembro;248;304-306;Carlo Minnaja;Ĉu la intelektulo malamas la nuntempan homaron?;;;ESEO;eseo;;eseo originala
41 - 2010;decembro;248;307-313;Steven Brewer;Kion dio farus?;;;BELETRO;prozo;;prozo originala
41 - 2010;decembro;248;314-317;Leen Deij;Vortoj prskribitaj;;;KULTURPOLITIKO;eseo;;eseo originala
41 - 2010;decembro;248;318-321;Ismail Kadaré;La sonĝalportantino;Apélété Agbolo;franca;HUMURO;teksto;;eseo tradukita
41 - 2010;decembro;248;322;Ljubomir Trifonĉovski;Oscar Wilde pantomime, eblas;;;BELETRO;spektaklo;;teatro originala
41 - 2010;decembro;248;323-327;Radosław Nowakowski;La berilo: skizo por dramo;;;HUMURO;batalo;;eseo originala
41 - 2010;decembro;248;328-329;Giorgio Silfer;Porajmoso rakontata de Tony Gatlif;;;LA SEPA ARTO;rakonto;;prozo originala
41 - 2010;decembro;248;330;Lilia Nikolova;Rudimentaj momentoj;;;BELETRO;poemo;;poezio originala
41 - 2010;decembro;248;331-333;Armando Zecchin;Kaj Paálo diris: Pagu la impostojn!;;;REDAKCIE;religio;;anonco
42 - 2011;februaro;249;3;Carmel Mallia;Penso-kremo;;;UVERTURO;poemo;;poezio originala
42 - 2011;februaro;249;4;Marc Hiltbrand;Saĝo estas kion ni bezonas;;;NOVJARA SALUTO;artikolo;;eseo originala
42 - 2011;februaro;249;5-7;Umberto Eco;Venĝemaj ret-piratoj kaj spionoj per diliĝenco;Marie-France Conde Rey;franca;ESEO;eseo;;eseo tradukita
42 - 2011;februaro;249;8;Ken Miner;"""Kvarteto"" de R.";;;KOMENTARIO;artikolo;;eseo originala
42 - 2011;februaro;249;9-11;Leen C. Deij;Ekis en grotoj;;;ESEO;eseo;;eseo originala
42 - 2011;februaro;249;12-16;Edvard Kovač;Paco inter tagaj kaj noktaj sonĝoj;Donald Broadribb;angla;SPECIALE PEN;prelego;;anonco
42 - 2011;februaro;249;17-34;Nikolao Gudskov;Hipioj de Grekio, fidelaj disĉiploj de Sokrato;;;BELETRO;ĉapitro el libro;;poezio originala
42 - 2011;februaro;249;35;Milena Makaveeva;"""La Verko de la Jaro"" 2010 - Voĉdonilo";;;KONKURSFAKO;konkurso;;anonco
42 - 2011;februaro;249;36-41;Jean-Luc Tortel;Jozefino Baker;;;HUMURO;novelo;;prozo originala
42 - 2011;februaro;249;42;Mariana Evlogieva;Poezio sen pozo;;;EN VITRINO;recenzo;"Karla Erbová (2010), Pejzaĝo kun signaturoj,
tr. Jaroslav Krolupper";recenzo
42 - 2011;februaro;249;43-46;Armando Zecchin;Kiam mi agentis inter mafiuloj;;;BELETRO;romano;;prozo originala
42 - 2011;februaro;249;47;Fra Gaeta;Du poeziaj korelverŝoj;;;HISTORIO;poemoj;;poezio originala
42 - 2011;februaro;249;48-49;Kostas Maritsas;Civilizacio kaj natura elekto;Ljubomir Trifonĉovski;;ESEO;kontribuo;;eseo tradukita
42 - 2011;februaro;249;50;La Redakcio;Printempe semi, somere rikolti;;;ZAMENHOFOLOGIO;kalendaro;;anonco
42 - 2011;februaro;249;51-54;Vinko Ošlak;Komuna lingvo por Kristanoj;;;ESEO;prelego;;eseo originala
42 - 2011;aprilo;250;59;Nicolino Rossi;Ĉu Dio inas?;;;UVERTURO;poemo;;poezio originala
42 - 2011;aprilo;250;60-62;Márton Fejes;Poemo de Baghy en traduko far Kalocsay;;;ESEO;eseo;;eseo originala
42 - 2011;aprilo;250;63-65;Leen Deij;Kio estas globaligo?;;;KULTURPOLITIKO;eseo;;eseo originala
42 - 2011;aprilo;250;66-67;Nelly Holevitch;Lupei nian socion per libreto de Anatolo Gonĉarov;;;KULTURPOLITIKO;recenzo;Anatolo Gonĉarov (2011), Esperanto-identeco: Citaĵoj kaj komentoj;recenzo
42 - 2011;aprilo;250;68-69;Giorgio Silfer;Nia dekoble arĝenta numero;;;KULTURPOLITIKO;eseo;;eseo originala
42 - 2011;aprilo;250;70-91;Barry Friedman;La kronikoj de d-ro Hoffman;;;TEATRO;teatraĵo;;teatro originala
42 - 2011;aprilo;250;92-93;Till Dahlenburg;Ne ŝuldi al pura formala obeemo;;;EN VITRINO;recenzo;Jaroslav Krolupper (2011), Esperanta versado;recenzo
42 - 2011;aprilo;250;94-101;Carmel Mallia;Stranga itinero: de prizonulo al lumulo;;;HISTORIO;eseo;;eseo originala
42 - 2011;aprilo;250;102-103;Giorgio Silfer;En okcidento nenio nova;;;LA SEPA ARTO;romano;;prozo originala
42 - 2011;aprilo;250;104-106;Julian Modest;La fera barilo;;;BELETRO;prozo;;prozo originala
42 - 2011;aprilo;250;107-110;Anatolo Gonĉarov;Ĉiu popolo buŝas propramaniere;;;ESPERANTOLOGIO;eseo;;eseo originala
42 - 2011;junio;251;115-118;Giorgio Silfer kaj Leen Deij;La lasta vojaĝo de Leen Deij;;;UVERTURO;omaĝo;;nekrologo
42 - 2011;junio;251;119-120;Leen Deij;La teorio pri rompitaj glacoj;;;KULTURPOLITIKO;artikolo;;eseo originala
42 - 2011;junio;251;121;Leen Deij;Civita kanto;;;HISTORIO;kanto;;poezio originala
42 - 2011;junio;251;122-125;Walter Żelazny;Pri la signifoj de la nocio … ĉe Zamenhof;;;ZAMENHOFOLOGIO;eseo;;eseo originala
42 - 2011;junio;251;126-128;Giorgio Silfer kun Marjorie Boulton;Protestoj kaj poemoj en Bledo;;;SPECIALE PEN;deklaro;;anonco
42 - 2011;junio;251;129-130;Perla Martinelli;Novelaro premiita por 2010;;;KONKURSFAKO;premio;;anonco
42 - 2011;junio;251;131-132;Mihajlo Pantić;Ridiga rakonto;Ljubomir Trifonĉovski;serba;HUMURO;prozo;;prozo tradukita
42 - 2011;junio;251;133-134;Marie-France Conde Rey;Ĉu ĉio estas pardonenda al granda verkisto?;;;KOMENTARIO;artikolo;;eseo originala
42 - 2011;junio;251;135;Orban Pamuk;Mi verkas;la redakcio;turka;KOMENTARIO;dokumento;;eseo tradukita
42 - 2011;junio;251;136-138;Peter Browne;Sinogramoj gravuritaj sur muroj oldaj;;;BELETRO;poemoj;;poezio originala
42 - 2011;junio;251;139-140;Giorgio Silfer;La kvar ne formintaj kvaropon;;;ESEO;eseo;;eseo originala
42 - 2011;junio;251;141-144;Jose Wendel P. Capilli;Medio kaj kultúra diverseco: diasporaj verkistoj en Aŭstralio;Donald Broadribb;angla;KULTURPOLITIKO;eseo;;eseo tradukita
42 - 2011;junio;251;145;Márton Fejes;Abundas datrevenoj ĉi-jare…;;;MEMORE PRI;historio;;nekrologo
42 - 2011;junio;251;146-149;Manuel de Seabra;La magiistoj kaj la drogoj;;;BELETRO;eseo;;prozo originala
42 - 2011;junio;251;150-151;László Radácsy;Eŭropa lingva koktelbaro;;;KULTURPOLITIKO;artikolo;;eseo originala
42 - 2011;junio;251;152-153;Sneĵinka Angelova;Malfermi la skatolon de memoroj;;;EN VITRINO;recenzo;Cvetan Denev (2011), Koncerto por kontrabaso kaj verda herbejo, tr. Tonĉo Valev;recenzo
42 - 2011;junio;251;154-155;Giorgio Silfer;La papo laŭmodas kine;;;LA SEPA ARTO;filmo;;prozo originala
42 - 2011;junio;251;156-158;Armando Zecchin;Ĉu cinikulo? Kaj ĉu lia Dio similas al la Dio de cinikuloj?;;;KOMENTARIO;eseo;;eseo originala
42 - 2011;junio;251;159-160;Gbeglo Koffi;Neniam malinterne de ni;;;BELETRO;letero;;prozo originala
42 - 2011;junio;251;161;Anna Bartek;Densas nia kultura agendo;;;REDAKCIE;novaĵo;;anonco
42 - 2011;junio;251;162-166;Zofia Banet-Fornalowa;"""Kakadu - mia amo"": la dua vizaĝo de arto-konservisto";;;ESEO;eseo;;eseo originala
42 - 2011;aŭgusto;252;171;Carmel Mallia;Mi foriris;;;UVERTURO;poemo;;poezio originala
42 - 2011;aŭgusto;252;172-177;Carlo Minnaja;De la Lingva Komitato al la Akademio;;;HISTORIO;eseo;;eseo originala
42 - 2011;aŭgusto;252;178-182;Paulo Sérgio Viana;La arto vidi arton;;;MUZIKO;prelego;;eseo originala
42 - 2011;aŭgusto;252;183-184;Etel Zavadlav;Mastrino de ringoj;;;DIDAKTIKO;novelo;;prozo originala
42 - 2011;aŭgusto;252;185-209;Leen Deij;Tiel proleto fariĝis poeto;;;BELETRO;poezio;;poezio originala
42 - 2011;aŭgusto;252;210-214;Gianmarco Pisa;Lingvoj en Eŭropo: diverseco kaj riĉo;Nicolino Rossi;itala;KULTURPOLITIKO;prelego;;eseo tradukita
42 - 2011;aŭgusto;252;215-217;Valdas Banaitis;Lingvo farumenda (ne lingvo sistema, sedlingva sistemo);;;ZAMENHOFOLOGIO;eseo;;eseo originala
42 - 2011;aŭgusto;252;218-219;La Redakcio;Claude Gacond en la revuo Literatura Foiro;;;REDAKCIE;jubileo;;anonco
42 - 2011;aŭgusto;252;220-222;Ram Kumar Panday;Medio, literaturo kaj literatura medio en Nepalo;Donald Broadribb;angla;SPECIALE PEN;prelego;;anonco
42 - 2011;oktobro;253;227;Giorgio Silfer;Ŝi min sinestezus;;;UVERTURO;poemo;;poezio originala
42 - 2011;oktobro;253;228-231;Giorgio Silfer;Literatura lingvo naskita (mal)graŭ la cara cenzuro;;;ZAMENHOFOLOGIO;eseo/kontribuo;;eseo originala
42 - 2011;oktobro;253;232;La Redakcio;Dua simpozio pri homaranismo;;;SPECIALE KCE;simpozio;;anonco
42 - 2011;oktobro;253;233-235;La Redakcio;Leen Deij en la revuo Literatura Foiro;;;MEMORE PRI;omaĝo;;nekrologo
42 - 2011;oktobro;253;236-239;Armando Zecchin;Teologio laŭ Harry Potter;;;ESEO;filmo;;eseo originala
42 - 2011;oktobro;253;240-243;Marina Katnić-Bakarŝiĉ;Krei librodiversecon: la defio tradukado;Donald Broadribb;angla;TRADUKARTO;prelego;;eseo tradukita
42 - 2011;oktobro;253;244;Zlatoje Martinov;PEN-Kongreso en Belgrado;;;SPECIALE PEN;dokumento;;eseo originala
42 - 2011;oktobro;253;245;Vojislav Iliĉ;Du poemoj;Boriša Milićević;serba;BELETRO;poezio;;poezio tradukita
42 - 2011;oktobro;253;246;Ion Luca Caragiale;La tri diinoj;Nicoleta Mendrea;rumana;HUMURO;kapricaĉo;;prozo tradukita
42 - 2011;oktobro;253;247-252;Barry Friedman;La provizora morto de Sinjoro J. Grinbaŭmo;;;BELETRO;novelo;;prozo originala
42 - 2011;oktobro;253;253;Bogusław Sobol;Post la somera iluzio;;;BELETRO;poemo;;poezio originala
42 - 2011;oktobro;253;254-255;Julian Modest;Atesto pri poezia talento;;;EN VITRINO;recenzo;Lilia Nikolova (2011), Rudimentaj momentoj;recenzo
42 - 2011;oktobro;253;256-257;Dimitrije Jariĉiĉ;La libroj (Poemo de titolpaĝoj);;;KONKURSFAKO;poezio;;poezio originala
42 - 2011;oktobro;253;258;Nikola Uzunov;Fantazio pri Palata kaj Skokovy;;;EN VITRINO;recenzo;Čestmir Vidman (2010), Karesa fantazio, tr. Jaroslav Krolupper, Jiří Patera kaj Margit Turková;recenzo
42 - 2011;oktobro;253;259-262;Etel Zavadlav;Mastrino de ringoj (2);;;DIDAKTIKO;novelo;;prozo originala
42 - 2011;oktobro;253;263;La Fontaine;Cikado kaj formiko;Jean Luc Tortel;franca;INFANLITERATURO;omaĝe;;nekrologo
42 - 2011;oktobro;253;264-265;Giorgio Silfer;Post la unua jardeko;;;KULTURPOLITIKO;dokumento;;eseo originala
42 - 2011;oktobro;253;266-272;Adolf Loos;Ornamo kaj krimo;Horst Vogt;germana;ARTO;eseo;;eseo tradukita
42 - 2011;oktobro;253;273;Mariana Evlogieva;Modeste, sed ne malmajeste;;;MUZIKO;recenzo;Manǔel (2011), duonvoĉe… tutkore (KD);recenzo
42 - 2011;oktobro;253;274-278;Vladislav Apostolov;Diktatoroj el celuloido;Ljubomir Trifonĉovski;bulgara;LA SEPA ARTO;filmo;;prozo tradukita
42 - 2011;decembro;254;283;Gabriel Mora i Arana;La fonto (La source);;;UVERTURO;poemo;;poezio originala
42 - 2011;decembro;254;284-293;Francisko Degoul;Gentoj kaj lingvi internacia cent jarojn poste;;;ZAMENHOFOLOGIO;eseo;;eseo originala
42 - 2011;decembro;254;294-297;Armando Zecchin;Revenvojaĝaj meditoj post prihomaranismaj mensskuoj;;;ESEO;dokumento;;eseo originala
42 - 2011;decembro;254;298-302;Steve Jobs;Vi devas trovi kion vi vere amos!;"Ljubomir
Trifonĉovski kaj Barbara Ilieva";angla;KULTURPOLITIKO;eseo;;eseo tradukita
42 - 2011;decembro;254;303-306;Barry Friedman;Ĉi tio estas mia Usono;;;KONKURSFAKO;prozpoemo;;poezio originala
42 - 2011;decembro;254;307-312;Radosław Nowakowski;Misgvidlibro tra Liberlando;;;BELETRO;prozo;;prozo originala
42 - 2011;decembro;254;313-317;Zeki Ergas;Prapatra lingvo alfrontas ŝanĝon;Donald Broadribb;angla;SPECIALE PEN;eseo;;eseo tradukita
42 - 2011;decembro;254;318-319;Milena Makaveeva;Trioble triobla donaco;;;MUZIKO;recenzo;Rêverie (2011), Revado (duobla KD);recenzo
42 - 2011;decembro;254;320;Milena Makaveeva;"""La Verko de la Jaro"" 2011 pluse, Voĉdonilo";;;KONKURSFAKO;konkurso;;anonco
42 - 2011;decembro;254;321-325;Carlo Minnaja;Italujo 150;;;REDAKCIE;jubileo;;anonco
42 - 2011;decembro;254;326-327;Giorgio Silfer;Senlime - judoj kaj ciganoj;;;TEATRO;muzika teatro;;teatro originala
42 - 2011;decembro;254;328-330;Czesław Miłosz;Mi estas ĉi tie kun espero;Kris Long, Tyburciusz Tyblewski, Irena Missiuro;pola;HISTORIO;poezio;;poezio tradukita
42 - 2011;decembro;254;331-333;Leif Nordenstorm;Ankaŭ kiel literaturo, ne nur kiel sankta skribo;;;ESEO;teksto;;eseo originala
42 - 2011;decembro;254;334;La Redakcio;Serenajn festotagojn je la jarŝanĝo!;;;NOVJARA SALUTO;festo;;anonco
43 - 2012;februaro;255;3;Alberto García Orive;Soneto por la 2021a;;;UVERTURO;poemo;;poezio originala
43 - 2012;februaro;255;4;Marc Hiltbrand;Oni ĉiam lernas…;;;NOVJARA SALUTO;prozo;;prozo originala
43 - 2012;februaro;255;5-10;Walter Żelazny;Zamenhof akceptas neniun judan nacian programon de sia epoko;;;HISTORIO;artikolo;;eseo originala
43 - 2012;februaro;255;11;Peter Englund;Vi faris nian mondon multe pli riĉa, kaj tre, tre pli granda;Bertil Nilsson;sveda;KONKURSFAKO;enkonduka parolo;;anonco
43 - 2012;februaro;255;12-13;Carlo Minnaja;Adiaŭ, Enrico!;;;MEMORE PRI;artikolo;;nekrologo
43 - 2012;februaro;255;14-15;Charles Chaplin;Kiam mi komencis ami min mem;Donald Broadribb;angla;KOMENTARIO;prozpoemo;;poezio tradukita
43 - 2012;februaro;255;16;HeKo;"Jam premias ""Varma lineo""";;;REDAKCIE;anonco;;anonco
43 - 2012;februaro;255;17-19;Radosław Nowakowski;Ĉu ekzistas esperanto-kulturo?;;;KOMENTARIO;kontribuaĵo;;eseo originala
43 - 2012;februaro;255;20;Sneĵinka Angelova;Geografian terminaron oni kreas malfacile;;;LINGVISTIKO;recenzo;Hasan Jakub Hasan (2012), Fiziko-geografia terminaro;recenzo
43 - 2012;februaro;255;21-22;László Radácsy;"La nova ""Nova Teatro""";;;KOMENTARIO;novaĵo;;anonco
43 - 2012;februaro;255;23-24;Daniel Mrázek;Trankvile, milde… Duope;;;EN VITRINO;recenzo;Kajto (2011), Duope (KD);recenzo
43 - 2012;februaro;255;25-33;Giorgio Silfer;La butiketo de la juvelisto;;;TEATRO;unuakta dramo;;teatro originala
43 - 2012;februaro;255;34-35;Mariana Evlogieva;Hiphop’ pli forta ol armiloj;;;MUZIKO;recenzo;"diversaj artistoj (2011), HHK2 (HipHopa
Kompilo Volumo 2), instrumentaj MP3
por karaokeo, eld. Vinilkosmo (KD)";recenzo
43 - 2012;februaro;255;36-41;Armando Zecchin;Ĉe la fino de la tragedio;;;BELETRO;aŭtografia romano;;poezio originala
43 - 2012;februaro;255;42;Celso Martin;La stomako ne havas okulojn;;;HUMURO;prozo;;prozo originala
43 - 2012;februaro;255;43-44;Massimo Acciai;La viro kiu evitis la morton;;;ESEO;artikolo;;eseo originala
43 - 2012;februaro;255;45;Heloísa Seixas;Akvo efemera;Aloisío Sartorato;portugala;BELETRO;artikolo;;prozo tradukita
43 - 2012;februaro;255;46;Lenke Szász;Vivo-arbo plu majeste staras, Falanta folio;;;BELETRO;poezio;;poezio originala
43 - 2012;februaro;255;47-48;La Redakcio;Dimitar Haĝiev en la revuo Literatura Foiro;;;MEMORE PRI;rememoro;;nekrologo
43 - 2012;februaro;255;49-51;Julian Modest;Aŭtuna renkontiĝo;;;BELETRO;prozo;;prozo originala
43 - 2012;februaro;255;52-54;Leif Nordenstorm;La diluvo kaj la interpretado de la Biblio;;;ESEO;rakonto;;prozo originala
43 - 2012;aprilo;256;59;Lina Gabrielli;Mi sonĝis lin;;;UVERTURO;poemo;;poezio originala
43 - 2012;aprilo;256;60;Francisko Degoul;Zamenhof, Eŭropo kaj Jugoslavio;;;KOMENTARIO;artikolo;;eseo originala
43 - 2012;aprilo;256;61-63;Carlo Minnaja;Pasis la temp’ … kaj finiĝis danco;;;HISTORIO;rememoro;;nekrologo
43 - 2012;aprilo;256;64-76;Kurisu Kei;"De noto al noto: pri Ĉapek kaj ""Milito kontraŭ Salamandroj""";;;TRADUKARTO;eseo;;eseo originala
43 - 2012;aprilo;256;77;Giorgio Silfer;Se kino kinas pri si mem…;;;LA SEPA ARTO;filmo;;prozo originala
43 - 2012;aprilo;256;78-81;István Nemere;Ŝipoj en la nokto;;;BELETRO;prozo;;prozo originala
43 - 2012;aprilo;256;82-83;Armando Zecchin;William Shakesperare: ĉu katolika?;;;KOMENTARIO;eseo;;eseo originala
43 - 2012;aprilo;256;84-85;Aleksandar Stojĉev,  Elena Popova;Kiel aromas nia terglobo;;;BELETRO;kanto;;poezio originala
43 - 2012;aprilo;256;86-87;Zlatoje Martinov;La pesimista poezio;;;EN VITRINO;recenzo;Lode Van de Velde (2011), Epizodoj;recenzo
43 - 2012;aprilo;256;87;La Redakcio;Forpasis la lasta Kvaropano;;;;;;eseo originala
43 - 2012;aprilo;256;88;Karenka Miluŝeva;Denove nin ĝojigas la voĉo de Jacques Yvart;;;MUZIKO;recenzo;"Jacques Yvart (2011), Brassens plu,
(KD)";recenzo
43 - 2012;aprilo;256;89-107;Jordan Slavejkov;Anĝelo;;;TEATRO;teatraĵo;;teatro originala
43 - 2012;aprilo;256;108-109;Carmel Mallia;Alias;;;ESEO;artikolo;;eseo originala
43 - 2012;aprilo;256;110;La Redakcio;Sub la signo de Edmond Privat;;;ESEO;historio;;eseo originala
43 - 2012;junio;257;115;Hermann Hesse;La florbranĉeto;Christian Declerck;germana;UVERTURO;poezio;;poezio tradukita
43 - 2012;junio;257;116-118;Perla Martinelli;Edmond Privat, kiel komreni lin?;;;HISTORIO;eseo;;eseo originala
43 - 2012;junio;257;119-121;Till Dahlenburg;"""Niĉeto nigra en la laŭbo…""";;;EN VITRINO;recenzo;"(2011), Beletra kolekto de
ĝenevaj aŭtoroj";recenzo
43 - 2012;junio;257;122-127;Federico Gobbo;Alan Turing filozofo de lingvaĵo;;;LINGVISTIKO;eseo;;eseo originala
43 - 2012;junio;257;128-134;Ismail Kadaré;La beletro de la malpermesata lingvo;Bardhyl Selimi;albana;HISTORIO;prelego;;eseo tradukita
43 - 2012;junio;257;135-138;Josip Pleadin;Eksterordinara kultura evento;;;TRADUKARTO;recenzo;Fatos Kongoli (2011), Hunda haŭto, tr. Tomasz Chmielik kaj Bardhyl Selimi;recenzo
43 - 2012;junio;257;139-144;Isabelle Huppert;Eĉ la plorado estas mia plezuro;rolfo;germana;INTERVJUO;prozo;;intervjuo
43 - 2012;junio;257;145;Giorgio Silfer;Mi estas via cigano;;;BELETRO;poemo;;poezio originala
43 - 2012;junio;257;146-147;HeKo;Virinoj akaparas la Verkon de la Jaro 2011;;;KONKURSFAKO;konkurso;;anonco
43 - 2012;junio;257;148-150;Leen Deij;Pri stratfudbalo kaj la daŭrigo;;;ESEO;eseo;;eseo originala
43 - 2012;junio;257;151;Carlo Minnaja;Mortis granda itala kanzonisto;;;MEMORE PRI;funebro;;nekrologo
43 - 2012;junio;257;152-155;Armando Zecchin;"Ŝippereo ""Titanic"" en tiuepoka ĵurnalo";;;KOMENTARIO;rakonto;;prozo originala
43 - 2012;junio;257;156-157;Carmel Mallia;Filozofio kaj filozofado;;;KOMENTARIO;artikolo;;eseo originala
43 - 2012;junio;257;158-166;Peter Bieri;Kiel difini klerecon;Horst Vogt;germana;ESEO;festparolo;;anonco
43 - 2012;aŭgusto;258;171;Lenke Szász;Hajkujo;;;UVERTURO;poezio;;poezio originala
43 - 2012;aŭgusto;258;172-174;Carlo Minnaja;Albert Goodheir eksterskola skotaskolano;;;ESEO;eseo;;eseo originala
43 - 2012;aŭgusto;258;175-177;Harona Jacob Gamal;La enmigra literaturo en Brazilo;;;ESEO;prelego;;eseo originala
43 - 2012;aŭgusto;258;178;Milena Makaveeva;Ĉu ami aŭ ne ami - jen la demando!;;;MUZIKO;recenzo;Manǔel (2012), Ĉu plu ekzistas amo, (KD);recenzo
43 - 2012;aŭgusto;258;179-180;HeKo, Perla Martinelli;Lingva Komitatano post Akademia maldecido;;;ESPERANTOLOGIO;gramatiko;;eseo originala
43 - 2012;aŭgusto;258;181-199;Manuel de Seabra;La fantomo de Milton Park;;;BELETRO;romano;;prozo originala
43 - 2012;aŭgusto;258;200;Anonima;Anonime por ŝia somerfino;;;BELETRO;poezio;;poezio originala
43 - 2012;aŭgusto;258;201-203;Mikaelo Bronŝtejn;Kaj prenu l’ guton da feliĉo en mian vivon;;;BELETRO;kantoj;;poezio originala
43 - 2012;aŭgusto;258;204-205;Giorgio Silfer;Jadwiga Gibczynska: masko kun virina rigardo;;;TEATRO;intervjuo;;intervjuo
43 - 2012;aŭgusto;258;206-207;Marco Cattaneo;Regeo, Afriko kaj Esperanto: harmonia kunigo;;;EN VITRINO;recenzo;Zhou-Mack Mafuila (2012), Originoj (KD);recenzo
43 - 2012;aŭgusto;258;208-209;Jordan Slavejkov;Akva plorado;;;ESEO;artikolo;;eseo originala
43 - 2012;aŭgusto;258;210-211;Armando Zecchin;Nova vorto = nova filozofio;;;KOMENTARIO;artikolo;;eseo originala
43 - 2012;aŭgusto;258;212-217;Vinko Ošlak;Mia transtempa letero al Hannah;;;KONKURSFAKO;romano;;prozo originala
43 - 2012;aŭgusto;258;218-221;Jean-Luc Tortel;"Per ""Homarano"" la tuta serio atingis la plej altan nivelon";;;ZAMENHOFOLOGIO;recenzo;Aleksander Korĵenkov (2009), Homarano. La vivo, verkoj kaj ideoj de d-ro L. L. Zamenhof;recenzo
43 - 2012;aŭgusto;258;222;Massimo Acciai;Dumilsesdekunu;;;BELETRO;prozo;;prozo originala
43 - 2012;oktobro;259;227;Dimitrije Jariĉiĉ;Tempo;;;UVERTURO;poemo;;poezio originala
43 - 2012;oktobro;259;228-243;George Orwell;Lear, Tolstojo kaj la Arlekeno;Donald Broadribb;angla;ESEO;prozo;;prozo tradukita
43 - 2012;oktobro;259;244-249;Krunoslav Puŝkar;Ekde la elfa ĝis la klingona;;;PLANLINGVISTIKO;recenzo;Michael Adams red. (2011), From Elvish to Klingon: Exploring Invented Languages;recenzo
43 - 2012;oktobro;259;250;PEN Internacia;Menifesto de Ĝirono pri la Lingvaj Rajtoj;Marie-France Conde Rey;franca;SPECIALE PEN;dokumento;;anonco
43 - 2012;oktobro;259;251-256;Giorgio Silfer;La njorin’ de l’ malaperinto;;;TEATRO;dramo;;teatro originala
43 - 2012;oktobro;259;257-258;Marco Picasso;Niaj muzikistoj postrestas niajn poetojn;;;MUZIKO;recenzo;Eterne Rima (2012), Taglibro de brutulo, (KD);recenzo
43 - 2012;oktobro;259;259-261;Julian Modest;La kulpo;;;BELETRO;novelo;;prozo originala
43 - 2012;oktobro;259;262-263;Lilia Nikolova;La poezio protekte trovas ŝin;;;EN VITRINO;recenzo;Senka Tomić (2011), Lampiro en mozaiko, dulingva poemaro (en la serba kaj Esperanto);recenzo
43 - 2012;oktobro;259;264-267;Lina Gabrielli;Hodiaŭ mi sola;;;KONKURSFAKO;poezio;;poezio originala
43 - 2012;oktobro;259;268-272;Bohumil Hrabal;Belnostalgio - Strata lumigado;Marie Břehová;ĉeĥa;ESEO;eseo;;eseo tradukita
43 - 2012;oktobro;259;273-274;Zlatoje Martinov;La poezio de subtila lirismo;;;EN VITRINO;recenzo;Zdravko Seleš (2012), Snovi i sjene/ Senje i tenje/ Sonĝoj kaj ombroj, trilingva (kroata, kajkava kaj Esperanto);recenzo
43 - 2012;oktobro;259;275;HeKo;La standardo blanke-verda…;;;ESEO;dokumento;;eseo originala
43 - 2012;oktobro;259;276-277;La Redakcio;Zofia Banet-Fornalowa kaj Literatura Foiro;;;MEMORE PRI;funebro;;nekrologo
43 - 2012;oktobro;259;278;Chiara Macconi;PEN duan fojon en Koreio;;;SPECIALE PEN;dokumento;;anonco
43 - 2012;decembro;260;283;Anonima;Viaj nudecoj min alestas;;;UVERTURO;poemo;;poezio originala
43 - 2012;decembro;260;284-295;Francisko Degoul;Krakovo 1912: ĉu li pardonis al Kabe?;;;ZAMENHOFOLOGIO;historio/eseo;;eseo originala
43 - 2012;decembro;260;296-299;Carlo Minnaja;Ne, ĉefberkisto, sed bonhumora rakontisto: jam atuto?;;;ESEO;eseo;;eseo originala
43 - 2012;decembro;260;300-303;Marco Cattaneo;Insuloj de la Rozoj: reva realaĵo por ni esperantistoj;;;HISTORIO;eseo;;eseo originala
43 - 2012;decembro;260;304;Samar Yazbek;Tucholsky-premio al Sirio;Bertil Nilsson;sveda;SPECIALE PEN;dankparolo;;anonco
43 - 2012;decembro;260;305-311;Ota Pavel;Longa Mejlo;Marie Břehová;ĉeĥa;BELETRO;novelo;;prozo tradukita
43 - 2012;decembro;260;312-315;Dorin Tudoran;Ĉu fakte ĉi tie ni estas?;Krunoslav Puškar;angla;ESEO;prelego/eseo;;eseo tradukita
43 - 2012;decembro;260;316;Elena Popova;Gaja rivereto;;;BELETRO;poemo;;poezio originala
43 - 2012;decembro;260;317-319;Josip Pleadin;Maksimumo rakontita per minimumo;;;EN VITRINO;recenzo;Liven Dek (2012), Ne ekzistas verdaj steloj;recenzo
43 - 2012;decembro;260;320-321;Giorgio Silfer;Gaste ludi en Bolzano, juvelo de Sándor Márai;;;TEATRO;teatraĵo;;teatro originala
43 - 2012;decembro;260;322;Milena Makaveeva;"""La Verko de la Jaro"" 2012, pluse Voĉdonilo";;;KONKURSFAKO;konkurso;;anonco
43 - 2012;decembro;260;323;Mariana Evlogieva;Aventuroj en mir-lando por legantoj en mir-aĝo;;;INFANLITERATURO;recenzo;L. Frank Baum (2012), La Mirinda Sorĉisto de Oz, tr. Donald Broadribb,;recenzo
43 - 2012;decembro;260;324-326;Nikola Uzunov;Ĉu maljusta estas la naturo?;;;TRADUKARTO;eseo;Zdenka Bergrova (2012), Mi renkontas vortojn, tr. Jaroslav Krolupper;eseo originala
43 - 2012;decembro;260;327-329;Armando Zecchin;1212: Infana krucmilito;;;ESEO;historio;;eseo originala
43 - 2012;decembro;260;330;Carmel Mallia;Ŝia Apopleksia Moŝto;;;BELETRO;poemo;;poezio originala
43 - 2012;decembro;260;331-333;Julian Modest;La viro kiu donacas revojn;;;BELETRO;novelo;;prozo originala
43 - 2012;decembro;260;334;Ljubomir Trifonĉovski;Letero al Venelin;;;HISTORIO;letero;;prozo originala
44 - 2013;februaro;261;3;Venelin Mitev;Vagantoj inter la steloj;;;UVERTURO;poemo;;poezio originala
44 - 2013;februaro;261;4;Perla Martinelli;Agrogrlifoj, ĉu nur ludo?;;;REDAKCIE;kovrilpaĝoj;;eseo originala
44 - 2013;februaro;261;5-16;Ljubomir Trifonĉovski;Proust estas grava por ĉiu;;;KOMENTARIO;eseo;;eseo originala
44 - 2013;februaro;261;17;Ljubomir Trifonĉovski;Evoluigi niajn bibliotekojn;;;KULTURPOLITIKO;artikolo;;eseo originala
44 - 2013;februaro;261;18-19;Giorgio Silfer;La donaldigita Orvelo;;;EN VITRINO;recenzo;George Orwell (2013), Mil naŭcent okdek kvar, tr. Donald Broadribb,;recenzo
44 - 2013;februaro;261;20;Armando Zecchin;Moralo laŭ Zamenhof;;;ESEO;artikolo;;eseo originala
44 - 2013;februaro;261;21-23;Walter Żelazny;Kiam oni scias pli multe ol ni;;;ZAMENHOFOLOGIO;eseo;;eseo originala
44 - 2013;februaro;261;24-25;Daniel Mrázek;Invito al Okcitanio;;;MUZIKO;recenzo;Patric (2012), Okcitanio, (KD);recenzo
44 - 2013;februaro;261;26;Ljubomir Trifonĉovski;Li ne reverkus ĝin en la rusa;;;;artikolo;;eseo originala
44 - 2013;februaro;261;27-31;Trevor Steele;Paradizo ŝtelita;;;BELETRO;romano;;poezio originala
44 - 2013;februaro;261;32-34;Till Dahlenburg;Tra nuboj lumas pasinteco dista;;;EN VITRINO;recenzo;Čestmír Vidman (2011-2012), Hra zvaná život / Ludo nomata vivo (dulingva: ĉeha kaj Esperanto), tr. Jaroslav Krolupper;recenzo
44 - 2013;februaro;261;35-36;Jordan Slavejkov;Fabelo pri la sentoj;;;BELETRO;fabelo;;prozo originala
44 - 2013;februaro;261;37-43;Giorgio Silfer;Varma lineo;;;TEATRO;teatraĵo;;teatro originala
44 - 2013;februaro;261;44-46;Jarlo Martelmonto;La modernisma arto kaj miaj poemoj;;;KULTURPOLITIKO;artikolo;;eseo originala
44 - 2013;februaro;261;47;Ivaniĉka Maĝarova;Pri la arto verki hajkojn;;;LINGVISTIKO;recenzo;Hirotaka Masaaki (2012), Kiel verki hajkon en Esperanto;recenzo
44 - 2013;februaro;261;48-49;Ljubomir Trifonĉovski;Belka: unua kaj dua renesanco por BET;;;BELETRO;teatro;;teatro originala
44 - 2013;februaro;261;50-51;Ginette Martin;Historia, filozofia: ne enuiga;;;EN VITRINO;recenzo;Trevor Steele (2010), Flugi kun kakatuoj;recenzo
44 - 2013;februaro;261;52-54;Andrea Castellano;Kiom sendependiĝi?;;;KOMENTARIO;novelo;;prozo originala
44 - 2013;aprilo;262;59;Lenke Szász;Nun mi atendas…;;;UVERTURO;poemo;;poezio originala
44 - 2013;aprilo;262;60-62;Dimo Kazasov;El la letero de Dimo Kazasov al prof. Bogdan Filov (1940);Ljubomir Trifonĉovski;;SPECIALE PEN;dokumento;;anonco
44 - 2013;aprilo;262;63-64;Perla Martinelli;Tero sanga, tero de poetoj;;;TRADUKARTO;recenzo;Giovanni Pascoli (2013), Myricae (Mirikoj), tr. Nicolino Rossi;recenzo
44 - 2013;aprilo;262;65-72;Vinko Ošlak;"""Motu proprio Latina Lingua""";;;KULTURPOLITIKO;eseo;;eseo originala
44 - 2013;aprilo;262;73-75;Till Dahlenburg;Eĉ kiam ĉio iras inverse…;;;EN VITRINO;recenzo;Dimitrije Janičić (2012), Maturaj meditadoj;recenzo
44 - 2013;aprilo;262;76-82;Krunoslav Puŝkar;Ne siufiĉas bomaj migroŝuoj enlande de inventitaj lingvoj;;;PLANLINGVISTIKO;recenzo;Arika Okrent (2010), In the Land of Invented Languages;recenzo
44 - 2013;aprilo;262;83-86;Carlo Minnaja;Masao Miyamoto: nia ĉefa ekstereŭropano;;;REDAKCIE;eseo;;anonco
44 - 2013;aprilo;262;87-94;John Bayley;La du Solĵenicin;;;ESEO;prozo;;prozo originala
44 - 2013;aprilo;262;95-98;Giorgio Silfer;Albaniva kaj ŝiaj sep nanoj;;;TEATRO;kamiŝibajo;;teatro originala
44 - 2013;aprilo;262;99;Rob Hunter;Najbaroj;Lászlo Radácsy;angla;BELETRO;novelo;;prozo tradukita
44 - 2013;aprilo;262;100-108;Marie-Dominique Moliné;Leteroj al Cioran;Marie-France Conde Rey;franca;ESEO;letero;;prozo tradukita
44 - 2013;aprilo;262;109-110;Julian Modest;Nevidebla knabo;;;BELETRO;novelo;;prozo originala
44 - 2013;junio;263;115;Samir Trabelsi;jasmen’parfumis reve;;;UVERTURO;poemo;;poezio originala
44 - 2013;junio;263;116-118;Johano Negrete;De la poezio al la scienca prozo;;;FILOZOFIO;eseo;;eseo originala
44 - 2013;junio;263;119-125;Josip Brockij;Nadeĵda Mandelŝtam;Ljubomir Trifonĉovski;rusa;KULTURPOLITIKO;eseo;;eseo tradukita
44 - 2013;junio;263;126-127;Margret Broken;Kanzonoj;Perla Martinelli;angla;DIDAKTIKO;artikolo;;eseo tradukita
44 - 2013;junio;263;127;La Redakcio;PEN preparas 20-jaran jubileon;;;SPECIALE PEN;datreveno;;anonco
44 - 2013;junio;263;128-134;Nikolao Gudskov;Moskvo kiel itala renesanca urbo;;;ARTO;eseo;;eseo originala
44 - 2013;junio;263;135;Valentin Melnikov;Liberikoj (liberaj limerikoj);;;BELETRO;poezio;;poezio originala
44 - 2013;junio;263;136-138;Till Dahlenburg;Mi kaŭras en vi kiel kaptita sovaĝbesto;;;EN VITRINO;recenzo;Filip David (2009), Sonĝo pri amo kaj morto. Mallonga romano pri amo. Mallonga romano pri mortado, tr. Agnesa Eremija;recenzo
44 - 2013;junio;263;139-143;Giorgio Silfer;Karmezina renkontis Lupon;;;TEATRO;kamiŝibaja fabelo;;teatro originala
44 - 2013;junio;263;144;Anna Bartek;La orienta legacio inaŭgurota fine de aŭgusto;;;REDAKCIE;dokumento;;anonco
44 - 2013;junio;263;145-149;Armando Zecchin;Sanktaj lingvoj, monopolaj kaj goliardaĵoj;;;KOMENTARIO;eseo;;eseo originala
44 - 2013;junio;263;150;Anna Bartek;OIK en la fokuso de nia biblioteka sistemo;;;ESEO;dokumento;;eseo originala
44 - 2013;junio;263;151-152;Lenke Szász;Resume;;;ESEO;artikolo;;eseo originala
44 - 2013;junio;263;153-159;Walter Żelazny;Kiam oni scias pli multe ol ni;;;ZAMENHOFOLOGIO;recenzo;"Ewa Geller kaj Agnieszka Jagodzinska (2012), Ludwik Zamenhof wobec ""kwestii zydowskiej"". Wybór
źródeł (Ludoviko Zamenhof rilate al la ""juda problemo"", Elektitaj fontoj)";recenzo
44 - 2013;junio;263;160-165;Julian Modest;La viro el la pasinteco;;;KULTURPOLITIKO;novelo;;prozo originala
44 - 2013;junio;263;166;Ljubomir Trifonĉovski;Niaj klubejoj kiel ora trezoro;;;;artikolo;;eseo originala
44 - 2013;aŭgusto;264;171;Lina Gabrielli;Ama kanto;;;UVERTURO;poemo;;poezio originala
44 - 2013;aŭgusto;264;172;HeKo;Fondumo Blas Infante, federisma referenco;;;KULTURPOLITIKO;dokumento;;eseo originala
44 - 2013;aŭgusto;264;173-180;Stefan Minkov;Pri mia esperantisteco;;;HISTORIO;dokumento;;eseo originala
44 - 2013;aŭgusto;264;181-182;John F. Kennedy;Ich bon Berliner;Lászlo Radácsy;angla;HISTORIO;dokumento;;eseo tradukita
44 - 2013;aŭgusto;264;183-184;György Nanovfszky;"Pri ""Ich bin ein Berliner""";;;KOMENTARIO;opinio;;eseo originala
44 - 2013;aŭgusto;264;185-187;Charles Flores;Forŝaltu la llumon, por ke mi dormu;Carmel Mallia;malta;HISTORIO;novelo;;prozo tradukita
44 - 2013;aŭgusto;264;188-189;Christian Declerck;Fajro de senta deziro;;;EN VITRINO;recenzo;Marie-France Conde Rey (2013), Chien de feu / Fajra hundo;recenzo
44 - 2013;aŭgusto;264;190-191;Mariana Evlogieva;Mirinda plu-amo plenvoĉa;;;MUZIKO;recenzo;Manǔel (2013), Mirindaĵo, (KD);recenzo
44 - 2013;aŭgusto;264;192-193;Carlo Minnaja;Ŝtefo Urban;;;HISTORIO;rememoro;;nekrologo
44 - 2013;aŭgusto;264;194-199;Daniel Barenboim;Wagner kaj judoj;Ljubomir Trifonĉovski;germana;ESEO;eseo;;eseo tradukita
44 - 2013;aŭgusto;264;200-201;Nikola Uzunov;Rekreski el ruinomonto;;;EN VITRINO;recenzo;Jürgen Helfricht (2013), La Dresdena Sinjorina Preĝejo,  tr. Benoît Philippe;recenzo
44 - 2013;aŭgusto;264;202-203;Ljubomir Trifonĉovski;Mi ne sekvis sklave la okazintaĵojn;;;KONKURSFAKO;intervjuo;;intervjuo
44 - 2013;aŭgusto;264;204-205;Joel Batila (laŭ inspiro de Giorgio Silfer);Unua fiota teksto en esperanta alfabeto;;;LINGVISTIKO;dokumento;;eseo originala
44 - 2013;aŭgusto;264;206-207;Lenke Szász;Paĉjo;;;BELETRO;novelo;;prozo originala
44 - 2013;aŭgusto;264;208;Armando Zecchin;Ĉu Darwin agnoskita?;;;FILOZOFIO;artikolo;;eseo originala
44 - 2013;aŭgusto;264;209;Miĉelo Eliard;Memore pri Gilbert Durand;;;FILOZOFIO;omaĝo;;nekrologo
44 - 2013;aŭgusto;264;210-211;Giorgio Silfer;Neĝulino ĉe Pablo Berger: mito kaj arketipo;;;LA SEPA ARTO;kino;;prozo originala
44 - 2013;aŭgusto;264;212-213;Jordan Slavejkov;Nekrologo por sonĝoj;;;ESEO;artikolo;;eseo originala
44 - 2013;aŭgusto;264;214;Massimo Acciai;La lingvovendejo;;;HUMURO;novelo;;prozo originala
44 - 2013;aŭgusto;264;215-216;Carlo Minnaja;Kantoj de Leopardi;;;TRADUKARTO;recenzo;Giacomo Leopardi (2012), Kantoj, tr. Nicolino Rossi;recenzo
44 - 2013;aŭgusto;264;217;La Redakcio;Ses gastoj en Budapeŝto;;;ESEO;dokumento;;eseo originala
44 - 2013;aŭgusto;264;218-219;Carel Ĉapek;Antoĉjo;Marie Břehová;ĉeĥa;BELETRO;novelo;;prozo tradukita
44 - 2013;aŭgusto;264;220-222;Till Dahlenburg;Niaj idoj memoros ĝin por ĉiam!;;;HISTORIO;recenzo;Ardachès Stakian (Ani Arax) (2013), De la Aflikto ĝis la Steloj. Memoraĵoj 1913-1986, tr. André Cherpillod;nekrologo
44 - 2013;oktobro;265;227;Carmel Mallia;Survoje al libereco;;;UVERTURO;poemo;;poezio originala
44 - 2013;oktobro;265;228-235;Walter Żelazny;Esotera konflikto inter Marko Zamenhof kaj lia filo Ludoviko;;;ZAMENHOFOLOGIO;eseo;;eseo originala
44 - 2013;oktobro;265;236-237;Perla Martinelli;1993-2013: la agnosko de PEN pri nia literatura lingvo;;;REDAKCIE;jubileo;;anonco
44 - 2013;oktobro;265;238-239;"La Packomitato de
PEN Internacia";Manifesto de la Komitato de Verkistoj por Paco;Marie-France Conde Rey;franca;SPECIALE PEN;dokumento;;anonco
44 - 2013;oktobro;265;240-243;Gaston Waringhien;Emile Grosjean-Maupin;;;ESPERANTOLOGIO;datreveno;;anonco
44 - 2013;oktobro;265;244-247;Martin Luther King (Juna);Mi havas revon;Lászlo Radácsy;angla;HISTORIO;artikolo;;eseo tradukita
44 - 2013;oktobro;265;248-249;Perla Martinelli;Fabelo pri tri fratinoj kaj unu princo;;;ESEO;artikolo;;eseo originala
44 - 2013;oktobro;265;250-262;Vinko Ošlak;Katekismo postulas intelektan honestecon;;;EN VITRINO;recenzo;Voltaire / Voltero (2012), Katekismo de la honesta homo, tr. André Cherpillod;recenzo
44 - 2013;oktobro;265;263-265;Daniel Mrázek;Regea idealisto;;;MUZIKO;recenzo;Jonny M (2013), Regestilo (KD);recenzo
44 - 2013;oktobro;265;266-267;Giorgio Silfer;La germana kuracisto;;;LA SEPA ARTO;kino;;prozo originala
44 - 2013;oktobro;265;268-273;Armando Zecchin;La tago de la profitemaj malpravigoj;;;BELETRO;romano;;poezio originala
44 - 2013;oktobro;265;273;Jordan Slavejkov;Dek unu (miaj) Diaj ordonoj;;;ESEO;ordono;;eseo originala
44 - 2013;oktobro;265;274;Nikola Uzunov;Medito;;;KONKURSFAKO;pezio;;eseo originala
44 - 2013;oktobro;265;275-276;Artur Azevedo;Plebiscito;Maria Eloa de S. Lima;portugala;HUMURO;novelo;;prozo tradukita
44 - 2013;oktobro;265;277-278;Giorgio Silfer;Jelpo kaj rigardo kaj La kvazaŭa liceano;;;BELETRO;du specimenoj;;prozo originala
44 - 2013;decembro;266;283;Rache Joseph Capet;Memoroj de alia mond’;;;UVERTURO;poemo;;poezio originala
44 - 2013;decembro;266;284-298;Francisko Degoul;Homaranismo: ĉu li misus tro mie?;;;ZAMENHOFOLOGIO;eseo;;eseo originala
44 - 2013;decembro;266;299;Giorgio Silfer;La aplikoj de homaranismo;;;KOMENTARIO;artikolo;;eseo originala
44 - 2013;decembro;266;300-301;"Alice Munro, Adam
Smith";"""Tio eble rekonsiderigas min…""";Lászlo Radácsy;angla;KONKURSFAKO;intervjuo;;intervjuo
44 - 2013;decembro;266;302-303;Ljubomir Trifonĉovski kaj Giorgio Silfer;Jerzy, kian mi lin konas;;;TEATRO;omaĝo;;nekrologo
44 - 2013;decembro;266;304-307;Nigel Warburton;Parolu kun mi;Krunoslay Puškar;angla;ESEO;libro;;eseo tradukita
44 - 2013;decembro;266;308-310;Daniel Mrázek;Kalma melodio, gravaj tekstoj;;;MUZIKO;recenzo;La Perdita Generacio (2013), Ĉiamen plu (KD);recenzo
44 - 2013;decembro;266;311;Milena Makaveeva;"""La Verko de la Jaro"" 2013";;;KONKURSFAKO;konkurso;;anonco
44 - 2013;decembro;266;312-318;Russel Bennets, Jonathan Sperbe;Marx estis malantaŭ sin mem judo;;;INTERVJUO;prozo;;intervjuo
44 - 2013;decembro;266;319-322;Jiří Patera;Informas Prago;;;HISTORIO;eseo;;eseo originala
44 - 2013;decembro;266;323-324;Jordan Slavejkov;Kurtaj;;;BELETRO;poezio;;poezio originala
44 - 2013;decembro;266;325-327;Armando Zecchin;La neatendita reviviĝo de apologetikisto;;;ESEO;omaĝa eseo;;eseo originala
44 - 2013;decembro;266;328-330;Julian Modest;Senpaga vojaĝbileto al Laponio;;;BELETRO;rakonto;;prozo originala
44 - 2013;decembro;266;331-334;Nikola Uzunov;Mia konatiĝo kun Andreo Ĉe;;;DIDAKTIKO;eseo;;eseo originala
45 - 2014;februaro;267;3;Nicolino Rossi;Soneto por Ljubomir;;;UVERTURO;poemo;;poezio originala
45 - 2014;februaro;267;4;Marc Hiltbrand;Bonvenon al Carlo Minnaja;;;REDAKCIE;dokumento;;anonco
45 - 2014;februaro;267;5-6;Giorgio Silfer;Honore al Ljubomir;;;HISTORIO;honoro;;eseo originala
45 - 2014;februaro;267;7-11;Géza Csáth;La trajno;Giorgio Silfer;hungara;BELETRO;novelo;;prozo tradukita
45 - 2014;februaro;267;12;Vinko Ošlak;Letero pri Ljubomir Trifonĉovski;;;;;;eseo originala
45 - 2014;februaro;267;13-17;Vinko Ošlak;Pseŭdsokrato kaj la liberala politikisto Danilo;;;HUMURO;novelo;;prozo originala
45 - 2014;februaro;267;18-20;Giovanni Boccaccio;Elizabeta de Mesino kvara Tago, kvina novelo;Perla Martinelli;itala;SCIENCO;novelaro;;prozo tradukita
45 - 2014;februaro;267;21-29;Vimala Devi;La gast-bofilo;Manuel de Seabra;portugala;TEATRO;teatraĵo;;teatro tradukita
45 - 2014;februaro;267;30-31;Cicerono;Amikeco;Carlo Minnaja;latino;FILOZOFIO;rememoro;;nekrologo
45 - 2014;februaro;267;32-35;Walter Żelazny;Lingva estonteco de Eŭropo kaj de la mondo;;;KULTURPOLITIKO;eseo;;eseo originala
45 - 2014;februaro;267;36-38;Zlatoje Martinov;Ĉu la (esperanta) tradukado estas arto?;;;TRADUKARTO;eseo;;eseo originala
45 - 2014;februaro;267;39-42;Ghassan Kanafani;Kardelo;Tomasz Chmielik;araba;BELETRO;rakonto;;prozo tradukita
45 - 2014;februaro;267;43-44;Leif Nordenstorm;Bagavadgito - ĉefa verko de hinduismo;;;ESEO;libro;;eseo originala
45 - 2014;februaro;267;45;Bertil Nilsson;Masha Gessen el Rusio ricevis la Tucholvs-premion;;;SPECIALE PEN;premio;;anonco
45 - 2014;februaro;267;46-48;Armando Zecchin;Etty, nederlanda judino pli forta ol la nazia malamo;;;FILOZOFIO;historio;;eseo originala
45 - 2014;februaro;267;49-52;Erzsébet Csicsey-Ronay;Roŭmaj verkistoj en Hungario;Giorgio Silfer;hungara;SPECIALE PEN;eseo;;anonco
45 - 2014;februaro;267;53-54;Julian Modest;Li vivis per esperanto kaj esperanto vivis per li.;;;HISTORIO;rememoro;;nekrologo
45 - 2014;aprilo;268;59;Carlo Minnaja;Kara leganto;;;REDAKCIE;saluto;;anonco
45 - 2014;aprilo;268;60;La Redakcio;Vi legos…;;;REDAKCIE;informo;;anonco
45 - 2014;aprilo;268;61;Nicola Ruggiero;Mateno neniam;;;UVERTURO;poemo;;poezio originala
45 - 2014;aprilo;268;62-67;Otto Prytz;Pri la romano Nebulo kaj ĝia aŭtoro - aŭ inverse;;;HISTORIO;eseo;;eseo originala
45 - 2014;aprilo;268;67-69;Miguel de Unamuno;Nebulo - el la VI ĉapitro;José Fernandez Arroyo;hispana;HISTORIO;teatraĵo;;teatro tradukita
45 - 2014;aprilo;268;70-72;Carlo Minnaja;La palaj montoj;;;BELETRO;antologio;;poezio originala
45 - 2014;aprilo;268;73-77;Farîd ad-Dîn Attâr;La rakonto de sultano Ĝomĝom;Fabrizio A. Pennachietti;antikva persa;BELETRO;rakonto;;prozo tradukita
45 - 2014;aprilo;268;78-82;Carlo Minnaja, Eugene de Zilah;Kolego de Zilah, filozofa verkisto;;;INTERVJUO;prozo;;intervjuo
45 - 2014;aprilo;268;83;Ĝiorĝ Pisani;Al Mikiel Anton Vassalli;Carmel Mallia;malta;BELETRO;poemo;;poezio tradukita
45 - 2014;aprilo;268;84-85;Giorgio Silfer;La vento soras en plej melankolia paŝtelo;;;LA SEPA ARTO;filmo;;prozo originala
45 - 2014;aprilo;268;86;Carlo Minnaja;Ne venas fino al lia latino…;;;REDAKCIE;bonvenigo;;anonco
45 - 2014;aprilo;268;87-91;Gerrit Berveling;Frua kristanismo kaj virinoj - la ekzemplo de la vualoj;;;HISTORIO;eseo;;eseo originala
45 - 2014;aprilo;268;92-94;Nicolino Rossi;Klasikaj reloj, aliperspektive;;;EN VITRINO;recenzo;Nicola Ruggiero (2008), Taglibro denenifaranto (poemaro);recenzo
45 - 2014;aprilo;268;95-101;Vinko Ošlak (resuma daŭrigo kaj fino);Pseŭdsokrato kaj la liberala politikisto Danilo (2);;;HUMURO;novelo;;prozo originala
45 - 2014;aprilo;268;102-103;Zlatoje Martinov;La pacama romano;;;EN VITRINO;recenzo;Julia Sigmond kaj Sen Rodin (2013), Libazar’ kaj Tero - kvarmana sonato dutonala;recenzo
45 - 2014;aprilo;268;104-105;Francisko Degoul;"Kion signias ""honesta""";;;ESPERANTOLOGIO;komentario;;eseo originala
45 - 2014;aprilo;268;105-106;Marie-France Conde Rey;La katekismo de Vinko;;;KOMENTARIO;komentario;;eseo originala
45 - 2014;aprilo;268;107-109;Júlia Sigmond;Morto kaj vivoĝuo;;;EN VITRINO;recenzo;Carlo Minnaja, komp. (2013), Gabriele D'Annunzio - Antologio, tr. diversaj;recenzo
45 - 2014;aprilo;268;110;Perla Martinelli;Dedukteblo en nia leksiko;;;ESPERANTOLOGIO;lingvistiko;;eseo originala
45 - 2014;junio;269;115;Carlo Minnaja;Vi legos…;;;REDAKCIE;enkonduko;;anonco
45 - 2014;junio;269;116;Gerrit Berveling;Anne;;;UVERTURO;poemo;;poezio originala
45 - 2014;junio;269;117-119;Martina Martinez Tuya;Domo sen indiĝenaj spiritoj sed kun ĉiliaj framasonoj;;;ESEO;libro;;eseo originala
45 - 2014;junio;269;120;Isabel Allende;La domo de la spiritoj el la ĉapitroj naŭa kaj deka;Giorgio Silfer;hispana;BELETRO;romano;;prozo tradukita
45 - 2014;junio;269;121-124;Carlo Minnaja;Al nia Geraldo;;;HISTORIO;eseo;;eseo originala
45 - 2014;junio;269;125-127;Lizet León;Gabo musokapo;Carlo Minnaja;itala;MEMORE PRI;artikolo;;nekrologo
45 - 2014;junio;269;127-132;Gabriel Garcia Márquez;La soleco de Latinameriko;Andrés Martin;hispana;KONKURSFAKO;eseo;;eseo tradukita
45 - 2014;junio;269;133-135;Carlo Minnaja;Intrigoj ĉiutemaj;;;ESEO;eseo;;eseo originala
45 - 2014;junio;269;136;Giogi Ciskalauri;La gruzo kun ruzo;;;BELETRO;poezio;;poezio originala
45 - 2014;junio;269;137-138;Davide Astori;Kontraŭtendence;;;PLANLINGVISTIKO;artikolo;;eseo originala
45 - 2014;junio;269;139-140;Perla Martinelli;Artkomedio en nia lingvo: ambicia projekto;;;TEATRO;kamiŝibajo;;teatro originala
45 - 2014;junio;269;141-142;Perla Martinelli;Teatro de Lazzi: ortografio ne gravas por atro universala;;;INTERVJUO;prozo;;intervjuo
45 - 2014;junio;269;143-149;Yianchao Yu;Rezonadoj pri neologismoj inter Tibor Sekelj kaj Laŭlum;;;ESPERANTOLOGIO;lingvistiko;;eseo originala
45 - 2014;junio;269;150-151;Carlo Minnaja;István Ertl, la alia redaktoro;;;INTERVJUO;prozo;;intervjuo
45 - 2014;junio;269;152-155;Leif Nordenstorm;Deguĉi Nao kaj ŝiaj Diaj Revelacioj;;;FILOZOFIO;religio;;eseo originala
45 - 2014;junio;269;156-157;Simone Zoppellaro;Nova Ĝulfo: vojaĝo inter la armenoj de Esfahano;;;ESEO;religio;;eseo originala
45 - 2014;junio;269;158-159;Ngugi wa’ Thiong’o;Malkonoliigi la menson;Carlo Minnaja;angla;ESPERANTOLOGIO;omaĝo;;nekrologo
45 - 2014;junio;269;160-161;Giorgio Silfer;"Post ""Oka kaj duono"" la dekunua kaj tri kvaronoj…";;;LA SEPA ARTO;artikolo;;prozo originala
45 - 2014;junio;269;162-165;Julian Modest;La ora medalo;;;BELETRO;novelo;;prozo originala
45 - 2014;junio;269;166;Carlo Minnaja;Bavara enklavo en Trentolando;;;KULTURPOLITIKO;eseeto;;eseo originala
45 - 2014;aŭgusto;270;171;Carlo Minnaja;Vi legos…;;;REDAKCIE;enkonduko;;anonco
45 - 2014;aŭgusto;270;172;Nicolino Rossi;Sonĝoj de oldulo;;;UVERTURO;poemo;;poezio originala
45 - 2014;aŭgusto;270;173-175;Carlos Valle;Paulo Coelho kaj la traduko de La Alkemiisto;;;REDAKCIE;eseo;;anonco
45 - 2014;aŭgusto;270;176;Paulo Coelho;La Alkemiisto: el la ĉapitro 17;Carlos Valle;portugala;BELETRO;artikolo;;prozo tradukita
45 - 2014;aŭgusto;270;177-179;Carlo Minnaja;Gratulojn, dojenino!;;;HISTORIO;rememoro;;nekrologo
45 - 2014;aŭgusto;270;180-182;László Radácsy, Giorgio Silfer;Giganto ĉe ni, neglekta ĉe si;;;ESEO;eseo;;eseo originala
45 - 2014;aŭgusto;270;183-185;Carlo Minnaja;Amble kun Juan Régulo Pérez;;;NOVJARA SALUTO;jubileo;;anonco
45 - 2014;aŭgusto;270;185;PEN-Komitato;Aembleo de Esperanta PEN-Centro en Budapeŝto;;;SPECIALE PEN;kunsido;;anonco
45 - 2014;aŭgusto;270;186-195;André Cherpillod;Charles Péguy kaj la Virina Trinitano;;;ESEO;poezio;;poezio originala
45 - 2014;aŭgusto;270;196-197;Giorgio Silfer;La pola sindikatisto de 1980;;;LA SEPA ARTO;historio;;prozo originala
45 - 2014;aŭgusto;270;198;Massimo Acciai;Rekviemo por sciencfikcia manuskripto bruligita;;;BELETRO;poemo;;poezio originala
45 - 2014;aŭgusto;270;199-201;Tomasz Chmielik;Belorusa literaturisto;;;BELETRO;literaturo;;poezio originala
45 - 2014;aŭgusto;270;202;Eŭgeno Leonidoviĉ, Radojica Petroviĉ;Al poeto, Hirundoj;;;KONKURSFAKO;poezio;;poezio originala
45 - 2014;aŭgusto;270;203-211;Vinko Ošlak;Kio estas Kristanismo?;;;KOMENTARIO;recenza eseo;Gerrit Berveling (2014),  Konciza historio de Kristanismo;recenzo
45 - 2014;aŭgusto;270;211-212;Gerrit Berveling;Respondo al la recenzo de Vinko Ošlak;;;KOMENTARIO;recenza eseo;Gerrit Berveling (2014),  Konciza historio de Kristanismo;recenzo
45 - 2014;aŭgusto;270;213-214;Till Dahlenburg;Retenas min viva nur poezi’ kaj prozo;;;EN VITRINO;recenzo;Josip Pleadin (2013), Cigna Kanto;recenzo
45 - 2014;aŭgusto;270;215-216;Humphrey Tonkin;On Kawara kaj Esperanto;;;ESEO;artikolo;;eseo originala
45 - 2014;aŭgusto;270;217-219;Ursula kaj Giuseppe Grattapaglia;Kuraĝa laboro: 40 jaroj en Bona Espero;;;KOMENTARIO;esea dokumento;;eseo originala
45 - 2014;aŭgusto;270;220-221;Armando Zecchin;Revenis la antikvaj dioj (promenante tra libro-ekspozicio);;;REDAKCIE;artikolo;;eseo originala
45 - 2014;aŭgusto;270;222;Carlo Minnaja;Modesta titolo, klera enhavo;;;PLANLINGVISTIKO;recenzo;Davide Astori (2014), Esperantaĵoj;recenzo
45 - 2014;oktobro;271;227;Carlo Minnaja;Vi legos…;;;REDAKCIE;enkonduko;;anonco
45 - 2014;oktobro;271;228;Massimo Acciai;Kanzono por Natalja;;;UVERTURO;muziko;;poezio originala
45 - 2014;oktobro;271;229-230;Giorgio Silfer;Multe pli ol Martín Fierro en la argentina literaturo;;;REDAKCIE;prezento;;anonco
45 - 2014;oktobro;271;231-234;Rodrigo Fresán;"el la romano ""Esperanto"": La marda tago";Giorgio Silfer;hispana;BELETRO;romano;;prozo tradukita
45 - 2014;oktobro;271;235-236;Carlo Minnaja;Stanislav Schulhof:  la sklavo de la kanto;;;ESEO;artikolo;;eseo originala
45 - 2014;oktobro;271;237;Mao Zifu;Serĉado de perdita tempo;;;BELETRO;poemo;;poezio originala
45 - 2014;oktobro;271;238-241;Clarence Bicknell;Parnassia palustris;;;KULTURPOLITIKO;novelo;;prozo originala
45 - 2014;oktobro;271;242-243;Carlo Minnaja;Kontakto kun junuloj;;;INTERVJUO;prozo;;intervjuo
45 - 2014;oktobro;271;243;Administra Komitato;Ĝenerala asembleo de LF-koop;;;REDAKCIE;kunvoko;;anonco
45 - 2014;oktobro;271;244-246;Carmel Mallia;Mikiel Anton Vassalli - Patro de la Malta lingvo;;;REDAKCIE;eseo;;anonco
45 - 2014;oktobro;271;247-249;Leif Nordenstorm;La Dharmo-pado: budhisma klasikaĵo;;;FILOZOFIO;eseo;;eseo originala
45 - 2014;oktobro;271;250-251;Galileo Galilei;El Dialogo pri la du ĉefaj sistemoj de la mondo;Carlo Minnaja;itala;SCIENCO;dialogo;;eseo tradukita
45 - 2014;oktobro;271;252-253;Gabry Zunino;Ŝute inter la fingroj;Carlo Minnaja;itala;BELETRO;poemo;;poezio tradukita
45 - 2014;oktobro;271;254-255;Giorgio Silfer;Se eŭropa vivmalsano turkon atingas tra rusaj klasikuloj…;;;LA SEPA ARTO;teatro;;teatro originala
45 - 2014;oktobro;271;256-261;Carlo Minnaja;Libroj por ĉiuj Sezonoj;;;ESEO;eseo;;eseo originala
45 - 2014;oktobro;271;262;Carlo Minnaja;Slovena rezisto al trudita sennaciigo;;;EN VITRINO;recenzo;Strečko Kosovel (2013), V zlatem čolnu - En la ora boato, tr. Vinko Oslak;recenzo
45 - 2014;oktobro;271;263-265;Till Dahlenburg;Et quod temptabam scribere versus erat;;;EN VITRINO;recenzo;"Eli Urbanová (2003), Rapide pasis la temp'; Eli Urbanová (2003), Prefere ne tro rigardi retro";recenzo
45 - 2014;oktobro;271;266-267;Rita Donatelli kaj Giuseppe Gradela;Dia digno de la vorto;;;EN VITRINO;recenzo;Athanase Vantchev de Thracy (2014), Dia digno de la vorto, tr. Amerigo Janakono;recenzo
45 - 2014;oktobro;271;268-269;Anna Bartek;La okcitanismo simile vojas;;;SPECIALE PEN;dokumento;;anonco
45 - 2014;oktobro;271;270-273;Gerrit Berveling;Laŭ spuro de sufioj…;;;BELETRO;poezio;;poezio originala
45 - 2014;oktobro;271;274-275;Michela Lipari;Nekredebla muzeo;;;ARTO;artikolo;;eseo originala
45 - 2014;oktobro;271;276-278;Armando Zecchin;La nekonato de Lirejo;;;BELETRO;eseo;;prozo originala
45 - 2014;decembro;272;283;Carlo Minnaja;Vi legos…;;;REDAKCIE;enkonduko;;anonco
45 - 2014;decembro;272;284;Marie-France Conde Rey;Frumatene;;;UVERTURO;poemo;;poezio originala
45 - 2014;decembro;272;285-286;Giorgio Silfer;Sorĉa monto svisa por desorĉi tutan Eŭropon?;;;REDAKCIE;libro;;anonco
45 - 2014;decembro;272;287;Thomas Mann;La magia monto: el ĉapitroj VI.8 kaj VII.6;Giorgio Silfer;germana;BELETRO;romano;;prozo tradukita
45 - 2014;decembro;272;288-293;Fabrizio A. Pennachietti kaj Carlo Minnaja;Littera scripta manet - Helmar Frank inter revo kaj realo;;;MEMORE PRI;eseo;;eseo originala
45 - 2014;decembro;272;294-297;Carlo Minnaja;Sesdek jarojn, Montevideo;;;NOVJARA SALUTO;dokumento;;eseo originala
45 - 2014;decembro;272;298-299;Marie-France Conde Rey;Ne tre certaj aferoj;;;KONKURSFAKO;;;eseo originala
45 - 2014;decembro;272;300-302;Fatos Kongoli;La perdinto;Tomasz Chmielik;albana;EN VITRINO;nova verko;;recenzo
45 - 2014;decembro;272;302-306;Vinko Ošlak;Ĉu ministro pri kulturo devas legi librojn?;;;KULTURPOLITIKO;eseo;;eseo originala
45 - 2014;decembro;272;307;Giorgio Silfer;Fora ŭesto en proksima oriento;;;LA SEPA ARTO;filmo;Huner Saleem (2013), My sweet pepper and / Mia dolĉa piprolando (filmo);prozo originala
45 - 2014;decembro;272;308-309;Baldur Ragnarsson;Momentoj;;;BELETRO;poezio;;poezio originala
45 - 2014;decembro;272;310-319;Francisko Degoul;Notinda esearo zamenhofologia;;;KULTURPOLITIKO;recenza eseo;"Walter Żelazny (2014), Ludoviko Lazaro Zamenhof - Lia pensaro, sekvoj kaj konsideroj, tr. Tomasz
Chmielik";recenzo
45 - 2014;decembro;272;320-323;Claudius Colas;Kristnaska epizodo de milito;;;BELETRO;epizodo;;prozo originala
45 - 2014;decembro;272;324-325;Perla Martinelli;Laŭte, sed inter la linioj;;;EN VITRINO;recenzo;Bernhard Schlink  (2013), La legisto, tr. Jean-Luc Tortel;recenzo
45 - 2014;decembro;272;326-327;Valentin Melnikov;Ne nur ŝercaj…;;;EN VITRINO;recenzo;Vladimír Váña (2002), Rakontoj ne nur ŝercaj;recenzo
45 - 2014;decembro;272;328-329;Sara Spano;Paralelaj padoj kaj perfektaj cirkloj;;;EN VITRINO;recenzo;Sten Johansson (2013), Marina;recenzo
45 - 2014;decembro;272;330-333;Anna Löwenstein;Traduka stil-libro;;;EN VITRINO;recenzo;"Arthur Conan Doyle (2013), 
La aventuroj de Ŝerloko Holmso, tr. diversaj tradukintoj";recenzo
45 - 2014;decembro;272;334;Carlo Minnaja;Rekorda partopreno;;;KONKURSFAKO;literaturo;;eseo originala
46 - 2015;februaro;273;3;Zlatoje Martinov;Ek al kuna aventuro!;;;REDAKCIE;novaĵo;;anonco
46 - 2015;februaro;273;4;Perla Martinelli;Bondeziron al Marc kaj ĉiuj;;;NOVJARA SALUTO;bondeziro;;anonco
46 - 2015;februaro;273;5;Nicolino Rossi;Februara dimanĉo;;;UVERTURO;poemo;;poezio originala
46 - 2015;februaro;273;6-8;Giorgio Silfer;La fekunda afrika utopio: de Jules Verne ĝis Kabino;;;REDAKCIE;eseo;;anonco
46 - 2015;februaro;273;9-11;Jules Verne;Spikume tra Voyage d’ études;Nikolas Vanof;franca;BELETRO;romano;;prozo tradukita
46 - 2015;februaro;273;12-13;Carlo Minnaja;La lastaj vortoj de Tristano al amiko;;;HISTORIO;teatro;;teatro originala
46 - 2015;februaro;273;14-16;Patrik Modiano;Strato de la Malhelaj Butikoj;Marie-France Conde Rey;franca;KONKURSFAKO;romano;;prozo tradukita
46 - 2015;februaro;273;17-19;Massimo Acciai;Kiu vere estas verkisto?;;;KULTURPOLITIKO;artikolo;;eseo originala
46 - 2015;februaro;273;20-21;Nicolino Rossi;Releginte la Proverbaron;;;HUMURO;poezio;;poezio originala
46 - 2015;februaro;273;22-23;Perla Martinelli;Spure pri la kolomana Danto;;;BELETRO;eseo;;prozo originala
46 - 2015;februaro;273;24;Giorgio Silfer;Spure pri la kolomana Danto (apendico);;;BELETRO;eseo;;prozo originala
46 - 2015;februaro;273;25-27;Alga Guernieri;Eŭgeno Lanti: skribanalizo;;;ESEO;eseo;;eseo originala
46 - 2015;februaro;273;28-29;Giorgio Silfer;Ŝa plej dorna rozo ruĝas antaŭ la vintro de nia vivo;;;LA SEPA ARTO;filmo;;prozo originala
46 - 2015;februaro;273;30-31;Armando Zecchin;Ne nur konsenti kun Degoul;;;KOMENTARIO;opinio;;eseo originala
46 - 2015;februaro;273;32-38;Vinko Ošlak;Kosmopolitoj kaj uranopolitoj;;;ZAMENHOFOLOGIO;eseo;;eseo originala
46 - 2015;februaro;273;39-41;Carlo Minnaja;Ho, karaj panjoj miaj…;;;HISTORIO;eseo;;eseo originala
46 - 2015;februaro;273;42-44;Julian Modest;Ani;;;BELETRO;novelo;;prozo originala
46 - 2015;februaro;273;45;La Redakcio;Mafalda, juna kvindekjarulino;;;BILDLITERATURO;premio;;anonco
46 - 2015;februaro;273;46-48;Sara Spano;Esploro pri nedifinebla estetika sento;;;EN VITRINO;recenzo;Darik Otira (2014), Vojago al kunigo (Konfesoj de seksobsedito);recenzo
46 - 2015;februaro;273;49-51;Siv Burell;Tre neordinara novelaro;;;EN VITRINO;recenzo;"L. Nordenstorm (2014), 
Söka bostad i storstaden (Serêi logejon en grandurbo), tr. Sten Johanson";recenzo
46 - 2015;februaro;273;52-53;Giuseppe Gradella kaj Rita Donatelli;Vojaĝo tra sentoj kaj emocioj;;;EN VITRINO;recenzo;Giuseppe Campolo red. (2014), Poezio el ciuj cieloj / Poesia da tutti i cieli;recenzo
46 - 2015;februaro;273;54;Goncalo Neves;"Pardonpeto pri ""La manto""";;;ESEO;dokumento;;eseo originala
46 - 2015;aprilo;274;59;Gerrit Berveling;En la grandurbo;;;UVERTURO;poemo;;poezio originala
46 - 2015;aprilo;274;60-62;Giorgio Silfer;Endre Andy kaj la aliaj: esperanto por hungara progreso;;;REDAKCIE;eseo;;anonco
46 - 2015;aprilo;274;63-64;Endre Ady;Hungara Problemo;Giorgio Silfer;hungara;ESEO;historio;;eseo tradukita
46 - 2015;aprilo;274;65-67;Ivo Andriĉ;La ponto super Drino;Antonije Sekelj;serba-kroata;ESEO;eseo;;eseo tradukita
46 - 2015;aprilo;274;68-70;Marie-France Conde Rey;Malgraŭ funebro kaj timo;;;BILDLITERATURO;bildstrio;;prozo originala
46 - 2015;aprilo;274;71;Zlatoje Martinov;Vivanta lingvo, vivanta popolo;;;INTERVJUO;prelego;;eseo originala
46 - 2015;aprilo;274;72-76;Sabine Fiedler;Frazeologio kiel pruvo de esprimriĉeco de lingvo;;;LINGVISTIKO;prelego;;eseo originala
46 - 2015;aprilo;274;77-81;Zdravko Seleŝ;Lumo sen ombro;;;ESEO;libro;;eseo originala
46 - 2015;aprilo;274;82-83;Carlo Minnaja;Granda, sed forges...ito;;;ZAMENHOFOLOGIO;rememoro;;nekrologo
46 - 2015;aprilo;274;84-85;Giorgio Silfer;Se Alois ne pardonas… du filmoj pri Alzheimer;;;LA SEPA ARTO;artikolo;;prozo originala
46 - 2015;aprilo;274;86-87;Leif Nordenstorm;La mormona kredo ke Jesuo estis en Ameriko;;;FILOZOFIO;artikolo;;eseo originala
46 - 2015;aprilo;274;88-95;Vinko Ošlak;Kosmopolitoj kaj uranopolitoj (fino);;;ZAMENHOFOLOGIO;eseo;;eseo originala
46 - 2015;aprilo;274;96-99;Fabrizio A. Pennachietti;Eventuala araba fonto de Dekameerona novelo;;;BELETRO;novelaro;;prozo originala
46 - 2015;aprilo;274;100-101;Carlo Minnaja;De nenifaro al troimpeto;;;EN VITRINO;recenzo;Nicola Ruggiero (2014), La kanto de l’ korvo;recenzo
46 - 2015;aprilo;274;102-104;Sara Spano;Magia sinmalkovro;;;EN VITRINO;recenzo;"Samideano (2014), Kiu konis
sinjoron Bosko Nedelkoviĉ?";recenzo
46 - 2015;aprilo;274;105;Carlo Minnaja;Nepre leginda manlibro;;;EN VITRINO;recenzo;"Sabine Fiedler, Pavel Rak (2009), Ilustrita frazeologio, 
2a eldono";recenzo
46 - 2015;aprilo;274;106-107;Esperanta PEN-Centro;Kreskantaj aktiveco… kaj aĝo;;;SPECIALE PEN;jubileo;;anonco
46 - 2015;aprilo;274;108-110;Julian Modest;La revo de Vaska;;;BELETRO;novelo;;prozo originala
46 - 2015;junio;275;115-117;Baldur Ragnarsson;Nova poemo;;;UVERTURO;poemo;;poezio originala
46 - 2015;junio;275;118-121;Giorgio Silfer;La facila planlingvo en la plej malfacila romano;;;REDAKCIE;eseo;;anonco
46 - 2015;junio;275;122-123;Giorgio Silfer;Du homoj kun ecoj… kaj homaj kunecoj?;;;KOMENTARIO;historio;;eseo originala
46 - 2015;junio;275;124;Massimo Acciai;Grimpoplantoj;;;BELETRO;noveleto;;prozo originala
46 - 2015;junio;275;125-127;Carlo Minnaja;Kiom Nobel proksimas?;;;ESEO;eseo;;eseo originala
46 - 2015;junio;275;128-131;Armando Zecchin;Biblio laŭ Jorge Luis Borges;;;BELETRO;religio;;prozo originala
46 - 2015;junio;275;132-135;Vinko Ošlak;La absoluto kaj relativo de sukceso;;;ZAMENHOFOLOGIO;eseo;;eseo originala
46 - 2015;junio;275;136-138;Leif Nordenstorm;Otto Zeidlitz: forgesita pioniro;;;HISTORIO;eseo;;eseo originala
46 - 2015;junio;275;139;Carlo Minnaja;Amo savos la mondon;;;EN VITRINO;recenzo;Karel Kraft (2005), Heroo de amo;recenzo
46 - 2015;junio;275;140-141;Nicolino Rossi;"El ""Oldula notlibro""";;;BELETRO;poemo;;poezio originala
46 - 2015;junio;275;142-146;Giorgio Silfer;Frinemorfozo;;;BELETRO;kino;;prozo originala
46 - 2015;junio;275;147;Andreas Sciberras;La Cirko;Carmel Mallia;malta;BELETRO;poemo;;poezio tradukita
46 - 2015;junio;275;148-149;Giorgio Silfer;Italio malkovris sian Inárritu;;;LA SEPA ARTO;romano;;prozo originala
46 - 2015;junio;275;150-155;Salvatore di Benedetto;Sicilio: lando en kiu kunestis same sufero kaj amo;Nicolino Rossi;itala;BELETRO;taglibro;;prozo tradukita
46 - 2015;junio;275;156-157;Zlatoje Martinov;Kaja Farszky, artistino kaj esperantistino;;;MUZIKO;artikolo;;eseo originala
46 - 2015;junio;275;158-161;Julian Modest;La miraklo de la parolo;;;BELETRO;prozo;;prozo originala
46 - 2015;junio;275;162-164;Zlatoje Martinov;Esperanto: reala lingvo en reala kaj virtuala komunumoj;;;PLANLINGVISTIKO;eseo;;eseo originala
46 - 2015;junio;275;165-166;Marie-France Conde Rey;Manko de polit...esse;;;KOMENTARIO;reago;;eseo originala
46 - 2015;aŭgusto;276;171;Goncalo Neves;Nun mi volus;;;UVERTURO;poemo;;poezio originala
46 - 2015;aŭgusto;276;172-173;Giorgio Silfer;John R. R. Tolkien, la kabeinta esperantano;;;REDAKCIE;prezento;;anonco
46 - 2015;aŭgusto;276;174-175;John Ronald Reuel Tolkien;Filologo pri esperanto;Giorgio Silfer;angla;PLANLINGVISTIKO;artikolo;;eseo tradukita
46 - 2015;aŭgusto;276;176-181;Zlatoje Martinov;La monumenta historio de la esperanta literaturo;;;INTERVJUO;prozo;;intervjuo
46 - 2015;aŭgusto;276;182-184;Craig Brown;Kiel James Joyce kontiĝis kun Marcel Proust;Perla Martinelli;angla;ESEO;eseo;;eseo tradukita
46 - 2015;aŭgusto;276;185-187;Nicolino Rossi;Ĉiam aktuala ĉefverko;;;TRADUKARTO;eseo;;eseo originala
46 - 2015;aŭgusto;276;188-189;La Redakcio;La turka PEN-Centro gastigis prelegon pri nia literaturo;;;SPECIALE PEN;dokumento;;anonco
46 - 2015;aŭgusto;276;190-192;Francisko Degoul;Pri Zamenhof, ĝis kie konsenti kun Zecchin;;;ZAMENHOFOLOGIO;eseo;;eseo originala
46 - 2015;aŭgusto;276;193-195;Leif Nordenstorm;Legi la Biblion dum unu jaro;;;FILOZOFIO;artikolo;;eseo originala
46 - 2015;aŭgusto;276;196-197;Giorgio Silfer;La humiligo kiu ne plaĉas en Usono;;;LA SEPA ARTO;teatro;;teatro originala
46 - 2015;aŭgusto;276;198-200;Armando Zecchin;La atlaso de la genocidoj, nigra libro de la homaro;;;BELETRO;eseo;;prozo originala
46 - 2015;aŭgusto;276;201-202;Maurice Druon;Tiĉjo kun verdaj poleksoj;Marie-France Conde Rey;franca;BELETRO;fragmento;;prozo tradukita
46 - 2015;aŭgusto;276;203-208;Christer Kiselman k.a.;Ne nur prelegoj;;;PLANLINGVISTIKO;eseo;;eseo originala
46 - 2015;aŭgusto;276;209;Dimitrinka Kateva / Valentin Melnikov;EKRA jubilea kaj ĉiam aktuala;;;KONKURSFAKO;literaturo;;eseo originala
46 - 2015;aŭgusto;276;210-213;Julian Modest;Magdaleno;;;BELETRO;prozo;;prozo originala
46 - 2015;aŭgusto;276;214-216;Sara Spano;Aventurplena verko: ĉefrolulo de pasiiga historio de la teksto;;;EN VITRINO;recenzo;Louis Fréchette (2013), Kristnaskaj rakontoj el franca Kanado, tr. Vincent Beaupré, dua eldono reviziita de François Lorrain;recenzo
46 - 2015;aŭgusto;276;217;Perla Martinelli;Aromo de norda simpleco;;;EN VITRINO;recenzo;Leif Nordenstorm (2012),  Arne, la ĉefido, dua eldono;recenzo
46 - 2015;aŭgusto;276;218-220;Zlatoje Martinov;Sicilio, samtempe amara kaj kara;;;EN VITRINO;recenzo;"Salvatore Di Benedetto (2015),
Dalla Sicilia alla Sicilia/De Sicilio al Sicilio, tr. Nicolino Rossi";recenzo
46 - 2015;aŭgusto;276;221-222;Julian Modest;Kio fakte faras homon?;;;EN VITRINO;recenzo;Kristian Lundberg (2015), La korto, tr. Gunnar Gällmo,;recenzo
46 - 2015;oktobro;277;227;Mao Zifu;Mateno;;;UVERTURO;poemo;;poezio originala
46 - 2015;oktobro;277;228-229;Giorgio Silfer;Esperantisto kiel ero de la kibuca otupio;;;REDAKCIE;novelaro;;anonco
46 - 2015;oktobro;277;230-236;Amos Oz;Esperanto;Amri Wandel, Gian Piero Savio;hebrea;BELETRO;fragmento;;prozo tradukita
46 - 2015;oktobro;277;237-238;Zlatoje Martinov;Historio de nia literaturo prezentita en Kroatio;;;ESEO;prezento;;eseo originala
46 - 2015;oktobro;277;239;Zlatoje Martinov;Omaĝe al Tibor Sekelj;;;MEMORE PRI;omaĝo;;nekrologo
46 - 2015;oktobro;277;240-242;Zlatoje Martinov;Universalismoj en la poemo de Sekelj Mi vizitas mian farmon;;;HISTORIO;eseo;;eseo originala
46 - 2015;oktobro;277;243-245;Tibor Sekelj;Esperanto - lingvo por ĉiuj;;;ESEO;parolado;;anonco
46 - 2015;oktobro;277;246-248;Elizabeto Sekelj;La lastaj aktivadoj de Tibor;;;MEMORE PRI;omaĝo;;nekrologo
46 - 2015;oktobro;277;249-250;István Nemere;Krimo sen puno;;;BELETRO;prozo;;prozo originala
46 - 2015;oktobro;277;251-254;Giuseppe Ungaretti;"Elektitaj poemoj el ""Sento de l’ tempo""";Nicolino Rossi;itala;BELETRO;poezio;;poezio tradukita
46 - 2015;oktobro;277;255-258;Carmel Mallia;Transflugo;;;ESEO;prozo;;prozo originala
46 - 2015;oktobro;277;259;Giorgio Silfer;Ŝanco por patr(in)eco;;;LA SEPA ARTO;kino;;prozo originala
46 - 2015;oktobro;277;260-265;Christer Kiselman;La lingvoj de Zamenhof (1878, 1881, 1887, 1905);;;PLANLINGVISTIKO;eseo;;eseo originala
46 - 2015;oktobro;277;266-267;Frédéric Beigbeder;Kiel eskapi la malfeliĉojn?;Marie-France Conde Rey;franca;BELETRO;romano;;prozo tradukita
46 - 2015;oktobro;277;268-269;Venelin Mitev;Sonoroj el suna tero;;;BELETRO;poezio;;poezio originala
46 - 2015;oktobro;277;270-271;Armando Zecchin;Noktotempa radio;;;FILOZOFIO;artikolo;;eseo originala
46 - 2015;oktobro;277;272-274;Sara Spano;Kompreni estintecon por konstrui estontecon;;;EN VITRINO;recenzo;Julian Modest (2015), La viro el la pasinteco;recenzo
46 - 2015;oktobro;277;275-277;Carlo Minnaja;Kiel moviĝi en Esperantio?;;;EN VITRINO;recenzo;Aleksandro Melnikov (2015), Gvidlibro tra Esperantio;recenzo
46 - 2015;oktobro;277;278;Armando Zecchin;Estu savaj amikeco kaj estimo!;;;ZAMENHOFOLOGIO;respondo;;eseo originala
46 - 2015;decembro;278;283;Carmel Mallia;Uragano;;;UVERTURO;poemo;;poezio originala
46 - 2015;decembro;278;284-285;Giorgio Silfer;Strasser certe ne estas strato;;;REDAKCIE;artikolo;;anonco
46 - 2015;decembro;278;286-288;Johano Strasser;"Spikume el ""La sono de l’ fanfaro""";Vinko Ošlak;germana;ESEO;eseo;;eseo tradukita
46 - 2015;decembro;278;289-291;Giorgio Silfer;La popolo de la formikoj;;;ESEO;artikolo;;eseo originala
46 - 2015;decembro;278;292-294;Svetlana Aleksijeviĉ;Pri la silento de polvo…;Zlatoje Martinov;rusa;KONKURSFAKO;historio;;eseo tradukita
46 - 2015;decembro;278;295-299;Davor Klobuĉar;La plej defia: Smail-agao Ĉengiĉ;;;TRADUKARTO;libro;;eseo originala
46 - 2015;decembro;278;300-305;Trevor Steele;Ek al Marina!;;;BELETRO;romano;;poezio originala
46 - 2015;decembro;278;306-307;Francisko Degoul;Biblio kaj Korano;;;KOMENTARIO;opinio;;eseo originala
46 - 2015;decembro;278;307;La Redakcio;Represo kaj persona jubileo;;;REDAKCIE;jubileo;;anonco
46 - 2015;decembro;278;308-309;Renée Triolle;La estona holokaŭsto;;;LA SEPA ARTO;historio;;prozo originala
46 - 2015;decembro;278;310-313;Armando Zecchin;Laudato si’ - la poemo kosma;;;FILOZOFIO;eseo;;eseo originala
46 - 2015;decembro;278;314-317;Zahari Karabaŝliev;Historio pri kuko;Venelin Mitev;bulgara;BELETRO;prozo;;prozo tradukita
46 - 2015;decembro;278;318-321;Nicolino Rossi;Mitoj kaj legendoj pri la vulkano;;;BELETRO;eseo;;prozo originala
46 - 2015;decembro;278;322-325;Carmel Mallia;Transflugo (dua raporto);;;MEMORE PRI;historia eseo;;eseo originala
46 - 2015;decembro;278;326-327;Carlo Minnaja;Spirito kristana, sed ne bigota;;;EN VITRINO;recenzo;Clelia Conterno Guglielminetti (2015), Ho, tomboj de l’ prapatroj;recenzo
46 - 2015;decembro;278;328-329;Zlatoje Martinov;Konvinka kaj harmonia liriko;;;EN VITRINO;recenzo;Dimitrije Janiĉiĉ (2012), Maturaj Meditadoj;recenzo
46 - 2015;decembro;278;330-331;Julian Modest;Kiu strebas al vero, trafas suferon;;;EN VITRINO;recenzo;István Sigmond (2015), Konsilo de ateisto: kredu je Dio;recenzo
46 - 2015;decembro;278;332-334;Massimo Acciai;Ĉu artefarita lingvo estas paradokso?;;;PLANLINGVISTIKO;eseo;;eseo originala
47 - 2016;februaro;279;3;Dimitrije Jariĉiĉ;Montenegro;;;UVERTURO;poemo;;poezio originala
47 - 2016;februaro;279;4;Zlatoje Martinov;La nekompatema Eŭropo;;;REDAKCIE;deklaro;;anonco
47 - 2016;februaro;279;5;La Komitato de FEM;Pri la novjarnokta perforto;;;NOVJARA SALUTO;dokumento;;eseo originala
47 - 2016;februaro;279;6-7;Giorgio Silfer;Holokaŭstopli hororas en distopia komikso;;;REDAKCIE;artikolo;;anonco
47 - 2016;februaro;279;8-9;Otto Gabos;"Du paĝoj el ""Esperanto""";;;BILDLITERATURO;bildliteraturo;;prozo originala
47 - 2016;februaro;279;10-15;Fabrizio Pennachietti;Pensvagado pri profetoj kaj profetaĵoj;;;LINGVISTIKO;eseo;;eseo originala
47 - 2016;februaro;279;16-18;Armando Zecchin;Pri homaj rajtoj kaj ties fontoj;;;KOMENTARIO;eseo;;eseo originala
47 - 2016;februaro;279;19-20;Leif Nordenstorm;Adoru - bunta Diserva libro;;;FILOZOFIO;prezento;;eseo originala
47 - 2016;februaro;279;21-27;Carlo Minnaja;La Lingva Komitato inter 1914 kaj 1920;;;HISTORIO;elĉerpaĵo;;prozo originala
47 - 2016;februaro;279;28-29;Giorgio Silfer;Itala nutre, brazila sekse;;;LA SEPA ARTO;kino;;prozo originala
47 - 2016;februaro;279;30-32;Zlatoje Martinov;Poeto Dimitrije Janiĉiĉ iĝis 80-jara: esperanto en la koro;;;INTERVJUO;prozo;;intervjuo
47 - 2016;februaro;279;33-35;Dimitrije Jariĉiĉ;La malpermesata amo;;;BELETRO;eseo;;prozo originala
47 - 2016;februaro;279;36-40;Italo Calvino;La fajfo de la merlo;Nicolino Rossi;itala;BELETRO;rakonto;;prozo tradukita
47 - 2016;februaro;279;41-43;Carmel Mallia;Transflugo (tria parto);;;MEMORE PRI;historia eseo;;nekrologo
47 - 2016;februaro;279;44-47;Danilo Kiŝ;Glore estas por la patrujo morti;Agnesa Eremija;serba;BELETRO;novelo;;prozo tradukita
47 - 2016;februaro;279;48-50;Sara Spano;Poezio: ĉefa ingredienco de mistera kaj resaniga eliksiro;;;EN VITRINO;recenzo;Giuseppe Campolo red. (2015), Poesia da tutti i cieli / Poezio el ciuj cieloj (antologio de la premio 2015);recenzo
47 - 2016;februaro;279;51-53;Julian Modest;Vivo dediĉita al la homa interkompreniĝo;;;EN VITRINO;recenzo;"György Nanovfszky (2015), NANO - Aventuroj de
poliglota diplomato en kvin kontinentoj kun intervjuo de István Nemere";recenzo
47 - 2016;februaro;279;54;Sen Rodin;Ĉu perspektivo aŭ kiel eviti la katastrofon?;;;HUMURO;artikolo;;prozo originala
47 - 2016;aprilo;280;59;Giorgio Silfer;Pastiĉa prtreto pri William kaj Miguel;;;UVERTURO;poemo;;poezio originala
47 - 2016;aprilo;280;60-62;Marie-France Conde Rey;Bildstria Festivalo 2016;;;BILDLITERATURO;aranĝo;;anonco
47 - 2016;aprilo;280;63;Giorgio Silfer;Per Asterks la Gaŭlo ekis nia komiksa epoko;;;REDAKCIE;artikolo;;anonco
47 - 2016;aprilo;280;64-66;Carlo Minnaja;Omaĝe al Umberto Eco;;;MEMORE PRI;omaĝo;;nekrologo
47 - 2016;aprilo;280;67-69;Nicolino Rossi;Poeziaj sonoroj ĉe la Herkulanaj ruinoj;;;HUMURO;eseo;;eseo originala
47 - 2016;aprilo;280;70-79;Spomenka Ŝtimec;Kroataj fruktoj de la ĉina restado de Vasilij Eroŝenko;;;HISTORIO;prelego;;eseo originala
47 - 2016;aprilo;280;80-81;Giorgio Silfer;Clara Sancricca kaj ŝiaj esperantlingvaj elmigrantoj;;;TEATRO;intervjuo;;intervjuo
47 - 2016;aprilo;280;82-83;Michel Onfray;Ateisma rekviemo;Zlatoje Martinov;franca;FILOZOFIO;poemo;;poezio tradukita
47 - 2016;aprilo;280;84-85;Giorgio Silfer;Se iam danci kun lupoj, neniam danci kun ursoj…;;;LA SEPA ARTO;filmo;;prozo originala
47 - 2016;aprilo;280;86-90;Massimo Acciai;Rigardo al la avangardo de Virgilio Martini;;;BELETRO;eseo;;prozo originala
47 - 2016;aprilo;280;91-93;Carmel Mallia;Transflugo (kvara parto);;;MEMORE PRI;historia eseo;;nekrologo
47 - 2016;aprilo;280;94-96;Andrej Kurkov;Kamarado de l’ mortonto;Renée Triolle;rusa;BELETRO;novelo;;prozo tradukita
47 - 2016;aprilo;280;97;Nicolino Rossi;Kial nun miri pro l’ angor’?;;;BELETRO;poemo;;poezio originala
47 - 2016;aprilo;280;98-104;Luan Arif Starova;La tempo de la kaprinoj;B.Selimi / T. Chmielik;albana;BELETRO;fragmento;;prozo tradukita
47 - 2016;aprilo;280;105;Marie-France Conde Rey;Kameŭaŭa en nova vesto;;;EN VITRINO;recenzo;Tibor Sekelj (2015), Kumeǔaǔa, filo de ĝangalo,  tr. Anna Jausions;recenzo
47 - 2016;aprilo;280;106-107;Zlatoje Martinov;Profundpensa legaĵo;;;EN VITRINO;recenzo;Julia Sigmond, Sen Rodin (2015), Kvodlibeto;recenzo
47 - 2016;aprilo;280;108-109;Carlo Minnaja;Kiel bela la dialekto…;;;EN VITRINO;recenzo;(2016), Quando fiorissi el mandorlo/ Kiam ekfloras la migdalarbo, poemkolekto dulingva itala/ Esperanto;recenzo
47 - 2016;aprilo;280;110;Perla Martinelli;La perdita amiko;;;BELETRO;novelo;;prozo originala
47 - 2016;junio;281;115;Mao Zifu;Arboj falintaj;;;UVERTURO;prozpoemo;;poezio originala
47 - 2016;junio;281;116-118;Giorgio Silfer;Pacifisma klasikaĵo nia unua bildromano;;;REDAKCIE;bildromano;;anonco
47 - 2016;junio;281;119-124;Carlo Minnaja;La interesiĝo pri Ŝekspiro daŭras seninterrompe…;;;NOVJARA SALUTO;datreveno;;anonco
47 - 2016;junio;281;125;Terĉisju Zarb;Pravigaj en sia neŭrozo;Carmen Mallia;malta;BELETRO;poemo;;poezio tradukita
47 - 2016;junio;281;126-131;Vinko Ošlak;Avo Franjo kaj lis nepino Hannah;;;BELETRO;religio;;prozo originala
47 - 2016;junio;281;132-133;Liven Dek;Lulkantoj de Liven Dek;;;MUZIKO;kantoj;;poezio originala
47 - 2016;junio;281;134-138;Zlatoje Martinov;Kiel arkaikigi la esperantajn tradukojn el la naaciaj lingvoj?;;;ZAMENHOFOLOGIO;lingvo;;eseo originala
47 - 2016;junio;281;139;Carlo Minnaja;Forpasis amiko;;;MEMORE PRI;omaĝo;;nekrologo
47 - 2016;junio;281;140-141;Marie-France Conde Rey;Femina - vera sumo de kuniĝintaj virinaj talentoj;;;FEMINISMO;retrorigardo;;recenzo
47 - 2016;junio;281;142-143;Leif Nordenstorm;Kvindek ok jarojn poste…;;;LINGVISTIKO;prezento;;eseo originala
47 - 2016;junio;281;144-146;Carmel Mallia;Transflugo, kvina parto;;;MEMORE PRI;historia eseo;;nekrologo
47 - 2016;junio;281;147-151;Ignacio Gómez;Faŭsto;Perla Martinelli;hispana;BELETRO;rakonto;;prozo tradukita
47 - 2016;junio;281;152-153;Umberto Eco;Kial oni ne uzu la poŝtelefonon;Carlo Minnaja;itala;HUMURO;elzeviro;;prozo tradukita
47 - 2016;junio;281;154-157;Miro Gavran;Malĝusta loĝejo;Zdravko Seleŝ;kroata;BELETRO;novelo;;prozo tradukita
47 - 2016;junio;281;159-161;Julian Modest;La elokventa monumento;;;EN VITRINO;recenzo;Carlo Minnaja, Giorgio Silfer (2015), Historio de la Esperanta Literaturo;recenzo
47 - 2016;junio;281;162-164;Dimitrije Jariĉiĉ;Ne nur porinfana legaĵo;;;EN VITRINO;recenzo;Mato Lovrak (2015), La trajno en la neĝo, tr. Josip Pleadin;recenzo
47 - 2016;junio;281;165-166;Zlatoje Martinov;Kontribuo al nia historio;;;EN VITRINO;recenzo;Ivo Lapenna (2014), Esploro kaj Dokumentado;recenzo
47 - 2016;aŭgusto;282;171;Milan Orliĉ;Letero al eterna Ovidio;Zlatoje Martinov;serba;UVERTURO;letero;;poezio tradukita
47 - 2016;aŭgusto;282;172-175;Giorgio Silfer;La sola internacia rivalo de generalo De Gaulle;;;REDAKCIE;prezento;;anonco
47 - 2016;aŭgusto;282;176-183;Matthijs van Boxsel, enkondukas Perla Martinelli;Stultodromo aŭ loksodromio de stulteco;Bertil Nilsson;angla;SPECIALE PEN;dokumento;;anonco
47 - 2016;aŭgusto;282;184-188;Luis Fernando Dias Pita;La centjariĝo de la fama Kurso pri ĝenerala lingvistiko;;;LINGVISTIKO;eseo;;eseo originala
47 - 2016;aŭgusto;282;189-193;Tomo Maretiĉ, Zlatoje Martinov;Favore al planlingvo…;Josip Pleadin;kroata;PLANLINGVISTIKO;eseo;;eseo tradukita
47 - 2016;aŭgusto;282;194-201;Vinko Ošlak;Ĉu tro peza kultúra ŝarĝo super Hannah?;;;KULTURPOLITIKO;eseo;;eseo originala
47 - 2016;aŭgusto;282;202-206;Julian Modest;Mallonga skizo pri la bulgara prozo;;;EN VITRINO;kritiko;;recenzo
47 - 2016;aŭgusto;282;207;Giorgio Silfer;Junkro, kavaliro, hidalgo…;;;KOMENTARIO;artikolo;;eseo originala
47 - 2016;aŭgusto;282;208-211;Branislav Mikuliĉ;La genia blago de Mikelanĝelo;Zlatoje Martinov;bosnia;BELETRO;rakonto;;prozo tradukita
47 - 2016;aŭgusto;282;212-214;Carmel Mallia;Transflugo, sesa parto;;;MEMORE PRI;historia eseo;;nekrologo
47 - 2016;aŭgusto;282;215;Jovica Ivanovski;Inverse ol kutime;Judita Rey Hudeĉek;makedona;BELETRO;poemo;;poezio tradukita
47 - 2016;aŭgusto;282;216-217;Julian Modest;Solecaj animoj;;;BELETRO;novelo;;prozo originala
47 - 2016;aŭgusto;282;218-220;Carlo Minnaja;Kiam oni maljuniĝas…;;;EN VITRINO;recenzo;"Julia Sigmond (2016), Kvin
geamikoj";recenzo
47 - 2016;aŭgusto;282;220;Bertil Nilsson;Selekto de kandidatoj;;;KONKURSFAKO;premio;;anonco
47 - 2016;aŭgusto;282;221-222;Julian Modest;Poezia kaj humura antologio;;;BELETRO;abritus;"(2016), ABRITUS, premiitaj verkoj de la internacia
literatura konkurso EKRA 1991-2015";prozo originala
47 - 2016;aŭgusto;282;222;V. Mitev, G. Mihalkov, I. Maĝarova;Ĵuria protokolo pri la internacia literatura konkurso EKRA;;;KONKURSFAKO;ekra;;prozo originala
47 - 2016;oktobro;283;227;Venelin Mitev;Jam lernas mi forgesi;;;UVERTURO;poemo;;poezio originala
47 - 2016;oktobro;283;228-229;Perla Martinelli;La sukceso de la nigraj figuroj;;;BILDLITERATURO;artikolo;;prozo originala
47 - 2016;oktobro;283;229-232;Daniele Binaghi;De Balzac al Diabolik;;;REDAKCIE;teatro;;anonco
47 - 2016;oktobro;283;233-236;Zlatoje Martinov;William Auld mankas al ni;;;KONKURSFAKO;konkurso;;anonco
47 - 2016;oktobro;283;237-239;Giorgio Silfer;Profunde dormi kaj travivi morgaŭon;;;HISTORIO;artikolo;;eseo originala
47 - 2016;oktobro;283;240-241;Julian Modest;Emocia literatura promenado en njugateska Budapeŝto;;;TEATRO;monologo;;teatro originala
47 - 2016;oktobro;283;242;Mikaelo Bronŝtejn;Viv-teatro;;;BELETRO;poemo;;poezio originala
47 - 2016;oktobro;283;243-248;Renée Triolle;Etna diverseco en Siberio;;;ESEO;historio;;eseo originala
47 - 2016;oktobro;283;249-251;Giorgio Silfer;La eterna beleco de Anirau;;;ESEO;eseo;;eseo originala
47 - 2016;oktobro;283;252-253;Marie-France Conde Rey;Ne nur kompreni, sed ankaŭ kompati;;;LA SEPA ARTO;kino;;prozo originala
47 - 2016;oktobro;283;254-260;Vinko Ošlak;Licenco por stiri skutilon;;;KULTURPOLITIKO;eseo;;eseo originala
47 - 2016;oktobro;283;261-263;Ferid Muhiĉ;Vetkuro kun la diablo;Senad Ĉoliĉ;makedona;BELETRO;prozo;;prozo tradukita
47 - 2016;oktobro;283;264-267;Davide Astori;De Saussure kaj lia intereso por la internaciaj helplingvoj;;;LINGVISTIKO;eseo;;eseo originala
47 - 2016;oktobro;283;268-271;Massimo Acciai;La stranga tapeto;;;BELETRO;novelo;;prozo originala
47 - 2016;oktobro;283;272-273;Carmel Mallia;Transflugo, sepa parto;;;MEMORE PRI;historia eseo;;nekrologo
47 - 2016;oktobro;283;274-275;Carlo Minnaja;Promesplena poeto;;;EN VITRINO;recenzo;Suso Moinhos (2016), Laminarioj;recenzo
47 - 2016;oktobro;283;276, 278;Marie-France Conde Rey;Praemocioj en la menso de la naturamika leganto;;;EN VITRINO;recenzo;Henri Bosco (2016), La knabo kaj la rivero, tr. Luc Gouverneur;recenzo
47 - 2016;oktobro;283;277-278;Leif Nordenstorm;Unuafoje en esperanto konfesia verko vere bezonata;;;EN VITRINO;recenzo;A.C. Bhaktivedanta Swami Prabhupada (2015), La Perfektiĝo de Jogo, tr. ISKKON;recenzo
47 - 2016;decembro;284;283;Mao Zifu;Skizofrenio;;;UVERTURO;poemo;;poezio originala
47 - 2016;decembro;284;284-287;Perla Martinelli;Kiu pli misŝanca ol Alberto en la tuta bildstria universo?;;;REDAKCIE;bildstrio;;anonco
47 - 2016;decembro;284;288-290;Daniele Binaghi, Perla Martinelli;De Ret-Man ĝis Gotingeno kun elstaraj italaj komiksistoj;;;BILDLITERATURO;intervjuo;;intervjuo
47 - 2016;decembro;284;291-293;Carlo Minnaja;Dario Fo, la burleskulo, nin adiaŭas per grimaco;;;TEATRO;rememoro;;nekrologo
47 - 2016;decembro;284;294-295;Marie-France Conde Rey;Mi, Ken Loach, neniam rezignos pri justa lukto;;;LA SEPA ARTO;kino;;prozo originala
47 - 2016;decembro;284;296-301;Luis Fernando Dias Pita;Esperanto kaj Latino sine flexione - sukcesaj ekzemploj;;;PLANLINGVISTIKO;eseo;;eseo originala
47 - 2016;decembro;284;302-306;Milha Mazzini;La forviŝitoj;Zlatoje Martinov;slovena;BELETRO;novelo;;prozo tradukita
47 - 2016;decembro;284;307-309;Mikaelo Bronŝtejn;Vino kaj amo;;;BELETRO;poezio;;poezio originala
47 - 2016;decembro;284;310-320;Georgi Mihalkov;La bulgara esperanta poezio;;;ESEO;prezento;;eseo originala
47 - 2016;decembro;284;321-327;Carlo Minnaja;"De ""Afero"" ĝis ""ĉaŭ!""";;;ZAMENHOFOLOGIO;eseo;;eseo originala
47 - 2016;decembro;284;328-331;Zlatoje Martinov;La poezia kreado de Tibor Sekelj - skiza analizo;;;ESEO;teksto;;eseo originala
47 - 2016;decembro;284;332, 334;Carlo Minnaja;Pensiga ironio;;;EN VITRINO;recenzo;Victor Sadler (2015), Perversaj rilatoj;recenzo
47 - 2016;decembro;284;333;Perla Martinelli;Ĉu io nova sub la suno?;;;KONKURSFAKO;artikolo;;eseo originala
47 - 2016;decembro;284;334;La Redakcio;Bondezirojn!;;;;;;eseo originala
48 - 2017;febraro;285;3-4;Nicolino Rossi;Via klepsidro;;;UVERTURO;poemo;;poezio originala
48 - 2017;febraro;285;5;Perla Martinelli;Serenan kaj fruktodonan 2017!;;;NOVJARA SALUTO;bondeziro;;anonco
48 - 2017;febraro;285;6-8;Mikaelo Bronŝtejn;Bulgakov, eksterleĝa fenomeno;;;REDAKCIE;eseo;;anonco
48 - 2017;febraro;285;9-13;Miĥail Bulgakov;Samogona lago;Mikaelo Bronŝtejn;rusa;BELETRO;satiro;;prozo tradukita
48 - 2017;febraro;285;14-21;Carlo Minnaja;"De ""Afero"" ĝis ""ĉaŭ!"" -- 2";;;ZAMENHOFOLOGIO;eseo;;eseo originala
48 - 2017;febraro;285;22-23;Antonio Della Rocca;Historio rompita;Perla Martinelli;itala;SPECIALE PEN;specimeno;;anonco
48 - 2017;febraro;285;24-27;Fernando Pita;Jakobson kaj Chomsky antaŭ surdomutulaj lingvoj;;;LINGVISTIKO;eseo;;eseo originala
48 - 2017;febraro;285;28-29;Giorgio Silfer;Ekzilo kaj azilo trans dudek mil leŭgoj ne submare;;;LA SEPA ARTO;historio;;prozo originala
48 - 2017;febraro;285;30-32;Julian Modest;La bebo;;;BELETRO;prozo;;prozo originala
48 - 2017;febraro;285;33-36;Adin Ljuca;La gepatra(j) lingvo(j) de mia patrujo;Zlatoje Martinov;bosnia;BELETRO;novelo;;prozo tradukita
48 - 2017;febraro;285;37;Renato Corsetti;Mortis Tullio De Mauro, granda itala lingvisto;;;BELETRO;artikolo;;prozo originala
48 - 2017;febraro;285;38-44;Vinko Ošlak;Diino de ĉasado;;;FILOZOFIO;eseo;;eseo originala
48 - 2017;febraro;285;45-46;Carmel Mallia;Transflugo, oka parto;;;MEMORE PRI;historia eseo;;nekrologo
48 - 2017;febraro;285;47;Esperanta PEN-Centro;Marjorie Boulton konfirmita;;;KONKURSFAKO;premio;;anonco
48 - 2017;febraro;285;48;Mihail Lermontov;Demono mia;Espopore;rusa;BELETRO;poemo;;poezio tradukita
48 - 2017;febraro;285;49-56;Francisko Degoul;Kun la aromo de la estiĝa tempo;;;FILOZOFIO;recenzo;John Bunyan (2015), La progresado de l'pilgrimanto, tr. Vinko Oŝlak;recenzo
48 - 2017;febraro;285;57-59;Carlo Minnaja;Steloj kaj revoj;;;EN VITRINO;recenzo;Mikaelo Bronŝtejn (2016), Mi stelojn jungis al revado;recenzo
48 - 2017;febraro;285;60-62;Anne Jausions;Hipokriteco fariĝas ĉefverko, per la subtila ironio de Molière;;;EN VITRINO;recenzo;Molière (2012), Tartufo, tr. André Cherpillod,;recenzo
48 - 2017;aprilo;286;67;Dimitrije Jariĉiĉ;La arbo de amo;;;UVERTURO;poemo;;poezio originala
48 - 2017;aprilo;286;68-70;Giorgio Silfer;La inspirito de Szathmári;;;REDAKCIE;eseo;;anonco
48 - 2017;aprilo;286;71-75;Frigyes Karinthy;Marĝenaj notoj pri la Kongreso de Esperanto;Perla Martinelli, Giorgio Silfer;hungara;ESEO;artikolo;;eseo tradukita
48 - 2017;aprilo;286;76-77;Tihomir Lovriĉ;Festivalo de la komiksa arto;;;BILDLITERATURO;aranĝo;;anonco
48 - 2017;aprilo;286;78-79;István Nemere;Sufiĉas nur unu…;;;BELETRO;novelo;;prozo originala
48 - 2017;aprilo;286;80-85;Tibor Sekelj, Zlatoje Martinov;Ĉe la Papua golfo;;;BELETRO;vizito;;poezio originala
48 - 2017;aprilo;286;86-91;Boĵidar Bezinŝĉak Bagola;La beograda amo kun la ŝatata asistantino;Zlatoje Martinov;kroata;BELETRO;fragmento;;prozo tradukita
48 - 2017;aprilo;286;92-93;Giorgio Silfer;Du Usonoj en SF-komparado;;;LA SEPA ARTO;kino;;prozo originala
48 - 2017;aprilo;286;94-99;Vinko Ošlak;Nova emisia banko;;;FILOZOFIO;novelo;;prozo originala
48 - 2017;aprilo;286;100-101;Daniil Ĥarmas, V. Majakovskij;Du tragikaj rusaj poetoj;Espopore;rusa;BELETRO;poezio;;poezio tradukita
48 - 2017;aprilo;286;102-108;Ida Stria;"""Porplezuraj"" lingvoj: artaj lingvoj kaj moderna glossopeia";;;PLANLINGVISTIKO;eseo;;eseo originala
48 - 2017;aprilo;286;109;Adrian Grima;La tombejo de Arlington, Virginio;Carmel Mallia;malta;BELETRO;poemo;;poezio tradukita
48 - 2017;aprilo;286;110-111;Carmel Mallia;Transflugo, naŭa parto;;;MEMORE PRI;historia eseo;;nekrologo
48 - 2017;aprilo;286;112-114;Reinhard Fössmeier;Poezio el ĉiuj ĉieloj: vojaĝo tra sentoj kaj emocioj;;;EN VITRINO;recenzo;Giuseppe Campolo, red. (2016), Poezio el ĉiuj ĉieloj - Poesia da tutti i cieli;recenzo
48 - 2017;aprilo;286;115;Zlatoje Martinov;La adrenalino admirinda…;;;EN VITRINO;recenzo;Tibor Sekelj (2016), La papua taglibro, tr. Josip Pleadin;recenzo
48 - 2017;aprilo;286;116-117;Perla Martinelli;La subtila tendo de rafiniteco;;;EN VITRINO;recenzo;Francoise Blanchard, Jeremy Leven (2007), A Short Guide to Foodie French (Mallonga gvidilo al la primanĝa franca[lingvo]);recenzo
48 - 2017;aprilo;286;118;Giorgio Silfer;Raŭmo: Ĉaŭo ne estas adiaŭo…;;;KOMENTARIO;opinio;;eseo originala
48 - 2017;junio;287;123;Venelin Mitev;Destino;;;UVERTURO;poemo;;poezio originala
48 - 2017;junio;287;124-126;Giorgio Silfer;Diego Marani, majstro de literaturcela planlingvo;;;REDAKCIE;eseo;;anonco
48 - 2017;junio;287;127-129;Diego Marini;La Interpretisto - ĉapitro tria;Giorgio Silfer;itala;BELETRO;teatro;;teatro tradukita
48 - 2017;junio;287;130-134;Alga Guernieri;La maloptimismo de la Majstro;;;ESEO;eseo;;eseo originala
48 - 2017;junio;287;135-141;Francisko Degoul;Kia anaro por la Zamenhofa projekto?;;;ZAMENHOFOLOGIO;eseo;;eseo originala
48 - 2017;junio;287;142-143;Julian Modest;Peĉjo, Manjo kaj Hektor;;;BELETRO;novelo;;prozo originala
48 - 2017;junio;287;144-146;Mao Zifu;El taglibro de vildeska aziano;;;BELETRO;taglibro;;prozo originala
48 - 2017;junio;287;147-149;Perla Martinelli;Pli ol ĉion, oni serĉas identecon;;;LA SEPA ARTO;kino;;prozo originala
48 - 2017;junio;287;150-154;Fatos Kongoli;La Perdinto - dua ĉapitro;Chmielik, Selimi;albana;BELETRO;romano;;poezio tradukita
48 - 2017;junio;287;155-157;"Zlatoje Martinov; Aleksandr Blok, Konstantin Balmont, Dmitrij Mereĵkovskij";Arĝenta epoko - simboŝismo;Espopore;rusa;ESEO;prezento;;eseo tradukita
48 - 2017;junio;287;158-164;Vinko Ošlak;Hannah fondas urbon;;;FILOZOFIO;novelo;;prozo originala
48 - 2017;junio;287;165-167;Carmel Mallia;Transflugo - epilogo;;;MEMORE PRI;historia eseo;;nekrologo
48 - 2017;junio;287;168-171;Eŭgeno de Zilah;Ĉu Voltero ankoraŭ gravas?;;;EN VITRINO;recenzo;Voltaire / Voltero (2012), Katekismo de la honesta homo, tr. André Cherpillod;recenzo
48 - 2017;junio;287;172-174;Zlatoje Martinov;"""Lingvo de komunistoj, judoj, etburgoj kaj kosmopolitoj..""";;;EN VITRINO;recenzo;Ulrich Lins (2016), La danĝera lingvo, (tria eldono);recenzo
48 - 2017;aŭgusto;288;179;Júlia Sigmond;Doloro;;;UVERTURO;poemo;;poezio originala
48 - 2017;aŭgusto;288;180-182;Giorgio Silfer;La esperantlkingva popolo de Clara Sancricca & K-io;;;REDAKCIE;dramo;;anonco
48 - 2017;aŭgusto;288;183-184;Giorgio Silfer;La kurioza verda triangulo de Paco Zarzoso;;;TEATRO;prezento;;teatro originala
48 - 2017;aŭgusto;288;185-195;Francisko Degoul;Kia anaro por la Zamenhofa projekto? (2);;;ZAMENHOFOLOGIO;eseo;;eseo originala
48 - 2017;aŭgusto;288;196-199;Giorgio Silfer;Manuel de Seabra, spirite libera kaj skole ne ibera;;;SPECIALE PEN;dokumento;;anonco
48 - 2017;aŭgusto;288;200-202;Carlo Minnaja;Orienteŭropaj virinaj rakontoj;;;ESEO;prozo;;prozo originala
48 - 2017;aŭgusto;288;202;Ivaniĉka Maĝarova;Kulturprogramo;;;KONKURSFAKO;bonvenigo;;anonco
48 - 2017;aŭgusto;288;203-206;Perla Martinelli;La futuro jam nin atingis… kine;;;LA SEPA ARTO;kino;;prozo originala
48 - 2017;aŭgusto;288;207-211;Nicolino Rossi;Felicita el Rimino;;;BELETRO;fikcia rakonto;;prozo originala
48 - 2017;aŭgusto;288;212;Aleksandar Novakoviĉ;Tremo;Zlatoje Martinov;serba;BELETRO;dramo;;teatro tradukita
48 - 2017;aŭgusto;288;213-217;Vinko Ošlak;Hannah aranĝas infanĝardenon;;;FILOZOFIO;novelo;;prozo originala
48 - 2017;aŭgusto;288;218-221;Fernando Pita;"""Praonklo"" de esperanto (1)";;;PLANLINGVISTIKO;eseo;;eseo originala
48 - 2017;aŭgusto;288;222-223;Espopore;Arĝenta epoko - akmeismo;;;ESEO;eseo;;eseo originala
48 - 2017;aŭgusto;288;224-226;Carlo Minnaja;Ne pornografio, sed poezio;;;EN VITRINO;recenzo;Mao Zifu (2017), Amoro sen oro;recenzo
48 - 2017;aŭgusto;288;227-228;Dimitrije Jariĉiĉ;Riĉa diverseco;;;EN VITRINO;recenzo;Júlia Sigmond (2017), Fronto aŭ dorso;recenzo
48 - 2017;aŭgusto;288;229;Paola Tosato;Introspekta romano;;;EN VITRINO;recenzo;Andrej Capuder (2016), La vipo kaj la turbo, tr. Vinko Oŝlak;recenzo
48 - 2017;aŭgusto;288;230;Carmel Mallia;Aventuro;;;KONKURSFAKO;poezio;;poezio originala
48 - 2017;oktobro;289;235;Mikaelo Bronŝtejn;Angoro kaj amo;;;UVERTURO;poemo;;poezio originala
48 - 2017;oktobro;289;236-238;Giorgio Silfer;Harry Harryson, usonano plej ŝatata en Rusio;;;REDAKCIE;eseo;;anonco
48 - 2017;oktobro;289;239;Zlatko Tiŝljar;Matena bildeto;;;BELETRO;poemo;;poezio originala
48 - 2017;oktobro;289;240-246;Carlo Minnaja;Poemo nefinita… aŭ senfina;;;ESEO;prozo;;prozo originala
48 - 2017;oktobro;289;247-250;Vinko Ošlak;Hannah kaj Franjo konstruas strangan maŝinon;;;FILOZOFIO;novelo;;prozo originala
48 - 2017;oktobro;289;251-254;Mikaelo Bronŝtejn;Kant’, bezonata kiel spiro;;;MUZIKO;eseo;;eseo originala
48 - 2017;oktobro;289;255-259;Prezihov Voranc;La nigra armeo;Vinko Ošlak;slovena;BELETRO;rakonto;;prozo tradukita
48 - 2017;oktobro;289;260-262;Carlo Minnaja;Marjorie: omaĝo, ne nekrologo;;;SPECIALE PEN;omaĝo;;nekrologo
48 - 2017;oktobro;289;263-264;Giorgio Silfer;Marjorie Boulton tra la okuloj de la posteuloj;;;SPECIALE PEN;eseo;;anonco
48 - 2017;oktobro;289;264;La Redakcio;Balotilo por Literatura Nobel-Premio;;;KONKURSFAKO;balotilo;;anonco
48 - 2017;oktobro;289;265;Marie-France Conde Rey;Mirinda virino;;;LA SEPA ARTO;artikolo;;prozo originala
48 - 2017;oktobro;289;266-270;Fernando Pita;"""Praonklo"" de esperanto (2)";;;PLANLINGVISTIKO;eseo;;eseo originala
48 - 2017;oktobro;289;271-274;Nicolino Rossi;Faktoj kaj legendoj pri Respubliko San-Marino;;;HISTORIO;eseo;;eseo originala
48 - 2017;oktobro;289;275-277;Espopore;Arĝenta epoko - futurismo;;;ESEO;eseo;;eseo originala
48 - 2017;oktobro;289;278-283;Walter Żelazny;La plej bela pola romano;;;EN VITRINO;recenzo;Boleslaw Prus (2016), La pupo, tr. Tomasz Chmielik;recenzo
48 - 2017;oktobro;289;284-285;Carlota Pavese;Analizo de neebla projekto;;;EN VITRINO;recenzo;Giuseppe Ungaretti (2017), Vivo de homo, tr. Nicolino Rossi;recenzo
48 - 2017;oktobro;289;286;Carlo Minnaja;Rakontis gajon, kantis solecon;;;MEMORE PRI;omaĝo;;nekrologo
48 - 2017;decembro;290;291;Mao Zifu;Vojeraro;;;UVERTURO;prozpoemo;;poezio originala
48 - 2017;decembro;290;292;Giorgio Silfer;Mikael Niemi libre kaj filme;;;REDAKCIE;artikolo;;anonco
48 - 2017;decembro;290;293-298;Mikael Niemi;Pentekosta mirakleto en Pajala;Bertil Nilsson;sveda;ESEO;eseo;;eseo tradukita
48 - 2017;decembro;290;299-301;Zeki Ergas;Kazuo Ishiguro: spirite mestiza, lingve transira;;;KONKURSFAKO;premio;;anonco
48 - 2017;decembro;290;301-303;Kazuo Ishiguro;La enterigita giganto;Zlatoje Martinov;angla;BELETRO;fragmento;;prozo tradukita
48 - 2017;decembro;290;304;Frank Zammit;Ne revenu;Carmel Mallia;malta;BELETRO;poemo;;poezio tradukita
48 - 2017;decembro;290;305-310;Julian Modest;La senĉesa veturado de Veronika;;;BELETRO;novelo;;prozo originala
48 - 2017;decembro;290;311-315;Vinko Ošlak;Hannah kaj Franjo konstruas strangan maŝinon (2);;;FILOZOFIO;novelo;;prozo originala
48 - 2017;decembro;290;316-321;Fernando Pita;Esperantisto remalkovris la tupian lingvaon (1);;;PLANLINGVISTIKO;eseo;;eseo originala
48 - 2017;decembro;290;322-324;Branislav Mikuliĉ;Sinjoro Desai;Zlatoje Martinov;bosnia;BELETRO;rakonto;;prozo tradukita
48 - 2017;decembro;290;325-328;Vadim Ŝerŝeneviĉ;Arĝenta epoko - imagismo;;;ESEO;eseo;;eseo originala
48 - 2017;decembro;290;329;Mikaelo Bronŝtejn;Tritaga tango;;;BELETRO;poemo;;poezio originala
48 - 2017;decembro;290;330-332;Georgi Mihalkov;Mia patro - la esperantisto;;;MEMORE PRI;omaĝo;;nekrologo
48 - 2017;decembro;290;333-334;Carlo Minnaja;Instrua, edifa, aktuala;;;EN VITRINO;recenzo;Ivo Lapenna (2017), Elektitaj tekstoj pri Internacia Juro;recenzo
48 - 2017;decembro;290;335;Zlatoje Martinov;Esenco de libero kaj demokratio;;;EN VITRINO;recenzo;Fundamento de la homaj rajtoj, eld. UEA (2016);recenzo
48 - 2017;decembro;290;336-339;Zdravko Seleŝ;Provoka, plurtavola romano;;;EN VITRINO;recenzo;Kristian Novak (2017), La nigra patrino tero, tr. Josip Pleadin.;recenzo
48 - 2017;decembro;290;342;Carlo Minnaja;Nicola Minnaja deiras, Diego Marani aliras;;;KOMENTARIO;eseo;;eseo originala
49 - 2018;februaro;291;3;La Redakcio;Serenan daŭrigon, kara leganto!;;;NOVJARA SALUTO;bondeziro;;anonco
49 - 2018;februaro;291;4-14;Tomasz Chmielik;Modelo por proza stilo traduka;;;REDAKCIE;eseo;;anonco
49 - 2018;februaro;291;15;Giorgio Silfer;La stilisto neniom kabeis;;;HISTORIO;artikolo;;eseo originala
49 - 2018;februaro;291;16;Elena Popova;Arbare, kun Henri Rousseau;;;BELETRO;poezio;;poezio originala
49 - 2018;februaro;291;17-19;La Redakcio;Silfer kaj Ŝtimec la plej popularaj;;;KONKURSFAKO;dokumento;;eseo originala
49 - 2018;februaro;291;18-20;Zlatoje Martinov;Kion signifas kandidati al Nobelo;;;INTERVJUO;interparolo;;intervjuo
49 - 2018;februaro;291;21-27;Mirela Ivanova;Tiom da vintro en ni kaj ĉirkaŭe;Venelin Mitev;bulgara;BELETRO;novelo;;prozo tradukita
49 - 2018;februaro;291;28-31;Zlatoje Martinov;Traduko de traduko? Kial ne?;;;TRADUKARTO;eseo;;eseo originala
49 - 2018;februaro;291;32-33;Marie-France Conde Rey;Ne, mia filino, vi ne iros danci...feminaj rigardoj Tinizien;;;LA SEPA ARTO;kino;;prozo originala
49 - 2018;februaro;291;34-35;Verkistina Komitato de PEN Internacia;La Femina Manifesto de PEN Internacia;;;SPECIALE PEN;dokumento;;anonco
49 - 2018;februaro;291;36-37;Helmi Martikainen;Pli ol dek kvin mil...;;;FEMINISMO;artikolo;;eseo originala
49 - 2018;februaro;291;38-45;Vinko Ošlak;Hannah inventis nekutiman lupeon;;;FILOZOFIO;novelo;;prozo originala
49 - 2018;februaro;291;46-49;Fernando Pita;Analizo de tupia lingvo (2);;;PLANLINGVISTIKO;eseo;;eseo originala
49 - 2018;februaro;291;50-52;Zlatoje Martinov;Kineje;;;HUMURO;filmo;;prozo originala
49 - 2018;februaro;291;53-54;Valentin Melnikov;Fontoj plej diversaj;;;EN VITRINO;recenzo;Baldur Ragnarsson (2010), La fontoj nevideblaj;recenzo
49 - 2018;februaro;291;55-56;Dimitrije Jariĉiĉ;"Forfuĝo de la vorto ""doloro""";;;EN VITRINO;recenzo;Julia Sigmond (2017), Doloro;recenzo
49 - 2018;februaro;291;57-59;Carlo Minnaja;Kampara knabo;;;EN VITRINO;recenzo;Hosé Neira Vilas (2017), Memoraĵoj de kampara knabo, tr. Suso Moinhos;recenzo
49 - 2018;februaro;291;60-62;Fernando Pita;Pasintaj eĥoj de la nuntempo;;;EN VITRINO;recenzo;"Jaume Grau Casas (2017), Tagoj kaj ruinoj, tr. Miguel
Fernández";recenzo
49 - 2018;aprilo;292;67;Dimitrije Jariĉiĉ;Printempo;;;UVERTURO;poemo;;poezio originala
49 - 2018;aprilo;292;68-78;Tomasz Chmielik;Du patroj por unika poezio;;;REDAKCIE;eseo;;anonco
49 - 2018;aprilo;292;79;Larss Gustafsson;La silento de la mondo antaŭ Bach;Bert Boon;sveda;BELETRO;poemo;;poezio tradukita
49 - 2018;aprilo;292;80;Marie-France Conde Rey;Daŭrigenda eksperimento;;;TRADUKARTO;artikolo;;eseo originala
49 - 2018;aprilo;292;81-83;Italo Calvino;Fragmento el La kastelo de la kruciĝintaj destinoj;plurlingva teamo;itala;BELETRO;prozo;;prozo tradukita
49 - 2018;aprilo;292;84-86;Mikaelo Bronŝtejn;La fantasta mondo de Grin;;;ESEO;prozo;;prozo originala
49 - 2018;aprilo;292;87-90;Aleksandr Grin;Esperanto;Mikaelo Bronŝtejn;rusa;BELETRO;novelo;;prozo tradukita
49 - 2018;aprilo;292;91-92;Perla Martinelli;Dialogo kun literaturoj en indiĝenaj lingvoj;;;SPECIALE PEN;dokumento;;anonco
49 - 2018;aprilo;292;93;Ivaniĉka Maĝarova;La maro - Impresoj;;;FEMINISMO;poemo;;poezio originala
49 - 2018;aprilo;292;94-95;Renée Triolle;"Isola - ĉu ""insule"" aŭ ""izole""?";;;LA SEPA ARTO;filmo;;prozo originala
49 - 2018;aprilo;292;96-97;Giorgio Silfer;Mira, Jusefo kaj la garedloj;;;TEATRO;originala dramo;;teatro originala
49 - 2018;aprilo;292;98-103;Vejdo;Vojaĝo al teruriĝo;;;BELETRO;novelo;;prozo originala
49 - 2018;aprilo;292;104-110;Vinko Ošlak;Franjo troviĝas en malsanulejo;;;FILOZOFIO;novelo;;prozo originala
49 - 2018;aprilo;292;111-115;Hilari S. Chapmsn;Bluis, sed ne pluis;;;PLANLINGVISTIKO;eseo;;eseo originala
49 - 2018;aprilo;292;116-117;Edvige Ackermann;Ducento tra pli ol jarcento;;;EN VITRINO;recenzo;A. Korĵenkov kaj Halina Gorecka (2017), Nia diligenta kolegaro;recenzo
49 - 2018;aprilo;292;118-120;Carlo Minnaja;Maupasant ĵuse kaj ree;;;EN VITRINO;recenzo;"Guy de Maupassant (2013), La signo kaj aliaj rakontoj, tr. A. Cherpillod; Guy de Maupassant (2017), Dek noveloj de Maupassant, tr. N. Lecomte";recenzo
49 - 2018;aprilo;292;121-122;diversaj aŭtoroj;Politike, historie, teorie, instrue…;;;EN VITRINO;recenzo;Diversaj aǔtoroj (2016), Prilingve en Nitra;recenzo
49 - 2018;aprilo;292;123-126;Carlo Minnaja;Historia rigardo al la Akademio;;;REDAKCIE;enkonduko;;anonco
49 - 2018;junio;293;131;Venelin Mitev;Pluvsoifo;;;UVERTURO;poemo;;poezio originala
49 - 2018;junio;293;132-137;Giorgio Silfer;Patro de la itala, kunpatro de aliaj;;;REDAKCIE;eseo;;anonco
49 - 2018;junio;293;138-140;HeKo, retagentejo;Nia kulturo meze de Eŭropo;;;SPECIALE PEN;romano;;anonco
49 - 2018;junio;293;141;Perla Martinelli;Nadine Gordimer, granda virino;;;FEMINISMO;rememoro;;nekrologo
49 - 2018;junio;293;142-147;Marie-France Conde Rey;Femina Filmfestivalo kvardekjara;;;LA SEPA ARTO;filmo;;prozo originala
49 - 2018;junio;293;148-151;Eileen Chang;Bovo;Vejdo;ĉina;BELETRO;novelo;;prozo tradukita
49 - 2018;junio;293;152;Patrick Sammut;Troviĝas…;Carmel Mallia;malta;BELETRO;poemo;;poezio tradukita
49 - 2018;junio;293;153-168;Goncalo Neves;Esperanto kaj Ido: malsamaj vojoj sur Parnason;;;ESEO;lingvo;;eseo originala
49 - 2018;junio;293;169;Massimo Acciai Baggiani;Balado por Stephen Hawking;;;BELETRO;poemo;;poezio originala
49 - 2018;junio;293;170-174;Nicola Minnaja;"Esperanto kiel ""interoriginalo""";;;KOMENTARIO;eseo;;eseo originala
49 - 2018;junio;293;175-179;Vinko Ošlak;Kiel fariĝi diplomato?;;;FILOZOFIO;novelo;;prozo originala
49 - 2018;junio;293;180-181;Elena Popova;Maja Gorova sugestas poezion;;;BELETRO;poezio;;poezio originala
49 - 2018;junio;293;182-183;Julian Modest;La filo;;;BELETRO;novelo;;prozo originala
49 - 2018;junio;293;184;Zlatko Tiŝljar;Furiozo;;;BELETRO;poemo;;poezio originala
49 - 2018;junio;293;185;Giorgio Silfer;Fikcio kaj biografio el Moresneto;;;EN VITRINO;recenzo;David Van Reybrouck (2017), Zinko;recenzo
49 - 2018;junio;293;186-187;Carlo Minnaja;La urbo kiu kunigas la arton de malsamaj epokoj;;;EN VITRINO;recenzo;"Pier Vittorio Orlandini (2017), Un nuovo sguardo
alla provincia di Grosseto / Plia rigardo pri la Grosseto-provinco, dulingve itale kaj esperante";recenzo
49 - 2018;junio;293;188-189;Paola Tosato;La lingvaĵo sinteza, la vortoj esprimriĉaj…;;;EN VITRINO;recenzo;Amerigo Iannacone (200?), Noveloj, tr. Carlo Minnaja;recenzo
49 - 2018;junio;293;190;Carlo Minnaja;Simple miozotas memor’;;;EN VITRINO;recenzo;Ed Borsboom (2017), Kie miozotas memor’;recenzo
49 - 2018;aŭgusto;294;195;Mao Zifu;Diĝitaj pensoj;;;UVERTURO;poeme/desegne;;poezio originala
49 - 2018;aŭgusto;294;196-204;Humphrey Tonkin;Esperantigi Ŝekspiron kaj ŝekspirigi esperanton;;;REDAKCIE;eseo;;anonco
49 - 2018;aŭgusto;294;205-206;Marie-France Conde Rey;Granda animo inter famuloj;;;ESEO;historio;;eseo originala
49 - 2018;aŭgusto;294;207-208;Roberto Marasco;La taktiko de la kulposentoj;Perla Martinelli;;FEMINISMO;artikolo;;eseo tradukita
49 - 2018;aŭgusto;294;209-212;Nina George;Hatmesaĝoj al verkistinoj;Perla Martinelli kaj Bill Chapman;germana;SPECIALE PEN;ŝoka parolo;;anonco
49 - 2018;aŭgusto;294;213-215;Renée Triolle;Filmo por instrui laikecon;;;LA SEPA ARTO;filmo;;prozo originala
49 - 2018;aŭgusto;294;216-217;Giorgio Silfer;Du ĉefverkoj de Beckett baldaŭ eldonotaj en nia lingvo?;;;TEATRO;prezento;;teatro originala
49 - 2018;aŭgusto;294;218-219;Karmenu Vassallo;La kanto de l’ pasinta poeto;Carmel Mallia;malta;BELETRO;poemo;;poezio tradukita
49 - 2018;aŭgusto;294;220-230;Goncalo Neves;Esperanto kaj Ido: malsamaj vojoj sur Parnason (2);;;ESEO;lingvo;;eseo originala
49 - 2018;aŭgusto;294;231-232;Bill Chapman;Pioniroj de planlingvoj en la angla urbo Banbury;;;PLANLINGVISTIKO;artikolo;;eseo originala
49 - 2018;aŭgusto;294;233-237;Ivaniĉka Maĝarova;Dido;Georgi Mihajlov;bulgara;KONKURSFAKO;novelo;;prozo tradukita
49 - 2018;aŭgusto;294;238-241;Henri Meeus;Naskiĝfesto;;;BELETRO;novelo;;prozo originala
49 - 2018;aŭgusto;294;242-246;Vinko Ošlak;Kiel fariĝi diplomato… (2);;;FILOZOFIO;novelo;;prozo originala
49 - 2018;aŭgusto;294;247;Mikaelo Bronŝtejn;Aŭgusta tango;;;BELETRO;poemo;;poezio originala
49 - 2018;aŭgusto;294;248-250;Carmel Mallia;La Valeto: urbo de kulturo 2018;;;ESEO;artikolo;;eseo originala
49 - 2018;aŭgusto;294;251-252;Giorgio Silfer;Sociologie pri Esperantio: la disertacio de Irene Caligaris;;;EN VITRINO;recenzo;Irene Caligaris (2017), Una lingua per tutti, una lingua di nessun Paese (esploro en la fako de esperantistaj identecoj);recenzo
49 - 2018;aŭgusto;294;253-254;Carlo Minnaja;Fascina rakonto, legebla kiel eta romano;;;EN VITRINO;recenzo;Christopher Chippendale (2018), Pado al Paradizo, tr. Humphrey Tonkin;recenzo
49 - 2018;aŭgusto;294;254;Carlo Minnaja;Ĉarma impreso pri ĉies infanaĝo;;;EN VITRINO;recenzo;Julia Sigmond (2018), Steĉjo-Fabeloj;recenzo
49 - 2018;oktobro;295;259;Raita Pyhälä;Tri inaj ĉeneroj;;;UVERTURO;poemo;;poezio originala
49 - 2018;oktobro;295;260-265;Giorgio Silfer;Unika verko en nia tradukarto;;;REDAKCIE;eseo;;anonco
49 - 2018;oktobro;295;266-267;Tiberio Madonna;La orfaj vortoj;;;BELETRO;poemo;;poezio originala
49 - 2018;oktobro;295;268-269;Rex Murphy;La 11a de novembro: silento kaj tristaj emocioj;Wally du Temple;angla;MEMORE PRI;historio;;nekrologo
49 - 2018;oktobro;295;270-272;Nenad Petroviĉ;Kainurbo;Zlatoje Martinov;serba;BELETRO;romano;;prozo tradukita
49 - 2018;oktobro;295;273;Zlatko Tiŝljar;Blanka frido;;;BELETRO;poemo;;poezio originala
49 - 2018;oktobro;295;274-277;Djordje Dragoljoviĉ;Antaŭ tridek jaroj forlasis nin Tibor Sekelj;;;HISTORIO;eseo;;eseo originala
49 - 2018;oktobro;295;278-280;Julian Modest;Ora Cervo;;;BELETRO;prozo;;prozo originala
49 - 2018;oktobro;295;281-282;Giuseppe Campolo;Salono por frenezuloj;;;BELETRO;prozo;;prozo originala
49 - 2018;oktobro;295;283-284;La Redakcio, danke al Herman Deceuninck;Modo por kunigi kulturojn kiel faras esperanto;;;FEMINISMO;artikolo;;eseo originala
49 - 2018;oktobro;295;284;HeKo, retagentejo;Bibliotekoj en sudo kaj nordo;;;;;;eseo originala
49 - 2018;oktobro;295;285;Ivaniĉka Maĝarova;Iun tagon;;;BELETRO;poemo;;poezio originala
49 - 2018;oktobro;295;286-287;Ana Velasco;La mizera nupto de Tánatos (la morto) kun Eros (la sekso);;;KULTURPOLITIKO;artikolo;;eseo originala
49 - 2018;oktobro;295;288-290;Perla Martinelli;Neniam rezigni pri justa luktado;;;LA SEPA ARTO;filmo;Sarah Gavron (2015), Suffragette (filmo);prozo originala
49 - 2018;oktobro;295;291-293;Fernando Pita;Tradukado kaj lingvistiko: necesa, sed danĝera, interrilato (1);;;LINGVISTIKO;eseo;;eseo originala
49 - 2018;oktobro;295;294-297;Davide Astori;Strebo al universalaj mondo, lingvo kaj mono;;;HISTORIO;eseo;;eseo originala
49 - 2018;oktobro;295;298;Kultura Centro Esperantista;5a Lingva Kolokvo en Svislando;;;SPECIALE KCE;;;eseo originala
49 - 2018;oktobro;295;299-300;Nicola Minnaja;Kovropaĝoj kiel instigo…;;;KOMENTARIO;eseo;;eseo originala
49 - 2018;oktobro;295;301;Birindva Mushosi, sekretario;"Decido pri la vorto ""pacist(in)o""";;;KULTURPOLITIKO;dokumento;;eseo originala
49 - 2018;oktobro;295;302-305;Shen Chong Wen;"El la romano ""Urbeto ĉe limo""";Vejdo;ĉina;BELETRO;fragmento;;prozo tradukita
49 - 2018;oktobro;295;306-307;Carlo Minnaja;Ree veni en revon;;;EN VITRINO;recenzo;Miguel Fernandez (2018), Rev-ene;recenzo
49 - 2018;oktobro;295;308-312;Goncalo Neves;Bunteco tema, analiza, interpreta, stila;;;EN VITRINO;recenzo;C. Kiselman ĉefredaktoro, R. Corsetti kaj P. Dasgupta redaktoroj (2018), Aliroj al Esperanto;recenzo
49 - 2018;oktobro;295;313-315;Giorgio Silfer;La verda reverso de germanlingva averso;;;EN VITRINO;recenzo;Ziko van Dijk (2012), Historio de UEA;recenzo
49 - 2018;oktobro;295;316;Zlatoje Martinov;"""Dankon"" - la tria poemo el la serio ""D""";;;EN VITRINO;recenzo;Julia Sigmond (2018), Dankon;recenzo
49 - 2018;oktobro;295;317-318;Vinko Ošlak;"Ne ""nur al mi apartenas mia korpo""!";;;KOMENTARIO;letero;;prozo originala
49 - 2018;decembro;296;323;Giorgio Silfer;La flava tramo (sonetto caudato);;;UVERTURO;poemo;;poezio originala
49 - 2018;decembro;296;324-328;Carlo Minnaja;Dekamerono - unu el la tri perloj de la itala literaturo;;;REDAKCIE;eseo;;anonco
49 - 2018;decembro;296;329-334;Goncalo Neves;Virino, kiu scipovas latinon…;;;ESEO;eseo;;eseo originala
49 - 2018;decembro;296;335;Perla Martinelli;Pearl Buck, Nobel-premio 1938;;;REDAKCIE;premio;;anonco
49 - 2018;decembro;296;336-338;Perla Martinelli;Tri virinoj ricevis ói-jare la plej prestiĝan rekonon;;;KONKURSFAKO;rekono;;eseo originala
49 - 2018;decembro;296;339-345;Nicolino Rossi;Intimaj portretoj de soluloj;;;BELETRO;novelo;;prozo originala
49 - 2018;decembro;296;346;Elena Popova;Vojaĝe Kun I. K. Aivazovsky;;;BELETRO;poemo/hajkaro;;poezio originala
49 - 2018;decembro;296;347-350;Fernando Pita;Tradukado kaj lingvistiko: necesa, sed danĝera, interrilato (2);;;LINGVISTIKO;eseo;;eseo originala
49 - 2018;decembro;296;350;La Redakcio;Kunvoko de la Asembleo de LF-koop;;;REDAKCIE;programo;;anonco
49 - 2018;decembro;296;351-355;Giorgio Silfer;Monoteismo kaj eŭdemonismo ĉe la unua homarano;;;FILOZOFIO;eseo;;eseo originala
49 - 2018;decembro;296;356-358;Renée Triolle;"Hungario retroiras al sia historio per la filmo ""1945""";;;LA SEPA ARTO;eseo;Ferenc Török (2017), 1945 (filmo);prozo originala
49 - 2018;decembro;296;359;Lenke Szász;Hejmo;;;BELETRO;poemo;;poezio originala
49 - 2018;decembro;296;360-362;Raita Pyhälä;Ida Aalburg, finna aktorino en tempo de lingva konkurado;;;TEATRO;prezento;;teatro originala
49 - 2018;decembro;296;363-366;Tiberio Madonna;La sapveziko;Carlo Minnaja;itala;INFANLITERATURO;rakonto;;prozo tradukita
49 - 2018;decembro;296;367-369;Carlo Minnaja;Postparole pli ol recenze;;;EN VITRINO;recenzo;Goncalo Neves (2018), Recenze;recenzo
49 - 2018;decembro;296;370-371;Perla Martinelli;Distre interesa esearo;;;EN VITRINO;recenzo;"André Cherpillod (2011), 
Mensogoj kaj sekretoj de la
historio";recenzo
49 - 2018;decembro;296;372-373;Carlo Minnaja;Memoraĵo pri la Holokaŭsto;;;EN VITRINO;recenzo;Chava Pressburger (2018),  Taglibro de mia frato;recenzo
49 - 2018;decembro;296;374-375;Dimitrije Jariĉiĉ;Nia porinfana literaturo bezonas ankoraŭ plenkreski;;;EN VITRINO;recenzo;Julian Modest (2018), La enigma trezoro;recenzo
49 - 2018;decembro;296;376-380;Zlatoje Martinov;Responde al Ošlak pri Veil;;;KOMENTARIO;letero;;prozo originala
49 - 2018;decembro;296;381-382;Marie-France Conde Rey, Zlatoje Martinov;Dankon kaj ĝis revido, Zlatoje;;;MEMORE PRI;adiaŭo;;nekrologo
50 - 2019;februaro;297;3;La Redakcio;La animo de la roma skolo;;;UVERTURO;rememoro;;nekrologo
50 - 2019;februaro;297;4;Marie-France Conde Rey;Retrospektive pri 2018;;;NOVJARA SALUTO;rememoro;;nekrologo
50 - 2019;februaro;297;5-6;Perla Martinelli;Komenco bona, jaro fruktodona!;;;REDAKCIE;bondeziro;;anonco
50 - 2019;februaro;297;7-14;Giorgio Silfer;Ankaŭ ili stelon havas, sed oran kaj kun sep pintoj;;;REDAKCIE;eseo;;anonco
50 - 2019;februaro;297;15-16;Carlo Minnaja;Baldur Ragnarsson, la plej fama el niaj islandanoj;;;MEMORE PRI;rememoro;;nekrologo
50 - 2019;februaro;297;17;Mao Zifu;Inspiro el noktomezo;;;BELETRO;prozpoemo;;poezio originala
50 - 2019;februaro;297;18-20;Julian Modest;La letero;;;BELETRO;prozo;;prozo originala
50 - 2019;februaro;297;21-24;Giorgio Silfer;Terra nullius kaj ius soli ĉe la unua homarano;;;FILOZOFIO;eseo;;eseo originala
50 - 2019;februaro;297;25-26;Francisko Degoul;Komentario pri la eseo de Silfer;;;FILOZOFIO;komentario;;eseo originala
50 - 2019;februaro;297;27-31;Trevor Steele;La originoj de Islamo: ĉu Mohamedo ekzistis?;;;HISTORIO;eseo;;eseo originala
50 - 2019;februaro;297;32-33;Marie-France Conde Rey;Pafu lin, sinjorino: vero kaj verŝajno en kurda armeo;;;LA SEPA ARTO;filmo;;prozo originala
50 - 2019;februaro;297;35;Perla Martinelli;Amos Oz, la forto de literaturo;;;MEMORE PRI;omaĝo;;nekrologo
50 - 2019;februaro;297;36-38;Renée Triolle;Kiel fabriki bonan vendotaĵon?;;;ESEO;eseo;;eseo originala
50 - 2019;februaro;297;39;Dimitrije Jariĉiĉ;La trankvilo;;;BELETRO;poemo;;poezio originala
50 - 2019;februaro;297;40-43;Ivaniĉka Maĝarova;La blanka kolombo;;;BELETRO;prozo;;prozo originala
50 - 2019;februaro;297;44-46;Bozidar Brezinščak Bagola;La magiisto Trixini;Zlatoje Martinov;kroata;BELETRO;eseo;;prozo tradukita
50 - 2019;februaro;297;47-50;Alfred Palma;Kiel ellaboriĝis la malta traduko de la Dia Komedio;Carmel Mallia;malta;TRADUKARTO;eseo;;eseo tradukita
50 - 2019;februaro;297;51-55;Goncalo Neves;La vesperto;;;BELETRO;prozo;;prozo originala
50 - 2019;februaro;297;56;Carlo Minnaja;Krimliteraturo kreskas ĝenre;;;EN VITRINO;recenzo;Julian Modest (2018), Serenaj matenoj;recenzo
50 - 2019;februaro;297;57-59;Fernando Pita;Tasko aktualigita, sed ne plenumita, nek finita;;;EN VITRINO;recenzo;Carlo Minnaja (2018), Historio de la Akademio de Esperanto;recenzo
50 - 2019;februaro;297;60-62;Aŭtoroj diversaj;Responde al Ošlak pri Veil (2);;;KOMENTARIO;prozo;;prozo originala
50 - 2019;februaro;297;62;Jado;Forgesu min;;;BELETRO;poemo;;poezio originala
50 - 2019;aprilo;298;67;Mao Zifu;Nur vi;;;UVERTURO;poemo;;poezio originala
50 - 2019;aprilo;298;68-71;Societo Dialogo;Ami la najtingalan kanton de sia propra lando;;;REDAKCIE;eseo;;anonco
50 - 2019;aprilo;298;72-73;Yolanda Oreamuno;Meksiko mias;Perla Martinelli;hispana;ESEO;artikolo;;eseo tradukita
50 - 2019;aprilo;298;74-75;Leif Nordenstorm;Jarlo, la posteksperimentisma;;;MEMORE PRI;omaĝo;;nekrologo
50 - 2019;aprilo;298;76-78;Giorgio Silfer;Dramo de interna ekzilo pri verko de interna rezisto;;;TEATRO;dramo;;teatro originala
50 - 2019;aprilo;298;79-80;Perla Martinelli;Luisa Huertas, pli ol aktorino;;;INTERVJUO;prozo;;intervjuo
50 - 2019;aprilo;298;81;Elena Popova;Lilia Dimkova, sendito de la lumo;;;BELETRO;poemo;;poezio originala
50 - 2019;aprilo;298;82-84;Fabrizio Pennachietti;Artikolo;;;ESEO;prozo;;prozo originala
50 - 2019;aprilo;298;85-90;Davide Astori;La Korano de Italo Chiussi kvindek jarojn poste;;;MEMORE PRI;eseo;;nekrologo
50 - 2019;aprilo;298;91-101;Giorgio Silfer;Mira, Jusefo kaj la garedloj;;;TEATRO;dramo;;teatro originala
50 - 2019;aprilo;298;102;Marie-France Conde Rey;De la eŭropa balkono…;;;FEMINISMO;festartikolo;;eseo originala
50 - 2019;aprilo;298;103;Aileen Martinez Ortega;...al indiĝena panoramo;;;FEMINISMO;festartikolo;;eseo originala
50 - 2019;aprilo;298;104-108;Ann Babe;Doing Cafe, la hejmo de la feministoj en Sud-Koreio;Herman Deceuninck;angla;FEMINISMO;eseo;;eseo tradukita
50 - 2019;aprilo;298;109-114;Fernando Pita;Praga Lingvistika Rondo: iom da historio;;;LINGVISTIKO;eseo;;eseo originala
50 - 2019;aprilo;298;115;Jado;Teo kaj sopiro;;;BELETRO;poemo;;poezio originala
50 - 2019;aprilo;298;116-117;Giorgio Silfer;Inter patro kaj filo estas ankaŭ rilato inter revo kaj realo;;;LA SEPA ARTO;kino;Nuri Bilge Ceylan (2018), “La sovaĝa pirarbo” (filmo);prozo originala
50 - 2019;aprilo;298;118;Tiberio Madonna;Ero de printempo;;;ESEO;artikolo;;eseo originala
50 - 2019;aprilo;298;119-120;Carlo Minnaja;Originala verko pri ateismo;;;EN VITRINO;recenzo;Vinko Ošlak (2016), There’s probably no Atheist – Probable troviĝas neniu ateisto;recenzo
50 - 2019;aprilo;298;121-124;Fernando Pita;Aktualigita, pro ĝenerala retroiro;;;EN VITRINO;recenzo;Errico Malatesta (2018), Anarkio, tr. Carlo Minnaja;recenzo
50 - 2019;aprilo;298;125;diversaj aŭtoroj;Pri la demando de abortigo;;;KOMENTARIO;traktata letero;;prozo originala
50 - 2019;aprilo;298;126;La Redakcio;Kio kie kiam?;;;REDAKCIE;programoj;;anonco
50 - 2019;junio;299;131;Dimitrije Jariĉiĉ;La printempa tago el mia ĉambro;;;UVERTURO;poemo;;poezio originala
50 - 2019;junio;299;132-139;Alexandre Mendes Correa;"Ze’ egete, ""la vera lingvo""";;;REDAKCIE;eseo;;anonco
50 - 2019;junio;299;140-142;Perla Martinelli;La forto de idealismo;;;ESEO;eseo;;eseo originala
50 - 2019;junio;299;143-144;Giuseppe Campolo;Marso;;;HUMURO;artikolo;;prozo originala
50 - 2019;junio;299;145-149;Davide Astori;Leonardo, mondcivitano aŭguranta Eŭropon;;;REDAKCIE;eseo;;anonco
50 - 2019;junio;299;150;Tiberio Madonna;La dormo;;;ESEO;artikolo;;eseo originala
50 - 2019;junio;299;151-154;Vicenzo Cardarelli;Cardarelli, la filo de fortuno;Biagio Trapani;itala;BELETRO;poezio;;poezio tradukita
50 - 2019;junio;299;155-156;Julian Modest;La mantelo;;;BELETRO;prozo;;prozo originala
50 - 2019;junio;299;157-163;Marie-France Conde Rey;Internacia Femina Festivalo;;;LA SEPA ARTO;kino;;prozo originala
50 - 2019;junio;299;164-166;Francisko Degoul;La sankteco ĉe Zamenhof;;;REDAKCIE;eseo;;eseo originala
50 - 2019;junio;299;167-170;Giorgio Silfer;Framasona templo por la unua homarano?;;;FILOZOFIO;eseo;;eseo originala
50 - 2019;junio;299;171-179;Mo Yan;"""Ruĝa sorgo"", kvina ĉapitro";Vejdo;ĉina;BELETRO;novelo;;prozo tradukita
50 - 2019;junio;299;180-182;Vasa Pavkoviĉ;La fantomoj de mia patrino;Zlatoje Martinov;serba;BELETRO;novelo;;prozo tradukita
50 - 2019;junio;299;183-185;Italo Svevo;Vivo de malkapablulo;Carlo Minnaja;itala;BELETRO;novelo;;prozo tradukita
50 - 2019;junio;299;186-187;Carlo Minnaja;Portugala sed filozofie universala;;;EN VITRINO;recenzo;"Fernando Pessoa (2018), Mesaĝo – modernisma
epopeo, tr. João José Santos";recenzo
50 - 2019;junio;299;188-189;Fernando Pita;Esperanta esperpento;;;EN VITRINO;recenzo;Ramón María del Valle-Inclán (2015), Bohemiaj lumoj, tr. Miguel Fernández.;recenzo
50 - 2019;junio;299;190;Razgrad;Konkurso kaj festo EKRA 2019;;;KONKURSFAKO;konkurso;;anonco
50 - 2019;aŭgusto;300;195;Marko Kravos;Genealogio;Giorgio Silfer;slovena;UVERTURO;poemo;;poezio tradukita
50 - 2019;aŭgusto;300;196-198;Martinelli, Minnaja, Orsini, Silfer;Tiu patrolo kreinta tutan foiron;;;REDAKCIE;jubileo;;anonco
50 - 2019;aŭgusto;300;199;Nicolino Rossi;Sun’ trakurtenas;;;BELETRO;poezio;;poezio originala
50 - 2019;aŭgusto;300;200-203;Ghil’ad Zuckermann;Revivigi la lingvon por redoni dignon al la homoj;Trevor Steelee;angla;REDAKCIE;eseo;;anonco
50 - 2019;aŭgusto;300;204-206;Trevor Steelee;"El ""Flugi kun kakatuoj""";;;REDAKCIE;romano;;anonco
50 - 2019;aŭgusto;300;207-212;Javier Alcalde;Pacifisma aliro al esperanto;;;HISTORIO;artikolo;;eseo originala
50 - 2019;aŭgusto;300;213;Goncalo Neves;Blukovrila kajereto;;;BELETRO;poemo;;poezio originala
50 - 2019;aŭgusto;300;214-215;Giorgio Silfer;Gardu vin de l’ norda trolo…;;;LA SEPA ARTO;filmo;Ali Abbasi (2018), Gräns (Landlimo) (filmo);prozo originala
50 - 2019;aŭgusto;300;216-220;Carmel Mallia;Opuntioj kiel muziko en Parizo;;;BELETRO;romano;;poezio originala
50 - 2019;aŭgusto;300;221-228;Marie-France Conde Rey;La dudek du renkontoj;;;BELETRO;prozo;;prozo originala
50 - 2019;aŭgusto;300;229;Elena Popova;Inspiro el Iglika Besson;;;BELETRO;poemo;;poezio originala
50 - 2019;aŭgusto;300;230-234;Mo Yan;"""La regno de alkoholo"" ĉap. 1: survoje al la minejo";Vejdo;ĉina;BELETRO;novelo;;prozo tradukita
50 - 2019;aŭgusto;300;234;Giorgio Silfer;La diskreta fascino de Popola Ĉinio;;;KOMENTARIO;komentario;;eseo originala
50 - 2019;aŭgusto;300;235-237;Samuel Beckett;"Gustumeto el ""Finalo de partio""";;;TEATRO;teatraĵo;;teatro originala
50 - 2019;aŭgusto;300;238-243;Fernando Pita;Deveno kaj funkcio de aplika lingvistiko;;;LINGVISTIKO;eseo;;eseo originala
50 - 2019;aŭgusto;300;244-248;Massimo Acciai Baggiani, Fernando Pita;Gramatiketo rezona de utopia lingvo;;;PLANLINGVISTIKO;eseo;;eseo originala
50 - 2019;aŭgusto;300;249-250;Vjaĉeslav Hromov;Genovefa, neforgesebla latinistino;;;MEMORE PRI;omaĝo;;nekrologo
50 - 2019;aŭgusto;300;251-252;Carlo Minnaja;Kvin lingvoj, sed sama ĝuo;;;EN VITRINO;recenzo;Carmel Mallia (2018), My latest poems;recenzo
50 - 2019;aŭgusto;300;253;Paola Tosato;Taŭga ankaŭ por geknaboj;;;EN VITRINO;recenzo;Julian Modest (2019), Amo kaj Malamo;recenzo
50 - 2019;aŭgusto;300;254;Evgenij Georgiev;Ludante per la eroj…;;;KONKURSFAKO;konkurso;;anonco
50 - 2019;oktobro;301;259;Biagio Trapani;Du sezonaj impresoj;;;UVERTURO;poezio;;poezio originala
50 - 2019;oktobro;301;260-262;Giorgio Silfer;La indianoj de Eŭropo;;;REDAKCIE;filmo;;anonco
50 - 2019;oktobro;301;263-265;Perla Martinelli;La raŭmisma metaforo de Toni Morrison;;;KULTURPOLITIKO;eseo;;eseo originala
50 - 2019;oktobro;301;266-267;Soile Lingman;Amelin, socie engaĝita artisto;;;ARTO;artikolo;;eseo originala
50 - 2019;oktobro;301;268;Goncalo Neves;Griza kanto;;;BELETRO;poezio;;poezio originala
50 - 2019;oktobro;301;269-275;Perla Martinelli;Feminisma aliro al Esperanto;;;SPECIALE KCE;prelego;;anonco
50 - 2019;oktobro;301;276-278;Tanja Tuma;La neeltenebla leĝero de l’ esto surlinea;Giorgio Silfer;angla;SPECIALE PEN;prelego;;eseo tradukita
50 - 2019;oktobro;301;279-280;Alceo Valcini;Kial mi estas eŭropa civitano;Carlo Minnaja;itala;ESEO;artikolo;;eseo tradukita
50 - 2019;oktobro;301;281-283;Davide Astori;Clara Wieck, familio Schumann kaj esperanto;;;MEMORE PRI;omaĝo;;nekrologo
50 - 2019;oktobro;301;284-287;Julian Modest;La blanka koŝmaro;;;BELETRO;novelo;;prozo originala
50 - 2019;oktobro;301;288-289;Marie-France Conde Rey;Endas liberigi la parolon;;;LA SEPA ARTO;kino;;prozo originala
50 - 2019;oktobro;301;290-291;La Redakcio;La arto kanti klasike;;;MUZIKO;novaĵo;;anonco
50 - 2019;oktobro;301;292;Trevor Steelee;Kvazaŭ prologo;;;BELETRO;romano;;poezio originala
50 - 2019;oktobro;301;293-301;Vinko Ošlak;"Kiel kompreni la nociojn ""sankteco"" kaj ""sankta""?";;;REDAKCIE;eseo;;eseo originala
50 - 2019;oktobro;301;302-307;Mo Yan;"""La regno de alkoholo"" ĉap. 1: la karbomineja etoso";Vejdo;ĉina;BELETRO;novelo;;prozo tradukita
50 - 2019;oktobro;301;308-310;Massimo Acciai;Ĉu artefarita lingvo estas paradokso?;;;PLANLINGVISTIKO;eseo;;eseo originala
50 - 2019;oktobro;301;311-313;Louis Briffa;Pilgrima Falko;Carmel Mallia;malta;BELETRO;poemo;;poezio tradukita
50 - 2019;oktobro;301;314-316;Carlo Minnaja;Serĉante la propran identecon;;;EN VITRINO;recenzo;Sten Johansson (2018), Marina ĉe la limo;recenzo
50 - 2019;oktobro;301;317-318;Carlo Minnaja;Tamen LF ja donas atenton;;;EN VITRINO;recenzo;Gonçalo Neves (2019), Esperanto kaj Ido: malsamaj vojoj sur Parnason;recenzo
50 - 2019;decembro;302;323;Jado;Neĝa monto;;;UVERTURO;poezio;;poezio originala
50 - 2019;decembro;302;324-325;Giorgio Silfer;Inter negritudo kaj griotoj;;;REDAKCIE;historio;;anonco
50 - 2019;decembro;302;326;Francis Bebey;Kiu vi estas?;Perla Martinelli;franca;REDAKCIE;poezio;;anonco
50 - 2019;decembro;302;327-330;Espoire Ngoma Kasati;Ĝojoj kaj ĉagrenoj en Kongolando;;;ESEO;eseo;;eseo originala
50 - 2019;decembro;302;331-333;Umberto De Giovannangeli al Jody Williams;Jody Williams protestas pro la genocido de la nordsiriaj kurdoj;Perla Martinelli;itala;INTERVJUO;historio;;intervjuo
50 - 2019;decembro;302;334-335;redakcie;Du sunoj en jaro ŝtorma;;;KONKURSFAKO;premio;;anonco
50 - 2019;decembro;302;336-344;Vilmos Benczik;Fragmentaj pensoj okaze de la centenario de Endre Ady;;;MEMORE PRI;omaĝo;;nekrologo
50 - 2019;decembro;302;345;Miguel Fernández;Kuras vi, Amanda;;;BELETRO;poezio;;poezio originala
50 - 2019;decembro;302;346-350;Davide Astori;La ĉarmo de la luno: la unuaj literaturaj surlunigoj;;;ESEO;eseo;;eseo originala
50 - 2019;decembro;302;351;Tiberio Madonna;Donacoj kaj rajtoj;;;BELETRO;prozo;;prozo originala
50 - 2019;decembro;302;352-354;Renée Triolle;Sorĉo kaj perforto en Afriko;;;LA SEPA ARTO;historia eseo;;prozo originala
50 - 2019;decembro;302;355-358;Mikaelo Bronŝtejn;Skisma rusa eklezio kaj esperanto;;;HISTORIO;eseo;;eseo originala
50 - 2019;decembro;302;359-362;Marcionilo Vasconcelos;Deveno kaj celoj de la Filozofio de Lingvaĵo;;;LINGVISTIKO;eseo;;eseo originala
50 - 2019;decembro;302;363-367;Mo Yan;"“La regno de alkoholo"" ĉap. 1: eksterordinara enketo";Vejdo;ĉina;BELETRO;novelo;;prozo tradukita
50 - 2019;decembro;302;368-369;Raita Pyhälä;La kato kiu nomiĝis Neĝopilko;;;BELETRO;prozo;;prozo originala
50 - 2019;decembro;302;370-372;Perla Martinelli;Revenis la rufa serpento!;;;EN VITRINO;recenzo;Frans G. Bengtsson (2019),  Orm la ruĝa, vol. II, tr. Sten Johansson;recenzo
50 - 2019;decembro;302;372;Giuseppe Campolo;Poezio el ĉiuj ĉieloj;;;KONKURSFAKO;konkurso;;anonco
50 - 2019;decembro;302;373-376;Francisko Degoul;Malklara filizofio helpas klarigi nian komprenon pri filozofio;;;EN VITRINO;recenzo;André Cherpillod (2019), Heraklito la Efezano, hipoteza rekonstruo de lia libro;recenzo
50 - 2019;decembro;302;377-379;Massimo Acciai Baggiani;Historio por itallingvanoj;;;EN VITRINO;recenzo;Carlo Minnaja (2019), Introduzione alla letteratura esperanto;recenzo
50 - 2019;decembro;302;379-381;Ivan Orsini;Granda milito, malgranda mito;;;EN VITRINO;recenzo;Javier Alcalde, José Salguero, redaktoroj (2019), Antaǔ unu jarcento;recenzo
50 - 2019;decembro;302;381;Carlo Minnaja;Jubileo;;;BELETRO;micronovelo;;prozo originala
50 - 2019;decembro;302;382;redakcie;Feliĉajn festotagojn, serenan kaj fruktodonan 2020!;;;NOVJARA SALUTO;festo;;anonco
51 - 2020;februaro;303;3;Mao Zifu;Distingiĝo per inĝenia kreado;;;UVERTURO;poezio;;poezio originala
51 - 2020;februaro;303;4;Marie-France Conde Rey, prezidanto de LF-koop;Posta ora jubileo de LF;;;KOMENTARIO;historio;;eseo originala
51 - 2020;februaro;303;5;Perla Martinelli;...daŭras la bela aventuro!;;;KOMENTARIO;redakcie;;anonco
51 - 2020;februaro;303;6-8;Giorgio Silfer;Beleco plus tempo, lokoj imagitaj de literaturo;;;INTERVJUO;prozo;;intervjuo
51 - 2020;februaro;303;8;redakcie;Asembleo de LF-koop;;;REDAKCIE;programo;;anonco
51 - 2020;februaro;303;9-11;Olga Tokarczuk;La tempo de Izydor;Tomasz Chmielik;pola;KONKURSFAKO;premio;;anonco
51 - 2020;februaro;303;12-13;Zlatoje Martinov;Post Handke, ĉu plu kredi en la literatura Nobel-Premio?;;;KONKURSFAKO;premio;;anonco
51 - 2020;februaro;303;14;Mikaelo Bronŝtejn;Laŭ vivospertoj…;;;BELETRO;poezio;;poezio originala
51 - 2020;februaro;303;15-20;Marie-France Conde Rey;La kvar muzikontoj de Negravskie;;;BELETRO;rakonto;;prozo originala
51 - 2020;februaro;303;21;Goncalo Neves;En arbaro;;;BELETRO;poezio;;poezio originala
51 - 2020;februaro;303;22-24;Julian Modest;Renkontiĝo;;;BELETRO;novelo;;prozo originala
51 - 2020;februaro;303;25-30;Luigi Pirandello;La vojaĝo (1);Perla Martinelli;itala;FEMINISMO;prozo;;prozo tradukita
51 - 2020;februaro;303;31;Giorgio Silfer;La rekorda Nemere;;;HISTORIO;historio;;nekrologo
51 - 2020;februaro;303;32-34;Renée Triolle;Papiŝa: rezisti aŭ morti;;;LA SEPA ARTO;kino;;prozo originala
51 - 2020;februaro;303;35-40;Davide Astori;Deknaŭjarcentaj revoj pri Eŭropo kaj la profeta antaŭvido de Zamenhof;;;KULTURPOLITIKO;eseo;;eseo originala
51 - 2020;februaro;303;41-44;Fernando Pita;"La ""Sintaksaj strukturoj"" de Noam Chomsky";;;LINGVISTIKO;eseo;;eseo originala
51 - 2020;februaro;303;45-49;Mo Yan;"""La regno de alkoholo"" ĉap. 1.: ĉu bebomanĝantoj?";Vejdo;ĉina;BELETRO;novelo;;prozo tradukita
51 - 2020;februaro;303;50;Maria Grech Ganado;Miraĝoj;Carmel Mallia;malta;BELETRO;poemo;;poezio tradukita
51 - 2020;februaro;303;51-53;Carlo Minnaja;Polifonio je kalibro 90: de Kock, Mallia, Sigmond;;;ESEO;eseo;;eseo originala
51 - 2020;februaro;303;54-55;Carlo Minnaja;Malfeliĉa generacio;;;EN VITRINO;recenzo;Sten Johansson (2017), El ombro de l’ tempo;recenzo
51 - 2020;februaro;303;56-58;Fernando Pita;Antologio de Vivo;;;EN VITRINO;recenzo;Antonio Marco Botella (2014), Hispana lirika antologio;recenzo
51 - 2020;februaro;303;59-62;Giorgio Silfer;Paco kaj milito en nia percepto pri la homaro;;;KULTURPOLITIKO;ferma parolado;;anonco
51 - 2020;aprilo;304;67;Davide Astori;Sen vi;;;UVERTURO;poezio;;poezio originala
51 - 2020;aprilo;304;68-71;Liliana Serge;Estu la flava papilio fluganta ĝreter la pikdratoj;Perla Martinelli;itala;REDAKCIE;datreveno;;anonco
51 - 2020;aprilo;304;72-73;Perla Martinelli;La Infanoj de Terezín;;;MEMORE PRI;rememoro;;nekrologo
51 - 2020;aprilo;304;74;Feminisma Esperanta Movado;Oka de Marto 2020;;;FEMINISMO;festo;;anonco
51 - 2020;aprilo;304;75-76;Marie-France Conde Rey;Ĉu ekzistas ina humuro?;;;BILDLITERATURO;artikolo;;prozo originala
51 - 2020;aprilo;304;76;Bill Chapman;Precizigo pri Britio;;;KOMENTARIO;precizigo;;eseo originala
51 - 2020;aprilo;304;77;Massimo Acciai Baggiani;La bluaj horizontoj de Kjara;;;MUZIKO;artikolo;;eseo originala
51 - 2020;aprilo;304;78-84;Luigi Pirandello;La vojaĝo (2);Perla Martinelli;itala;BELETRO;novelo;;prozo tradukita
51 - 2020;aprilo;304;85-87;Giorgio Silfer;Heroldo centjara: 75 kontraŭ, 25 ekster UEA;;;KULTURPOLITIKO;datreveno;;anonco
51 - 2020;aprilo;304;88-90;Renée Triolle;Henry Verneuil: sukcesa integriĝo;;;LA SEPA ARTO;kino;;prozo originala
51 - 2020;aprilo;304;91-102;Geling Yan;La lasta tago de Molly;Vejdo;ĉina;BELETRO;novelo;;prozo tradukita
51 - 2020;aprilo;304;103;Mikaelo Bronŝtejn;Jen la printempo;;;BELETRO;poezio;;poezio originala
51 - 2020;aprilo;304;104-111;Alga Guernieri;El plumoj de forpasinta tempo;;;ESEO;eseo;;eseo originala
51 - 2020;aprilo;304;111;redakcie;La somera programo de Kultura Centro Esperantista;;;REDAKCIE;programo;;anonco
51 - 2020;aprilo;304;112-114;Fernando Pita;Kartezio aŭ Port-Royal?;;;LINGVISTIKO;eseo;;eseo originala
51 - 2020;aprilo;304;115-120;Giorgio Silfer;Hector Hodler, la Esperantiano numero 1;;;HISTORIO;eseo;;eseo originala
51 - 2020;aprilo;304;121-122;Reardo Fössmeier;Intelekta defio;;;EN VITRINO;recenzo;Claudio Magris (2019), La muzeo de milito, tr. Carlo Minnaja;recenzo
51 - 2020;aprilo;304;123-124;Carlo Minnaja;Aspiroj al… normala vivo;;;EN VITRINO;recenzo;Lode Van de Velde (2020), Aspiroj – kroniko de neanoncita murdo;recenzo
51 - 2020;aprilo;304;125-126;Marie-France Conde Rey;Vundita gento;;;EN VITRINO;recenzo;Carlos Casares (2019), Vundita vento, tr. Suso Mohinos;recenzo
51 - 2020;aprilo;304;126;Nicola Morandi;Poezio el ĉiuj ĉieloj: sesa fojo, 2020;;;KONKURSFAKO;literaturo;;eseo originala
51 - 2020;junio;305;131;Mao Zifu;Hipokritulo;;;UVERTURO;poezio;;poezio originala
51 - 2020;junio;305;132-134;Perla Martinelli;Riichi Karibe, nova konsulo: la unua fojo por aziano;;;INTERVJUO;prozo;;intervjuo
51 - 2020;junio;305;135-137;Giorgio Silfer;Alparolo de la eksa Konsulo inaŭgure al la parlamenta sesio;;;KULTURPOLITIKO;festparolo;;anonco
51 - 2020;junio;305;138-139;Nicolino Rossi;Oniaj semajnfinoj;;;BELETRO;poezio;;poezio originala
51 - 2020;junio;305;140-142;Carlo Minnaja;Ili pluvivos kune en nia penso;;;MEMORE PRI;omaĝo;;nekrologo
51 - 2020;junio;305;143;Carmel Mallia;Koron-Viruso (Akrostike);;;BELETRO;poezio;;poezio originala
51 - 2020;junio;305;144-146;Laure Patas d’Illiers;Nevidebla;;;BELETRO;prozo;;prozo originala
51 - 2020;junio;305;147;Dimitrije Jariĉiĉ;Min sufokas torento;;;BELETRO;poezio;;poezio originala
51 - 2020;junio;305;148-152;Davide Astori;La senlim(a tut)eco de Leopardi;;;TRADUKARTO;eseo;;eseo originala
51 - 2020;junio;305;153-157;Trevor Steelee;La Nigra Morto en komparo kun la aktuala kronviruso;;;ESEO;prozo;;prozo originala
51 - 2020;junio;305;158-164;Raita Pyhälä;Ekspresionisma finna artisto;;;ARTO;eseo;;eseo originala
51 - 2020;junio;305;165-168;Fernando Pita;"""La formala naturo de la lingvaĵo""";;;LINGVISTIKO;eseo;;eseo originala
51 - 2020;junio;305;168;redakcie;Sukcesa 6a Lingva Kolokvo de KCE;;;REDAKCIE;informo;;anonco
51 - 2020;junio;305;169-179;Andres Bickel;Vort-statistikaj esploroj surbaze de Plena Ilustrita Vortaro;;;KULTURPOLITIKO;eseo;;eseo originala
51 - 2020;junio;305;180-182;Marie-France Conde Rey;Survoje al Parizo 1968;;;LA SEPA ARTO;filmo/kino;Martin Provost (2020), La bona edzino (filmo);prozo originala
51 - 2020;junio;305;183-186;Anton Ĉeĥov;Feliĉulo;Vladimir Vyĉegĵanin;rusa;BELETRO;teatraĵo;;teatro tradukita
51 - 2020;junio;305;187-188;Carlo Minnaja;Kunmeto de jam aperintaj eroj;;;EN VITRINO;recenzo;"A. Korĵenkov, V. Melnikov (2019), El la Rusa poezio, tr. Valentin Melnikov (Bitforma suplemento al ""La Ondo de Esperanto"", dec. 2019)";recenzo
51 - 2020;junio;305;189-190;Carlo Minnaja;Mezepoka perlo;;;EN VITRINO;recenzo;Nekonata aǔtoro (2019), Perlo, tr. M. Boulton;recenzo
51 - 2020;aŭgusto;306;195;Haŝizume Bun;Eta frato (fragmento);"Perla Martinelli
kaj Riichi Karibe";japana;UVERTURO;poezio;;poezio tradukita
51 - 2020;aŭgusto;306;196-201;Pikema Admiranto;"Duonserioza memkritiko ;-)";Nicolino Rossi;;REDAKCIE;eseo;Nicolino Rossi (1980), Sur la vivopado;anonco
51 - 2020;aŭgusto;306;202;Trevor Steelee;Mi lernas pri la vivo (per Duolingo);;;HUMURO;mikronovelo;;prozo originala
51 - 2020;aŭgusto;306;203-207;Rita Mara Netto de Moraes;Ĉu hpma vivo estas nur ŝajno?;;;ESEO;prozo;;prozo originala
51 - 2020;aŭgusto;306;208-216;Isabel-Clara Simó;Sinjoro Johano la bonulo;Llibert Puig;kataluna;FEMINISMO;eseo;;eseo tradukita
51 - 2020;aŭgusto;306;217-220;Jouko Lindstedt - Jens Larsen;JoLo kontraŭ JoLo pri Raŭmo;;;KULTURPOLITIKO;reta interparolo;;intervjuo
51 - 2020;aŭgusto;306;221-223;Davide Astori;Kia Interlingvistiko estontecen?;;;KOMENTARIO;eseo;;eseo originala
51 - 2020;aŭgusto;306;224-225;Marie-France Conde Rey;Freŭdo ĉe la islamanoj;;;LA SEPA ARTO;kino;;prozo originala
51 - 2020;aŭgusto;306;226;Carlo Minnaja;Amiko Victor Sadler (1937-2020);;;MEMORE PRI;omaĝo;;nekrologo
51 - 2020;aŭgusto;306;226;Mikaelo Bronŝtejn;Aŭgusto plora;;;MEMORE PRI;poemo;;nekrologo
51 - 2020;aŭgusto;306;227-236;Bert Boon;La Lima-letero de Ljudovik Samenhof el 1902;;;ZAMENHOFOLOGIO;eseo;;eseo originala
51 - 2020;aŭgusto;306;237-239;Giorgio Silfer;Ree pri ne Esperantia vortaro;;;KULTURPOLITIKO;prelego;;eseo originala
51 - 2020;aŭgusto;306;240-243;Fernando Pita;La plej elstara verko de Chomsky;;;LINGVISTIKO;eseo;;eseo originala
51 - 2020;aŭgusto;306;244-252;Francisko Degoul;Remalkovri Oŝŝak;;;FILOZOFIO;eseo;;eseo originala
51 - 2020;aŭgusto;306;253-254;Carlo Minnaja;Muziko en diktatura tempo;;;EN VITRINO;recenzo;Claudio Morandini (2020), Unutema rapsodio – interparoloj kun Rafail Dvoinikov,  tr. Giulio Cappa.;recenzo
51 - 2020;aŭgusto;306;254;redakcie;Bill Chapman (1950[1967]2020);;;MEMORE PRI;omaĝo;;nekrologo
51 - 2020;oktobro;307;259-360;Nicolino Rossi;Al vi, Poetoj miaj…;;;UVERTURO;poezio;;poezio originala
51 - 2020;oktobro;307;261-264;Sebastiano Grasso;Poezio inter kreneloj;Carlo Minnaja;itala;SPECIALE PEN;poezio;;anonco
51 - 2020;oktobro;307;265-266;Kultura Centro Esperantista;Cele al svisa skolo de tradukarto;;;REDAKCIE;informo;;anonco
51 - 2020;oktobro;307;267-271;Giorgio Silfer;Raŭmo: fino de verda trockismo;;;KULTURPOLITIKO;eseo;;eseo originala
51 - 2020;oktobro;307;272-275;Elena Popova;La mondo tra la rigardo de Maja Gorova;;;INTERVJUO;prozo;;intervjuo
51 - 2020;oktobro;307;276;Olga Tokarczuk;La tempo de Eli;Tomasz Chmielik;pola;KONKURSFAKO;fragmento-romano;;prozo tradukita
51 - 2020;oktobro;307;277;Tomasz Chmielik;Necesas dua kaloĉaja revolucio;;;KULTURPOLITIKO;kontribuo;;eseo originala
51 - 2020;oktobro;307;278-279;Sulaiman Addonia;La lingvo de nia tempo;Herman Deceuninck;franca;BELETRO;pripensiga teksto;;prozo tradukita
51 - 2020;oktobro;307;280-282;Trevor Steelee (eksa nikotindependulo);Promesplena sed mallonga kariero;;;HUMURO;artikolo;;prozo originala
51 - 2020;oktobro;307;283-284;Giuseppe Campolo;La herbeto;;;BELETRO;prozo;;prozo originala
51 - 2020;oktobro;307;285;George Peresso;Mi kredis: nenio malaperas;Carmel Mallia;malta;BELETRO;poemo;;poezio tradukita
51 - 2020;oktobro;307;286-287;Giorgio Silfer;"""Pandemio"" de Lucio Fiorentino";;;LA SEPA ARTO;kino;;prozo originala
51 - 2020;oktobro;307;288-289;Marie-France Conde Rey;Justo en justico…;;;FEMINISMO;eseo;;eseo originala
51 - 2020;oktobro;307;290-293;Mikaelo Bronŝtejn;Ne sufiĉe konata en Esperantio;;;BELETRO;eseo;;prozo originala
51 - 2020;oktobro;307;294-295;Nenad Petroviĉ;Flirtema knabino kaj mi;Zlatoje Martinov;serba;BELETRO;rakonto;;prozo tradukita
51 - 2020;oktobro;307;296-299;Davide Astori;La Meslibro esperantigita;;;REDAKCIE;eseo;;anonco
51 - 2020;oktobro;307;300-304;Fernando Pita;Chomsky kaj semantiko: struktúraj demandoj;;;LINGVISTIKO;eseo;;eseo originala
51 - 2020;oktobro;307;305-306;Massimo Acciai Baggiani;Neniu historio estas senfina;;;BELETRO;mikronovelo;;prozo originala
51 - 2020;oktobro;307;307-311;Yolanda Oreamuno;El sia morna familio;Perla Martinelli;hispana;BELETRO;rakonto;;prozo tradukita
51 - 2020;oktobro;307;312-314;Valentin Melnikov;La fabelaj montoj de Anna;;;EN VITRINO;recenzo;"Anna Striganova (2016), Fabeloj pri malicaj estaĵoj;
Anna Striganova (2019), Fabeloj de la neserioza heroo";recenzo
51 - 2020;oktobro;307;315-316;Anina Stecay;Perpleksiga rakonto;;;EN VITRINO;recenzo;Lode van de Velde (2020),  La alieniĝo;recenzo
51 - 2020;oktobro;307;316-317;Paola Tosato;Rakontoj por brligi la vivon;;;EN VITRINO;recenzo;Julian Modest (2019), La ĉasisto de sonĝoj;recenzo
51 - 2020;oktobro;307;318;Perla Martinelli;Plia kontribuo de erudicio;;;EN VITRINO;recenzo;André Cherpillod (2019), Vortaro de la mitoj kaj mitologioj;recenzo
51 - 2020;decembro;308;323;Louise Glück;Kiam la suno sobas;Perla Martinelli;angla;UVERTURO;poezio;;poezio tradukita
51 - 2020;decembro;308;324-328;Chiara Macconi;Sin maski per ŝajna simpleco;Perla Martinelli;angla;KONKURSFAKO;eseo;;eseo tradukita
51 - 2020;decembro;308;329-331;Marie-France Conde Rey;Juliette Gréco: sezonoj de am’;;;MUZIKO;eseo;;eseo originala
51 - 2020;decembro;308;332-335;Natalia Ginzburg;Vintro en Abruzo;Perla Martinelli;itala;ESEO;historio;;eseo tradukita
51 - 2020;decembro;308;336;Elizabeth Greech;Viaj nigraj okuloj;Carmel Mallia;malta;BELETRO;poezio;;poezio tradukita
51 - 2020;decembro;308;337-340;Walter Żelazny;Nedeŝirebla unueco de kontraŭdiraj ideoj;;;KULTURPOLITIKO;historio;;eseo originala
51 - 2020;decembro;308;341-344;Ulf Schmidt;Brita amhistorio;Perla Martinelli;angla;SPECIALE PEN;prelego;;anonco
51 - 2020;decembro;308;345-346;José Saramago;Letero al Jozefa, mia avino;Paulo S. Viana;portugala;BELETRO;letero;;prozo tradukita
51 - 2020;decembro;308;347;Lorena Bellotti;"Laŭdifine ""nevideblaj"", ĉu?";;;FEMINISMO;artikolo;;eseo originala
51 - 2020;decembro;308;348-349;Massimo Acciai Baggiani;Ke vi povu vivi en interesaj tempoj;;;REDAKCIE;literatura konkurso;;anonco
51 - 2020;decembro;308;350-351;Laure Patas d’Illiers;Atendante Kerubenon;;;BELETRO;teatraĵo;;teatro originala
51 - 2020;decembro;308;352-353;Daniele Binaghi;Adiaŭ al Quino, patro de etulino kiu volis resanigi la mondon;;;ARTO;prezento;;eseo originala
51 - 2020;decembro;308;354-357;Renée Triolle kun apogo de Marc Chaminade;Festivalo pri kurtmetraĵoj;;;LA SEPA ARTO;kino;;prozo originala
51 - 2020;decembro;308;358-361;Vinko Ošlak;Honore al Eŭgeno de Zilah;;;MEMORE PRI;omaĝo;;nekrologo
51 - 2020;decembro;308;362-363;Anne Jausions;Eŭgeno kaj Lena, kune sub kverka ombro;;;MEMORE PRI;omaĝo;;nekrologo
51 - 2020;decembro;308;364-367;Fernando Pita;Chomsky hodiaŭ: la aŭtuno de l’ patriarko;;;LINGVISTIKO;eseo;;eseo originala
51 - 2020;decembro;308;368-371;Alessio Giordano;Neŭrolingvistiko, aŭ la kaŝita revolucio;;;BELETRO;prozo;Noam Chomsky (2010), Lingvo kaj menso;prozo originala
51 - 2020;decembro;308;372;Helmi Martikainen;Chomsky, Harris kaj la aliaj;;;ESEO;artikolo;;eseo originala
51 - 2020;decembro;308;373-376;Davide Astori;Holivuda planlingvistiko;;;EN VITRINO;recenzo;Federico Gobbo (2020), Introduction to Interlinguistics;recenzo
51 - 2020;decembro;308;376;senespera Eŭropuniano;La problemo de Eŭropo;;;HUMURO;artikoleto;;eseo originala
51 - 2020;decembro;308;377;Marie-France Conde Rey;BLK embarase misekvilibra;;;EN VITRINO;recenzo;"Diversaj aǔtoroj (2019), Baza Literatura Krestomatio, 
4a eldono";recenzo
51 - 2020;decembro;308;378-379;Carlo Minnaja;Plej bonaj dum la longa lukt’…;;;EN VITRINO;recenzo;Eva Tófalvy (2020), La liberiĝo;recenzo
51 - 2020;decembro;308;380-381;Fernando Pita;Renkontiĝo de poetoj;;;EN VITRINO;recenzo;Alberto Caeiro (heteronimo de Fernando Pessoa) (2019), La gardisto de gregoj, dua eldono, tr. Gonçalo Neves;recenzo
52 - 2021;februaro;309;3;Riichi Karibe;Nia kulturo post senkongresa jaro;;;ZAMENHOFOLOGIO;novjara saluto;;anonco
52 - 2021;februaro;309;4;La Redakcio;La esperanta kulturo plu vivas;;;NOVJARA SALUTO;novjara saluto;;anonco
52 - 2021;februaro;309;5;Mao Zifu;Sonĝo pri kandeloj;;;UVERTURO;poezio;;poezio originala
52 - 2021;februaro;309;6-10;Giorgio Silfer kaj Giuliano Turone;Danto kaj esperanto alimaniere;;;TEATRO;civila teatro;;teatro originala
52 - 2021;februaro;309;11-14;Albert Camus;La pesto, ĉapitro 5;Marie-France Conde Rey;franca;BELETRO;teatraĵo;;teatro tradukita
52 - 2021;februaro;309;15-18;Gabriella Greison - Perla Martinelli;Ĉi tiu historio povus bone finiĝi…;;;FEMINISMO;historio;;eseo originala
52 - 2021;februaro;309;19-20;Igor Severjanin;Ironio kaj liriko;Espopore;rusa;ESEO;eseo;;eseo tradukita
52 - 2021;februaro;309;21-22;Ivaniĉka Maĝarova;Sindonemo;;;BELETRO;mikronovelo;;prozo originala
52 - 2021;februaro;309;23;Biagio Trapani;Februaraj akvareloj;;;BELETRO;poezio;;poezio originala
52 - 2021;februaro;309;24-27;Davide Astori;Hodler la olda, esotera pentristo;;;ARTO;eseo;;eseo originala
52 - 2021;februaro;309;28;HeKo;Nia literaturo aktive reprezentata;;;SPECIALE PEN;dokumento;;anonco
52 - 2021;februaro;309;29-36;Giorgio Silfer;Lingvo por la loko preter la disigo;;;LA SEPA ARTO;historia eseo;;prozo originala
52 - 2021;februaro;309;37-41;Antonio Tabucchi;Asertas Pereira;Perla Martinelli;itala;BELETRO;romano;;prozo tradukita
52 - 2021;februaro;309;42-46;Elizabet Hautz;La koloro de l’ tristeco;;;LINGVISTIKO;eseo;;eseo originala
52 - 2021;februaro;309;47-50;Mikaelo Bronŝtejn;Rememoinda Eroŝenko;;;REDAKCIE;eseo;;anonco
52 - 2021;februaro;309;51-55;Cesare Garboli;Preface al la poezio de Sandro Penna;Nicolino Rossi;itala;ESEO;eseo;;eseo tradukita
52 - 2021;februaro;309;56-57;Marie-France Conde Rey;Tintas muziko;;;EN VITRINO;recenzo;Mikaelo Bronŝtejn (2018), Viv-teatro;recenzo
52 - 2021;februaro;309;58-59;Carlo Minnaja;Plia albiona romano pri romianoj;;;EN VITRINO;recenzo;Trevor Steele (2020), Paulus fondinto;recenzo
52 - 2021;februaro;309;60-62;Carlo Minnaja;Ne estas unu nur… subtenas faktoj;;;EN VITRINO;recenzo;Mark Fettes (2020), Ne estas fido nur. Elektitaj artikoloj kaj paroladoj el la jaroj 2010-2019;recenzo
52 - 2021;februaro;309;62;La Redakcio;Asembleo de LF-koop;;;REDAKCIE;anonco;;anonco
52 - 2021;aprilo;310;67;Josif Brodskij;Stancoj al la urbo;Mikaelo Bronŝtejn;rusa;UVERTURO;poezio;;poezio tradukita
52 - 2021;aprilo;310;68-70;Mikaelo Bronŝtejn;Brodskij kaj esperanto;;;MEMORE PRI;omaĝo;;nekrologo
52 - 2021;aprilo;310;71-74;Giuliano Turone;Danto kaj Hungario;;;BELETRO;eseo;;prozo originala
52 - 2021;aprilo;310;75-77;Giorgio Silfer;La ABK de poezio en 1921: Alighieri, Babits, Kalocsay;;;ESEO;eseo;;eseo originala
52 - 2021;aprilo;310;78-79;Giorgio Silfer;Ambicia projekto de KCE: Esplora Instituto de Esperantologio;;;TRADUKARTO;cirkulero;;anonco
52 - 2021;aprilo;310;80-81;Carlo Minnaja;La aktualeco de Leonardo Sciascia;;;REDAKCIE;prezento;;anonco
52 - 2021;aprilo;310;82-86;Davide Astori;Animo ĝentila sub ŝajne malmola ŝelo: Giorgio Canuto je la kvindekjariĝo de la forpaso;;;MEMORE PRI;eseo;;nekrologo
52 - 2021;aprilo;310;87-89;Renée Triolle;Plurlingva antologio el Kongolando;;;ESEO;eseo;;eseo originala
52 - 2021;aprilo;310;90-95;Anne Jausions;Imperistrino kaj multnaska patrino;;;FEMINISMO;eseo;;eseo originala
52 - 2021;aprilo;310;96-97;Marie-France Conde Rey;La libereco daŭre timigas;;;LA SEPA ARTO;historio;;prozo originala
52 - 2021;aprilo;310;98;Manuel Bandeira;Poetiko;Paulo S. Viana;portugala;BELETRO;prozpoemo;;poezio tradukita
52 - 2021;aprilo;310;99-105;Paolo Agostini;"Nova hipotezo pri la ""Uralaj"" lingvoj";;;LINGVISTIKO;enkonduko;;anonco
52 - 2021;aprilo;310;106-107;Soproma Gudzedzian;La ĉasisto;Alessio Sacha Giordano;svana;KULTURPOLITIKO;artikolo;;eseo tradukita
52 - 2021;aprilo;310;108-112;Maurice Druon;Tisto kun verdaj poleksoj;"Marie-France
Conde Rey";franca;INFANLITERATURO;fablo;;prozo tradukita
52 - 2021;aprilo;310;113-117;Carmel Mallia;Rablo-muroj, unua ĉapitro;;;BELETRO;romano;;poezio originala
52 - 2021;aprilo;310;118-119;Sandro Penna;Poezi-bukedo el Sandro Penna;Nicolino Rossi;itala;BELETRO;poemo;;poezio tradukita
52 - 2021;aprilo;310;120-121;Alessio Sacha Giordano;Esperantigo de la (nov)persa literaturo;;;EN VITRINO;recenzo;"Said Baluĉi (2021), Antologia skizo de la persa
literaturo";recenzo
52 - 2021;aprilo;310;122-123, 126;Anelli kaj Kalle Vilbaste;Sekreta ĝardeno kun fontana perloĉeno;;;EN VITRINO;recenzo;"Federica D’Antonino (soprano), Gaetano Merone (baritono), Francesco Cipullo (piano) (2019), Kanti klasike
en esperanto";recenzo
52 - 2021;aprilo;310;124-125;Laure Patas d’Illiers;Pasio patrina, ĉu inda je diskuto?;;;EN VITRINO;recenzo;Julian Modest (2020), Tra la padoj de la vivo;recenzo
52 - 2021;aprilo;310;125-126;Carlo Minnaja;Plia verko pri la iama orienteŭropo;;;EN VITRINO;recenzo;Julian Modest (2020), Sekreta taglibro;recenzo
52 - 2021;junio;311;131;Giorgio Silfer;"Post la spekto de ""Ama feografio""";;;UVERTURO;poezio;;poezio originala
52 - 2021;junio;311;132-139;Tomasz Chmielik;Grabowski, modelo por Esperantio;;;REDAKCIE;eseo;;anonco
52 - 2021;junio;311;140-143;Giuliano Turone;Danto kaj Francio;;;BELETRO;eseo;;prozo originala
52 - 2021;junio;311;144-148;Gerard Fritsch;"El ""Musko sur la ŝtonoj""";Klaus Perko;germana;BELETRO;romano;;prozo tradukita
52 - 2021;junio;311;149-153;Mikaelo Bronŝtejn;La plej vereca;;;ESEO;eseo;;eseo originala
52 - 2021;junio;311;154-156;Attila Salga;"Ĉe Danubo (el ""Absurdoj"")";Jozefo Horvath;hungara;HUMURO;eseo;;prozo tradukita
52 - 2021;junio;311;157-159;Raita Pyhälä;Notoj el la kronjaro;;;ESEO;artikolo;;eseo originala
52 - 2021;junio;311;160-161;Marie-France Conde Rey;La forto de malfortulinoj;;;LA SEPA ARTO;kino;;prozo originala
52 - 2021;junio;311;162-163;Marie-France Conde Rey;Festivalo sen festo;;;LA SEPA ARTO;kino;;prozo originala
52 - 2021;junio;311;164-167;Naira Velozo;Metaforo: nuntempaj kognaj perspektivoj;;;LINGVISTIKO;eseo;;eseo originala
52 - 2021;junio;311;168-171;Zalymqan Aqsyre;La granda eliro ĉerkesa;Alessio Sacha Giordano;kabardia;KULTURPOLITIKO;poezio;;poezio tradukita
52 - 2021;junio;311;172-173;Herbert Mayer;La amiko Vilmos;;;MEMORE PRI;omaĝo;;nekrologo
52 - 2021;junio;311;173-174;Carlo Minnaja;Antonio De Salvo, helpema al ĉiuj;;;MEMORE PRI;omaĝo;;nekrologo
52 - 2021;junio;311;175-179;Antonietta Dal Bo Alfonsi;Mireto kaj la luno;Carlo Minnaja;itala;INFANLITERATURO;rakonto;;prozo tradukita
52 - 2021;junio;311;180-182;Perla Martinelli;Doktorigo post cent kvindek jaroj;;;FEMINISMO;dokumento;;eseo originala
52 - 2021;junio;311;183-185;Kalle Vilbaste;"Misteraj eventoj pri ""la Barkarolo""";;;MUZIKO;biogramo;;eseo originala
52 - 2021;junio;311;186-187;Zlatoje Martinov;La serĉado de magia rondo;;;EN VITRINO;recenzo;Nenad Petroviĉ (2021), Rajski ožiljak / La Edena cikatro, dulingva eldono, serbe/esperante;recenzo
52 - 2021;junio;311;188-189;Carlo Minnaja;Luktoj kaj amo en Aŭstralio;;;EN VITRINO;recenzo;Trevor Steele (2020), La sangoruĝa flago;recenzo
52 - 2021;junio;311;189-190;Carlo Minnaja;Pasporto al pli bela mondo;;;EN VITRINO;recenzo;Antoine Cassar (2020), Pasporto;recenzo
52 - 2021;aŭgusto;312;195;Umberto Saba;"El ""Mediteraneaj""";Nicolino Rossi - Gaudenzio Pisoni;itala;UVERTURO;poezio;;poezio tradukita
52 - 2021;aŭgusto;312;196-198;Giuliano Turone;Danta Uliso kaj Homera Odiseo;;;BELETRO;eseo;;prozo originala
52 - 2021;aŭgusto;312;199-204;Primo Levi;Uliso en la infero nomata Aŭsvico;Clelia Conterno;itala;FILOZOFIO;eseo;;eseo tradukita
52 - 2021;aŭgusto;312;205-206;Giorgio Silfer;La patro de la itala planlingvistikoes;;;MEMORE PRI;omaĝo;;nekrologo
52 - 2021;aŭgusto;312;207-209;Sacha Giordano;Alĥemiaj originoj de interlingvistiko kaj ĝiaj mistikaj aspektoj;;;PLANLINGVISTIKO;dokumento;;eseo originala
52 - 2021;aŭgusto;312;210;Administra Komitato de LF-koop;Komuniko pri la rajtoj de la HdE-libroj;;;REDAKCIE;anonco;;anonco
52 - 2021;aŭgusto;312;211-213;Daniele Binaghi;Enterigo de vortaro: de problemoj ĝis amuziĝo;;;KULTURPOLITIKO;prelego;;eseo originala
52 - 2021;aŭgusto;312;214-220;Nicolino Rossi;Arto minora kun tonalo maĵora;Nicolino Rossi;roma dialekto;ESEO;eseo;;eseo tradukita
52 - 2021;aŭgusto;312;221;Ivaniĉka Maĝarova;Nokto kaj tago;;;BELETRO;poezio;;poezio originala
52 - 2021;aŭgusto;312;222-223;Xetaegkaty Leuany fyrt K’osta;La patrin’ de l’ orfoj;Alessio Sacha Giordano;oseta;KULTURPOLITIKO;poezio;;poezio tradukita
52 - 2021;aŭgusto;312;224-225;Marie-France Conde Rey;Fantasto amuze ironia;;;LA SEPA ARTO;filmo;;prozo originala
52 - 2021;aŭgusto;312;226-227;Julian Modest;Velko kaj la pano;;;BELETRO;novelo;;prozo originala
52 - 2021;aŭgusto;312;228-232;Yin Jiaxin;Dum la blokado;;;BELETRO;novelo;;prozo originala
52 - 2021;aŭgusto;312;233-236;Attila Salga;"La almozulo (el ""Absurdoj"")";Jozefo Horvath;hungara;BELETRO;novelo;;prozo tradukita
52 - 2021;aŭgusto;312;237-240;Marcel Aymé;La lupo;Marie-France Conde Rey;franca;INFANLITERATURO;fabelo;;prozo tradukita
52 - 2021;aŭgusto;312;241-245;Victor Hugo, Maia Osório;La klerismaj teorioj pri lingvaĵo;;;LINGVISTIKO;eseo;;eseo originala
52 - 2021;aŭgusto;312;246-250;Alix Parodi kaj Perla Martinelli;La virino kiu puzlis nacion;;;FEMINISMO;eeo;;eseo originala
52 - 2021;aŭgusto;312;251;Paulo Sérgio Viana;Ĉarma poliglota leoneto;;;EN VITRINO;recenzo;Lode Van de Velde (2021), La eta leono lernas aliajn blekojn;recenzo
52 - 2021;aŭgusto;312;252-253;Carlo Minnaja;Nekutima traduko el Ido;;;EN VITRINO;recenzo;Partaka (2021), Evangelio laǔ Partakael, tr. Gonçalo Neves;recenzo
52 - 2021;aŭgusto;312;253-254;Valentin Melnikov;Renversi… la rutinon;;;EN VITRINO;recenzo;Benoît Philippe (2008), Verse reversi;recenzo
52 - 2021;oktobro;313;259;Benoît Philippe;Ventoturno;;;UVERTURO;poezio;;poezio originala
52 - 2021;oktobro;313;260-265;Giuliano Turone kaj Perla Martinelli;Danto por nuntempaj infanoj: kiel rakonti la universalan poemon?;;;BELETRO;eseo;;prozo originala
52 - 2021;oktobro;313;266;Biagio Trapani;La vento;;;BELETRO;poezio;;poezio originala
52 - 2021;oktobro;313;267;Giorgio Silfer;Leen Deij daŭre inter ni;;;MEMORE PRI;omaĝo;;nekrologo
52 - 2021;oktobro;313;268-275;Vinko Ošlak;"La kvin signifoj de la vorto ""filozofio""";;;MEMORE PRI;omaĝo;;nekrologo
52 - 2021;oktobro;313;276-277;Chiara Macconi;Du vivoj por li, sed neniu por ŝi;;;SPECIALE PEN;historio;;anonco
52 - 2021;oktobro;313;278-279;Antonietta Dal Bo Alfonsi;Aŭtuno;Carlo Minnaja;itala;BELETRO;prozo;;prozo tradukita
52 - 2021;oktobro;313;280;Philip Sciberras;Larmo;Carmel Mallia;malta;BELETRO;poezio;;poezio tradukita
52 - 2021;oktobro;313;281-284;Dino Buzzati;La milita kanto;KCE-tradukrondo;itala;TRADUKARTO;prozo;;prozo tradukita
52 - 2021;oktobro;313;285-287;Daniele Binaghi;La fajro de kreemo malfacile estingiĝas;;;MUZIKO;eseo;;eseo originala
52 - 2021;oktobro;313;288-290;Renée Triolle;Elburĝoni inter du kulturoj;;;LA SEPA ARTO;rakonto;Kamir Aïnouz (2020), Cigare au miel (Mielcigaro) (filmo);prozo originala
52 - 2021;oktobro;313;291-295;Fernando Pita;La esperanto en Afriko (1);;;LINGVISTIKO;eseo;;eseo originala
52 - 2021;oktobro;313;296-297;Boris Jedghef;Mia patrina lingvo, la ĉerkesa;Alessio Sacha Giordano;ĉerkesa;KULTURPOLITIKO;poezio;;poezio tradukita
52 - 2021;oktobro;313;298-302;Davide Astori;Signolingvo oficiale agnoskita por itallingvaj surduloj;;;PLANLINGVISTIKO;eseo;;eseo originala
52 - 2021;oktobro;313;303-307;Marcel Aymé;La lupo (dua parto);Marie-France Conde Rey;franca;INFANLITERATURO;rakonto;;prozo tradukita
52 - 2021;oktobro;313;308;Carmel Mallia;Nova Pentekosto;;;BELETRO;poezio;;poezio originala
52 - 2021;oktobro;313;309-314;Andres Bickel;Temo gravega kaj daŭre aktuala;;;ESEO;eseo;;eseo originala
52 - 2021;oktobro;313;314-315;Carlo Minnaja;Ĝuinda diverstema libreto;;;EN VITRINO;recenzo;Valentin Melnikov (2021), Ni vivas, malgraǔ ĉio;recenzo
52 - 2021;oktobro;313;316-317;Hubert Michael Schweizer;Kritika aprezo de nova libro;;;EN VITRINO;recenzo;"Hermas (2020), La Paŝtisto, 
tr. el la greka kaj latina Gerrit Berveling";recenzo
52 - 2021;oktobro;313;318;Eldonejo kaj redakcio;Reala donaco anstataŭ virtuala regalo;;;NOVJARA SALUTO;festo;;anonco
52 - 2021;decembro;314;323;Nicolino Rossi;Vintra solstico;;;UVERTURO;poezio;;poezio originala
52 - 2021;decembro;314;324-329;Clelia Conterno;Dante, latino kaj la internacia lingvo;Carlo Minnaja;itala;ESEO;teatro;;teatro tradukita
52 - 2021;decembro;314;330-334;Carlo Minnaja;Ne nur poeto;;;HISTORIO;datreveno;;anonco
52 - 2021;decembro;314;334;Alfred Palma;La malta traduko de la “Dia Komedio”;Carmel Mallia;malta;REDAKCIE;aktuale;;anonco
52 - 2021;decembro;314;335-336;Itala Vivan;Abdulrazak Gurnah: la historioj rabitaj al la silento;Perla Martinelli;itala;KONKURSFAKO;konkurso;;anonco
52 - 2021;decembro;314;337-338;Abdulrazak Gurnath;El kaĝoj, Postvivoj, Paradizoj;Beril Nilsson;angla;KONKURSFAKO;prozo;;prozo tradukita
52 - 2021;decembro;314;339;Conceicao Evaristo;Voĉoj-virinoj;Paulo Sérgio Viana;portugala;BELETRO;poezio;;poezio tradukita
52 - 2021;decembro;314;340-341;Martina Martinez Tuya;La heredaĵo de Baudelaire;Perla Martinelli;hispana;REDAKCIE;eseo;;anonco
52 - 2021;decembro;314;342-347;Lao She;La mateno de la hundo;Vejdo;ĉina;BELETRO;novelo;;prozo tradukita
52 - 2021;decembro;314;348-349;Daniele Binaghi;Miĉjo Muso iras al infero (sed poste revenas);;;ARTO;bildrakonto;;prozo originala
52 - 2021;decembro;314;350-351;Julian Modest;La bluaj sinceraj okuloj;;;BELETRO;novelo;;prozo originala
52 - 2021;decembro;314;352-353;Giorgio Silfer;Mihok en holokaŭsta versio;;;LA SEPA ARTO;kino;;prozo originala
52 - 2021;decembro;314;354-358;Fernando Pita;La esperanto de Afriko (2): iom pri la historio de la joruba;;;LINGVISTIKO;artikolo;;eseo originala
52 - 2021;decembro;314;359-361;Edward Sapir;Lingvo kaj literaturo;Alessio Sacha Giordano;angla;ESEO;prozo;;prozo tradukita
52 - 2021;decembro;314;362-364;Carmel Mallia;Vid-al-vide de Sankta Paŭlo;;;FILOZOFIO;eseo;;eseo originala
52 - 2021;decembro;314;365-366;Giorgio Silfer;Gloso pri Satre kaj de Zilah;;;FILOZOFIO;eseo;;eseo originala
52 - 2021;decembro;314;367-368;Perla Martinelli (eksa SAT-ano);SAT centjara: hieraŭo kaj morgaŭo;;;HISTORIO;artikolo;;eseo originala
52 - 2021;decembro;314;369-375;Claude Gacond;Granda bibliografio de Ido;;;BELETRO;prozo;;prozo originala
52 - 2021;decembro;314;376-377;Tazio Carlevaro;Antologio pri io plene natura;;;EN VITRINO;recenzo;Giorgio Silfer, red. (2021), Verda stelo kaj roza triangulo;recenzo
52 - 2021;decembro;314;378-379;Carlo Minnaja;Egocentre pri historiaj eventoj;;;EN VITRINO;recenzo;Sten Johansson (2020),  Sesdek ok;recenzo
52 - 2021;decembro;314;380-381;Marie-France Conde Rey;De knabeco al matureco;;;EN VITRINO;recenzo;"Mikaelo Bronŝtejn (2018), Lecionoj por knabo; Mikaelo Bronŝtejn (2020),  Lecionoj por viro";recenzo
52 - 2021;decembro;314;381;La Redakcio;Omaĝo al du gravaj kunlaborintoj;;;MEMORE PRI;rememoro;;nekrologo
52 - 2021;decembro;314;382;La Redakcio;Programoj 2022;;;REDAKCIE;anonco;;anonco
53 - 2022;februaro;315;3;Benoît Philippe;Brulligno;;;UVERTURO;poezio;;poezio originala
53 - 2022;februaro;315;4-8;Giorgio Silfer;La kabareda periodo de Julio Baghy;;;ESEO;prozo;;prozo originala
53 - 2022;februaro;315;9-11;Mikaelo Bronŝtejn;"Prefaco el la nova romano ""Simeono""";;;BELETRO;romano;;poezio originala
53 - 2022;februaro;315;12-13;Wally du Temple;Esperanto formiĝis kosme;;;BELETRO;poezio;;poezio originala
53 - 2022;februaro;315;14-15;Daniele Binaghi;La vera mirindaĵo de Encanto La sesdeka kartuno de Disney;;;BILDLITERATURO;kartuno;;prozo originala
53 - 2022;februaro;315;16-17;Marie-France Conde Rey;Elekti sian vivon;;;FEMINISMO;historio;;eseo originala
53 - 2022;februaro;315;18-20;Alice Rivaz;La amorplenumo;Marie-France Conde Rey;franca;BELETRO;novelo;;prozo tradukita
53 - 2022;februaro;315;21-24;Nedim Türfent, Chiara Macconi;La animo kaj la besto;;;SPECIALE PEN;poezio;;anonco
53 - 2022;februaro;315;25-31;Fabrizio A. Pennachietti;Kipro, Kition kaj la Asirianoj;;;HISTORIO;eseo;;eseo originala
53 - 2022;februaro;315;32-34;Marie-France Conde Rey;Neĝkovrita, heterodoksa (preskaŭ)vakerfilmo;;;LA SEPA ARTO;filmo;;prozo originala
53 - 2022;februaro;315;35;Carmel Mallia;Daphne la nevenkebla;;;BELETRO;poemo;;poezio originala
53 - 2022;februaro;315;36;Carmel Mallia;La malta popolo manifestacias por la vero;;;ESEO;artikolo;;eseo originala
53 - 2022;februaro;315;37-39;Alessio Giordano;Gianbattista Vico kaj origino de lingvoj Je la marĝenoj de lingvistiko (1);;;KULTURPOLITIKO;eseo;;eseo originala
53 - 2022;februaro;315;40-44;Trevor Steelee;Novaj horizontoj (1);;;BELETRO;prozo;;prozo originala
53 - 2022;februaro;315;45-49;Fernando Pita;La esperanto de Afriko (3): iom pri la historio de la joruba;;;LINGVISTIKO;artikolo;;eseo originala
53 - 2022;februaro;315;50;Elena Popova;En la mondo de Picasso;;;BELETRO;poezio;;poezio originala
53 - 2022;februaro;315;51-52;Massimo Acciai Baggiani;Gravita inverso;;;BELETRO;filmo;;prozo originala
53 - 2022;februaro;315;53-60;Vinko Ošlak;Mastro de la mondo Distopia romano de Robert Hugh Benson;;;BELETRO;prozo;;prozo originala
53 - 2022;februaro;315;61-62;Julian Modest;Rimarkinda veturado al bluaj planedoj;;;EN VITRINO;recenzo;Laure Patas d’Illiers (2021), Sur bluaj planedoj;recenzo
53 - 2022;aprilo;316;67;Nicolino Rossi;Printempa ekvinokso;;;UVERTURO;poezio;;poezio originala
53 - 2022;aprilo;316;68-73;Giorgio Silfer;Inter poeto-fratoj kaj judaj mecenatoj;;;ESEO;historia eseo;;eseo originala
53 - 2022;aprilo;316;74-77;Daniele Binaghi;Maus: pri musoj kaj homoj;;;BILDLITERATURO;komikso;;prozo originala
53 - 2022;aprilo;316;78-79;Perla Martinelli;Pare atingi celon, sen rankoro;;;FEMINISMO;historio;;eseo originala
53 - 2022;aprilo;316;80-84;Fabrizio A. Pennachietti;La aventuro de mia iraka tomboŝtono;;;KULTURPOLITIKO;aventuro;;eseo originala
53 - 2022;aprilo;316;85-90;Trevor Steelee;Novaj horizontoj (fino);;;BELETRO;prozo;;prozo originala
53 - 2022;aprilo;316;91;Benoît Philippe;Semaforo-ruĝe;;;BELETRO;poezio;;poezio originala
53 - 2022;aprilo;316;92;La Redakcio;Franko kaj Anatolo nin adiaŭis;;;MEMORE PRI;omaĝo;;nekrologo
53 - 2022;aprilo;316;93;Marie-France Conde Rey;Originala nuntempa voĉo;;;HISTORIO;artikolo;;eseo originala
53 - 2022;aprilo;316;94-95;Annie Ernaux;Abortigo: drama evento en viv-itinero;Marie-France Conde Rey;franca;ESEO;artikolo;;eseo tradukita
53 - 2022;aprilo;316;96-97;Marie-France Conde Rey;Ne forgesu la iamajn luktojn…;;;LA SEPA ARTO;kino;Audrey Diwan (2021),  L’Evénément (La evento) (filmo);prozo originala
53 - 2022;aprilo;316;98-99;La Redakcio;Alvoko de kvindek Nobel-premiitoj;;;REDAKCIE;premio;;anonco
53 - 2022;aprilo;316;100-101;Paolo P. Agostini;Fru-mezepokaj paganaj ritoj de Kaŭkazio;;;FILOZOFIO;eseo;;eseo originala
53 - 2022;aprilo;316;102-104;Alessio Giordano;Cesarotti kaj la filozofio de la lingvoj Je la marĝenoj de lingvistiko (2);;;KULTURPOLITIKO;eseo;;eseo originala
53 - 2022;aprilo;316;105-109;Fernando Pita;La esperanto de Afriko (fino) Ceteraj gramatikaj kategorioj kaj konkludo;;;LINGVISTIKO;eseo;;eseo originala
53 - 2022;aprilo;316;110-112;Carlo Minnaja;Verko pri konkero de la estonto;;;MEMORE PRI;omaĝo;;nekrologo
53 - 2022;aprilo;316;113-114;Bohdana Jehorova;En la polmoj de mia avinjo;Petro Palivoda;ukraina;BELETRO;novelo;;prozo tradukita
53 - 2022;aprilo;316;114;Paulo Sérgio Viana;Persiko;Paulo Sérgio Viana;portugala;BELETRO;poemo;;poezio tradukita
53 - 2022;aprilo;316;115-120;Giuseppe Campolo;Kopirajto al la Reĝino;Carlo Minnaja;itala;HUMURO;eseo;;prozo tradukita
53 - 2022;aprilo;316;121;Elena Popova;Hajkoj laŭ Cezanne;;;BELETRO;hajkoj;;poezio originala
53 - 2022;aprilo;316;122-124;Jozefo Horváth;Brilo en ombro de grandaj literaturoj;;;EN VITRINO;recenzo;Ivan Tavçar (2021), La kroniko de Visoko, tr. Vinko Ošlak;recenzo
53 - 2022;aprilo;316;125-126;Carlo Minnaja;Poezio enkondukas poezion;;;EN VITRINO;recenzo;Federico García Lorca (2021), Cigana romancaro,  tr. Fernando de Diego;recenzo
53 - 2022;junio;317;131;Trilussa;La lulkanto de l’ milito;Giorgio Silfer;roma dialekto;UVERTURO;poezio;;poezio tradukita
53 - 2022;junio;317;132;Riichi Karibe;Rezolucio pri la milito en Ukrajno;;;KULTURPOLITIKO;dokumento;;eseo originala
53 - 2022;junio;317;133;De La Kapitulo;Kial ne ankaŭ Zamenhof, Hodler, Lanti?;;;KOMENTARIO;dokumento;;eseo originala
53 - 2022;junio;317;134-136;Nicolino Rossi;La Nigraj Randantoj de Apokalipso;;;BELETRO;novelo;;prozo originala
53 - 2022;junio;317;137-139;Helmi Martikainen;Detruado de bibliotekoj;;;HISTORIO;eseo;;eseo originala
53 - 2022;junio;317;140-143;Giorgio Silfer;Inkubsonĝe sub pomarbo de Julio Kolomano trovos Piron kaj PoMEGon…;;;ESEO;eseo;;eseo originala
53 - 2022;junio;317;144-145;Raita Pyhälä;Arto ne estas nur por viroj;;;ARTO;artikolo;;eseo originala
53 - 2022;junio;317;146;Elena Popova;Reveno al naskiĝloko;;;BELETRO;poezio;;poezio originala
53 - 2022;junio;317;147-149;Marie-France Conde Rey;Tiu nepuninda malvirto...1 Rigardo al la porinfana esperanto-literaturo;;;INFANLITERATURO;artikolo;;prozo originala
53 - 2022;junio;317;150-151;Daniele Binaghi;Taŭga por infanoj, sed ne nur…;;;BILDLITERATURO;komikso;;prozo originala
53 - 2022;junio;317;152-160;Fabrizio A. Pennachietti;Alternativa hipotezo pri la origino de la graka alfabeto;;;LINGVISTIKO;eseo;;eseo originala
53 - 2022;junio;317;161;Carmel Mallia;Viskio por kalmiĝi: Rusio-Ukrainio 2022;;;BELETRO;poezio;;poezio originala
53 - 2022;junio;317;162-164;Renée Triolle;Kiel oni trudas falsajn memorojn;;;LA SEPA ARTO;filmo;Christos Nikou (2020),  Apples / Mila (Pomoj);prozo originala
53 - 2022;junio;317;163;Marie-France Conde Rey;Virinaj voĉoj;;;LA SEPA ARTO;filmfestivalo;;anonco
53 - 2022;junio;317;165-167;Perla Martinelli;La judino kiu plaĉus al Lanti;;;FEMINISMO;eseo;;eseo originala
53 - 2022;junio;317;168-169;Redakcio;11a Kultura Esperanto-Festivalo, Ĉaudefono 9-15 aŭgusto 2022;;;REDAKCIE;programo;;anonco
53 - 2022;junio;317;170-171;Alessio Giordano;Leopardi, pri klerula vortaro universala Je la marĝenoj de lingvistiko (3);;;KULTURPOLITIKO;artikolo;;eseo originala
53 - 2022;junio;317;172-176;Giorgio Silfer;De projektita homara interlingvo al teorie homarana, fakte diaspora intralingvo;;;KULTURPOLITIKO;eseo;;eseo originala
53 - 2022;junio;317;177-182;Laure Patas d’Illiers;La bona vivo;;;BELETRO;novelo;;prozo originala
53 - 2022;junio;317;183-186;Trevor Steelee;Voĉo de ekstere;;;ESEO;eseo;Anthony Borgia (2016), La Vivo en la Nevidata Mondo, tr. Mokynis;eseo originala
53 - 2022;junio;317;187-189;Vinko Ošlak;Pri kio fakte temas?;;;EN VITRINO;recenzo;Anthony Borgia (2016), La Vivo en la Nevidata Mondo, tr. Mokynis;recenzo
53 - 2022;junio;317;189-190;Paola Tosato;Leĝera sed ne banala prozo;;;EN VITRINO;recenzo;Julian Modest (2021), La fera birdo;recenzo
53 - 2022;aŭgusto;318;195;Benoît Philippe;La skatolulo;;;UVERTURO;poezio;;poezio originala
53 - 2022;aŭgusto;318;196-199;Giorgio Silfer;De arĝente duopa voĉtubo al ora eldonejo kun asocia cirkvito;;;ESEO;eseo;;eseo originala
53 - 2022;aŭgusto;318;200-202;Mikaelo Bronŝtejn;Kio pli babela ol ukrajna judo?;;;BELETRO;eseo;;poezio originala
53 - 2022;aŭgusto;318;203-207;Isaak Babel, Mikaelo Bronŝtejn;"La Reĝo El ""Odesaj rakontoj""";Mikaelo Bronŝtejn;rusa;BELETRO;rakonto;;prozo tradukita
53 - 2022;aŭgusto;318;208-210;Giorgio Silfer;Inter infero kaj paradizo en Budapeŝto: la enigma mondo de Hieronymus Bosch;;;ESEO;eseo;;eseo originala
53 - 2022;aŭgusto;318;211-212;Giuseppe Campolo;Libido;Nicolino Rossi;itala;BELETRO;poezio;;poezio tradukita
53 - 2022;aŭgusto;318;213-214;Magda Azzi;La danco de la vivo;Carlo Minnaja;itala;ESEO;eseo;;eseo tradukita
53 - 2022;aŭgusto;318;215;Riichi Karibe;Originala bildromaneto pri Esperantio;;;KULTURPOLITIKO;bildromaneto;;prozo originala
53 - 2022;aŭgusto;318;216-219;Alessio Giordano;Kanti la mizeron de la kaŭkazaj montaranoj La poezia arto de Xetaegkaty…;;;KULTURPOLITIKO;eseo;;eseo originala
53 - 2022;aŭgusto;318;220-221;Carmel Mallia;El prizonulo al gvidanto de popola liberiĝo;;;HISTORIO;eseo;;eseo originala
53 - 2022;aŭgusto;318;222-223;Daniele Binaghi;Watchmen, aŭ: kiu gardas la gardistojn?;;;BILDLITERATURO;bildromano;;prozo originala
53 - 2022;aŭgusto;318;224-225;Marie-France Conde Rey;Nur preskaŭ… sed inda;;;LA SEPA ARTO;kino;Bernard Campan kaj Alexandre Jollien (2021), Presque (Preskaǔ) (filmo);prozo originala
53 - 2022;aŭgusto;318;226;Esperanta Naturamikaro;Naturamika Kultursemajno ene de Rozoj kun aliĝilo;;;REDAKCIE;anonco;;anonco
53 - 2022;aŭgusto;318;227-232;Fabrizio A. Pennachietti;Prilingvaj pensvagadoj laŭlonge de kontinenta akso;;;LINGVISTIKO;eseo;;eseo originala
53 - 2022;aŭgusto;318;233;Dimitrije Jariĉiĉ;Post la amo;;;BELETRO;poezio;;poezio originala
53 - 2022;aŭgusto;318;234-239;Fernando Pita;Okaze de la centjariĝo de Occidental;;;PLANLINGVISTIKO;eseo;;eseo originala
53 - 2022;aŭgusto;318;240-241;Alessio Giordano;Cattaneo, pri lingvoj kaj dialektoj Je la marĝeno de lingvistiko (4);;;KULTURPOLITIKO;artikolo;;eseo originala
53 - 2022;aŭgusto;318;242-245;Perla Martinelli;"Estis virino la vera kreinto de la mondfama tabloludo ""Monopoly""";;;FEMINISMO;eseo;;eseo originala
53 - 2022;aŭgusto;318;246-249;Paolo Agostini;Ni subtaksas la stultulojn kaj ni faras tion je nia propra risko;;;HUMURO;eseo;;prozo originala
53 - 2022;aŭgusto;318;250-251;Carlo Minnaja;Amo eterna neceso;;;EN VITRINO;recenzo;Cho Sung Ho (2022), Bunsun kaj Aiko – Rememore al Mia Unua Amo, dua eldono;recenzo
53 - 2022;aŭgusto;318;251-252;Julian Modest;La rava poezio de kolorflugludiloj;;;EN VITRINO;recenzo;Ivaniĉka Maĝarova (2022), Kolorflugludiloj;recenzo
53 - 2022;aŭgusto;318;253-254;Giuseppe Pranzo-Zaccaria;Senvolaj kurbiĝoj;;;EN VITRINO;recenzo;Claudio Magris (2021), Tempo kurba en Krems, tr. C. Minnaja;recenzo
53 - 2022;oktobro;319;259-260;Michael Roads;La Universala Arbo;Amir Naor;angla;UVERTURO;kanzono;;poezio tradukita
53 - 2022;oktobro;319;261-263;Giorgio Silfer;Kun Rushdie de Santiago al Novjorko: fino de nia sesa literaturhistoria periodo;;;ESEO;eseo;;eseo originala
53 - 2022;oktobro;319;264-268;Carlo Minnaja;Dediĉi numerojn al speciala lando dum tuta jaro: jen laŭdinda ideo;;;ESEO;eseo;;eseo originala
53 - 2022;oktobro;319;269-275;Giorgio Silfer;Gvendolena la blanke-brova;;;TEATRO;kamiŝibajo;;teatro originala
53 - 2022;oktobro;319;276-278;Marie-France Conde Rey;Moderna tragedio;;;LA SEPA ARTO;eseo;Rodrigo Sorogoyen kun Denis Ménochet (2022), As Bestas (La bestoj) (filmo);prozo originala
53 - 2022;oktobro;319;279-282;Fernando Pita;La pilgrimanto de lingvoj;;;PLANLINGVISTIKO;eseo;;eseo originala
53 - 2022;oktobro;319;283-287;Elia Calligari;Esperanto inter adopta kaj denaska lingvo: kial antaŭjuĝas la profesiaj lingvistoj?;;;KULTURPOLITIKO;eseo;;eseo originala
53 - 2022;oktobro;319;288-289;Redakcio;Programo de la 1a Naturamika KulturSemajno en Esperanto, Rozoj (Costa Brava), 9 oktobro 2022;;;REDAKCIE;programo;;anonco
53 - 2022;oktobro;319;290;Biagio Trapani;Kortremo;;;BELETRO;poezio;;poezio originala
53 - 2022;oktobro;319;291-301;Alessio Giordano;Sekso kaj genro en nia percepto pri la lingvo;;;KULTURPOLITIKO;eseo;;eseo originala
53 - 2022;oktobro;319;302-311;Vinko Ošlak;Pahor, inter ombroj kaj sombroj;;;MEMORE PRI;nekrologo;;nekrologo
53 - 2022;oktobro;319;312-317;Benoît Philippe;Aspirata mondofino;;;EN VITRINO;recenzo;Samuel Beckett (2018), Finalo de partio, tr. Tradukrondo de KCE;recenzo
53 - 2022;oktobro;319;318;Carlo Minnaja;Imperiestra Brazilo;;;EN VITRINO;recenzo;Machado de Assis (2021), Malnova domo, tr. Paǔlo Viana;recenzo
53 - 2022;decembro;320;323;Nicolino Rossi;Du korelverŝoj;;;UVERTURO;poezio;;poezio originala
53 - 2022;decembro;320;-324;HeKo;Sukcesa reprezento en la mondkongreso;;;SPECIALE PEN;eseo;;anonco
53 - 2022;decembro;320;325;Redakcio;Arto kaj politiko;;;KONKURSFAKO;eseo;;eseo originala
53 - 2022;decembro;320;326-329;Giorgio Silfer;Griza epilogo helpas krei legendon;;;ESEO;eseo;;eseo originala
53 - 2022;decembro;320;330-337;Viačeslav A. Čirikba;Ĉu la patrino de Leonardo da Vinci estis orienta sklavino el Kaŭkazio? (1);;;ESEO;eseo;;eseo originala
53 - 2022;decembro;320;338-340;Daniele Binaghi;Marmonstroj, infanoj kaj stereotipoj;;;BILDLITERATURO;eseo;;prozo originala
53 - 2022;decembro;320;341-346;Andres Bickel;Leciono pri kulturo;;;HUMURO;eseo;;prozo originala
53 - 2022;decembro;320;347;Redakcio;Paco serĉata pere de scienco;;;FEMINISMO;eseo;;eseo originala
53 - 2022;decembro;320;348-351;Alessio Giordano;Lingvistiko kaj filozofio de la lingvaĵo;;;KULTURPOLITIKO;eseo;;eseo originala
53 - 2022;decembro;320;352-354;Marie-France Conde Rey;Ekologio en praktiko;;;LA SEPA ARTO;eseo;Marie-Monique Robin, kun Juliette Binoche (2022), La Fabrique des pandémies (La fabriko de pandemioj) (filmo);prozo originala
53 - 2022;decembro;320;355-356;Giorgio Silfer;Ŝia Reĝina Moŝto Elizabeta la Dua;;;MEMORE PRI;nekrologo;;nekrologo
53 - 2022;decembro;320;357-362;Yin Jiaxin;Ponto super rivero Baro;;;BELETRO;prozo;;prozo originala
53 - 2022;decembro;320;363-366;Fernando Pita;La pilgrimanto de lingvoj (2);;;PLANLINGVISTIKO;eseo;;eseo originala
53 - 2022;decembro;320;367;Elena Popova;Tera beleco - la naturo laŭ Van Gogh;;;BELETRO;poezio;;poezio originala
53 - 2022;decembro;320;368-372;Perla Martinelli;Kiel la plurlingveco povintus fortigi Eŭropon;;;KULTURPOLITIKO;eseo;;eseo originala
53 - 2022;decembro;320;373;Licius;El ĉina antikva poezio;;;BELETRO;poezio;;poezio originala
53 - 2022;decembro;320;374-375;Carlo Minnaja;Felo de taŭro aŭ duoninsulo rekunkudrota?;;;EN VITRINO;recenzo;Salvador Espriu (2021), La pell de brau / La taŭrofelo, tr. Abel Montagut;recenzo
53 - 2022;decembro;320;376-378;Herbert Mayer;Promeni tra la historio en Vieno;;;EN VITRINO;recenzo;Sten Johansson (2021), Secesio;recenzo
53 - 2022;decembro;320;378;Zlatoje Martinov;Omaĝe al kunlaborinto;;;MEMORE PRI;nekrologo;;nekrologo
53 - 2022;decembro;320;379-380;Giorgio Silfer;"Pri la ""Lingvopolitikaj Pozicioj"" de TEJO";;;KULTURPOLITIKO;eseo;;eseo originala
53 - 2022;decembro;320;381;Trevor Steelee;Diabla verko?;;;KOMENTARIO;eseo;;eseo originala
53 - 2022;decembro;320;382;Giuseppe Campolo;Retropenso de verkisto;;;BELETRO;poezio;;poezio originala
53 - 2022;decembro;320;382;Alessio Giordano;Kara leganto;;;NOVJARA SALUTO;artikolo;;eseo originala
53 - 2023;februaro;321;3;José Luis Pérez Feuillerat;Per voĉo kria;Perla Martinelli;hispana;UVERTURO;poezio;;poezio tradukita
53 - 2023;februaro;321;4;Riichi Karibe;Kaj tamen ni esperu en pli paca 2023;;;NOVJARA SALUTO;artikolo;;eseo originala
53 - 2023;februaro;321;5-9;Giorgio Silfer;Koncize pri la kontribuo de la Universalaj;;;HISTORIO;eseo;;eseo originala
53 - 2023;februaro;321;10-12;Trevor Steelee;Kie troviĝos hejmo?;;;BELETRO;prozo;;poezio originala
53 - 2023;februaro;321;13-14;Marie-France Conde Rey;Du steloj renkontiĝis...;;;ESEO;eseo;;eseo originala
53 - 2023;februaro;321;15-18;René Goscinny, Jean-Jacques Sempé;Buljono;Marie-France Conde Rey;franca;INFANLITERATURO;prozo;;prozo tradukita
53 - 2023;februaro;321;19-23;Judit Felszeghy;La lasta libro;;;BELETRO;prozo;;prozo originala
53 - 2023;februaro;321;24;Mao Zifu;Cent jaroj da soleco;;;BELETRO;poezio;;poezio originala
53 - 2023;februaro;321;25-30;Herbert Mayer;Esperantomuzeo kaj aventuroj;;;HISTORIO;eseo;;eseo originala
53 - 2023;februaro;321;31;Redakcio;Nova jaro, nova elano!;;;NOVJARA SALUTO;artikolo;;eseo originala
53 - 2023;februaro;321;32-33;Giorgio Silfer;Kortuŝa filmo pri anarkiisto kaj esperantisto;;;LA SEPA ARTO;recenzo;"Claudia Cipriani (2022), 
“Pino, hazarda vivo de anarkiisto” (filmo)";recenzo
53 - 2023;februaro;321;34-35;Renée Triolle;Niviaq Korneliussen, ina voĉo de la groenlanda junularo;;;FEMINISMO;eseo;;eseo originala
53 - 2023;februaro;321;36-39;Fabrizio A. Pennachietti;Johano Baptisto, edzo kaj patro!?;;;ESEO;eseo;;eseo originala
53 - 2023;februaro;321;40-48;Viačeslav A. Čirikba;Ĉu la patrino de Leonardo da Vinci estis orienta sklavino el Kaŭkazio? (2);;;ESEO;eseo;;eseo originala
53 - 2023;februaro;321;49-53;Rubèn Fernández Asensio;Pri bibliotekoj kaj arĥivoj (1);;;KULTURPOLITIKO;eseo;;eseo originala
53 - 2023;februaro;321;54-56;Alessio Giordano;Kia identeco por la grekoj en Kartvelio?;;;KULTURPOLITIKO;eseo;;eseo originala
53 - 2023;februaro;321;57-60;Michelle Silva de Lima Delfino;Sencokonstruado: la spertisma vidpunkto;;;LINGVISTIKO;eseo;;eseo originala
53 - 2023;februaro;321;61-62;Carlo Minnaja;Reciproka respekto bele fruktas;;;EN VITRINO;recenzo;Tazio Carlevaro (2022), Esperantal Antologio en Idolinguo;recenzo
54 - 2023;aprilo;322;67;Nicolino Rossi;Fatala matutino;;;UVERTURO;poezio;;poezio originala
54 - 2023;aprilo;322;68;Perla Martinelli;Ĉiu virino povus esti Nobela!;;;FEMINISMO;artikolo;;eseo originala
54 - 2023;aprilo;322;69-72;Giorgio Silfer;Emfaze pri la kontribuo de la Laboristaj;;;HISTORIO;eseo;;eseo originala
54 - 2023;aprilo;322;73-74;Giorgio Silfer / Burnham Sönmez;Renkonto kun Burhan Sönmez;;;SPECIALE PEN;intervjuo;;intervjuo
54 - 2023;aprilo;322;75-78;Burhan Sönmez;Istanbul’ Istanbulo;Vasil Kadifeli;turka;ESEO;eseo;;eseo tradukita
54 - 2023;aprilo;322;79-81;Bert Boon;La danĝera lingvaĵo;;;ESEO;eseo;;eseo originala
54 - 2023;aprilo;322;82;Elena Popova;Delacroix: provo pri kompreno;;;BELETRO;poezio;;poezio originala
54 - 2023;aprilo;322;83-89;Nicolino Rossi;Marjorie Boulton, vort-perfekto;;;ESEO;eseo;Marjorie Boulton (2022), Unu animo homa, duvoluma poemaro;eseo originala
54 - 2023;aprilo;322;90-93;Alessio Giordano;Flugas ĉiam malpli da hirundoj;;;KULTURPOLITIKO;eseo;;eseo originala
54 - 2023;aprilo;322;94-97;Raita Pyhälä;HS: arto eŭropa, eĉ tutmonda;;;ARTO;eseo;;eseo originala
54 - 2023;aprilo;322;98-103;Yin Jiaxin;Kara Tigrido;;;BELETRO;prozo;;prozo originala
54 - 2023;aprilo;322;104-107;Rubèn Fernández Asensio;Pri bibliotekoj kaj arĥivoj (2);;;KULTURPOLITIKO;prelego;;eseo originala
54 - 2023;aprilo;322;108-112;Fernanda Lessa Pereira;Ls kontribuo de Gramática Portugesa al la esploroj pri historiografio de lingvistiko;;;LINGVISTIKO;eseo;;eseo originala
54 - 2023;aprilo;322;113-120;Andres Bickel;Vojaĝi per ruldomo kaj per esperanto;;;SPECIALE KCE;eseo;;eseo originala
54 - 2023;aprilo;322;121;Wally du Temple;Mi, esperanta ĉe restoracio Gauguin;;;BELETRO;poezio;;poezio originala
54 - 2023;aprilo;322;122-124;Marie-France Conde Rey;De intimaj decidoj al politika agado;;;LA SEPA ARTO;eseo;Blandine Lenoir, kun Laure Calamy (2023), Annie colère (Kolera Anni) (filmo);prozo originala
54 - 2023;aprilo;322;125-126;Carmel Mallia;Insulaj procesoj kaj piroteknikaĵoj;;;EN VITRINO;recenzo;Carmel Mallia (2021), Opuntioj;recenzo
54 - 2023;junio;323;131;Etel Zavadlav;Sango doloras;;;UVERTURO;poezio;;poezio originala
54 - 2023;junio;323;132;Riichi Karibe Konsulo de la Esperanta Civito;La arĝenta jubileo de la Pakto bonaŭguras;;;NOVJARA SALUTO;historio;;eseo originala
54 - 2023;junio;323;133-139;Giorgio Silfer;"De “La Juna Vivo"" ĝis la Junulara livo";;;HISTORIO;eseo;;eseo originala
54 - 2023;junio;323;140-144;Carlo Minnaja;Pli ol nekrologo, memoro;;;MEMORE PRI;omaĝo;;nekrologo
54 - 2023;junio;323;145-146;István Szabolcs prezidinto de HEA;"“La tragedio de l’ homo"" aperis en la malta!";;;ESEO;eseo;;eseo originala
54 - 2023;junio;323;147-149;Stan Keable;Jud-angla literatura juvelo nun retrovita;;;ESEO;prozo;;prozo originala
54 - 2023;junio;323;150-152;Juan García del Río prezidanto de ENA;Miraso kaj la Barcelona ĵazo (1973-1977);;;MUZIKO;eseo;;eseo originala
54 - 2023;junio;323;153-156;Mikaelo Bronŝtejn;En epoko kanajla nia…;;;MUZIKO;eseo;;eseo originala
54 - 2023;junio;323;157-159;Perla Martinelli;Colette feminisma? Ne, nur egoisma;;;FEMINISMO;eseo;;eseo originala
54 - 2023;junio;323;160-162;Renée Triolle;Rajto je infano?;;;LA SEPA ARTO;eseo;Carlo Sironi (2020), Sole (Suno) (filmo);prozo originala
54 - 2023;junio;323;163;Alessio Giordano;Ree pri la patrino de Leonardo da Vinci;;;ESEO;artikolo;;eseo originala
54 - 2023;junio;323;164-166;Nicolino Rossi;Inter realo kaj fantazio;;;BELETRO;noveletaro;;prozo originala
54 - 2023;junio;323;167-168;Elena Popova koversacias kun Julian Modest;Feliĉo donata de mirinda lingvo;;;INTERVJUO;prozo;;intervjuo
54 - 2023;junio;323;169-172;Julian Modest;La rideto de la ora aŭtuno;;;BELETRO;novelo;;prozo originala
54 - 2023;junio;323;173-176;Vivane Alves Caldas kaj Jovelino Almeida de Lima;Tra la vojoj de kandombleo;;;LINGVISTIKO;lingvo;;eseo originala
54 - 2023;junio;323;177;Paulo S. Viana;Spiro;;;ESEO;artikolo;;eseo originala
54 - 2023;junio;323;178;Wally du Temple;Vulkana Vireto;;;BELETRO;poezio;;poezio originala
54 - 2023;junio;323;179-182;Rubèn Fernández Asensio;Pri bibliotekoj kaj arĥivoj (3);;;KULTURPOLITIKO;lingvistiko;;eseo originala
54 - 2023;junio;323;183;Elena Popova;"Eduard Manet, la “tolŝmiraĉanto""";;;BELETRO;poezio;;poezio originala
54 - 2023;junio;323;184-187;Alessio Giordano;Sur la spuroj de la vajnakoj;;;KULTURPOLITIKO;eseo;;eseo originala
54 - 2023;junio;323;188-189;Tazio Carlevaro;Utilaj kaj instrua donaco por ne-esperantistoj;;;EN VITRINO;recenzo;Carlo Minnaja, Nicolino Rossi (red.) (2022), Antologia della Poesia Esperanto;recenzo
54 - 2023;junio;323;189-190;Elia Cavadini;Antologio kun floroj;;;EN VITRINO;recenzo;Carlo Minnaja, Nicolino Rossi (red.) (2022), Antologia della Poesia Esperanto;recenzo
54 - 2023;aŭgusto;324;195;Paulo S. Viana;La nokto alportis versojn;;;UVERTURO;poezio;;poezio originala
54 - 2023;aŭgusto;324;196-199;Giorgio Silfer;La kongresa epoko de LF-koop: ILF, MKE, Esperanto-Rendevuoj;;;HISTORIO;eseo;;eseo originala
54 - 2023;aŭgusto;324;200-202;Anne Jausions;Nesuspektebla spionino;;;FEMINISMO;eseo;;eseo originala
54 - 2023;aŭgusto;324;203-206;redakcie;La Vezuvia erupcio, 79 p.K.;;;TRADUKARTO;historio;;eseo originala
54 - 2023;aŭgusto;324;207-210;Laure Patas d’Illiers;Vojaĝfino;;;BELETRO;prozo;;prozo originala
54 - 2023;aŭgusto;324;211;Giorgio Silfer;Pino Pinelli, Giorgio Rosa: honoraj civitanoj;;;MEMORE PRI;festparolado;;nekrologo
54 - 2023;aŭgusto;324;212-219;Fabrizio Pennachietti;La islama rivalo de Ararato;;;ESEO;prozo;;prozo originala
54 - 2023;aŭgusto;324;220;Dimitrinka Kateva;EKRA 2023: denove bela sukceso!;;;KONKURSFAKO;dokumento;;anonco
54 - 2023;aŭgusto;324;221-222;Elena Popova;Vivo dediĉita al esperanto;;;HISTORIO;dokumento;;eseo originala
54 - 2023;aŭgusto;324;223-226;Renée Triolle;Du filmoj por proklami liberon de arto;;;LA SEPA ARTO;filmo;Hossein Rajabian (2016), The Upside-down Triangle (La renversita triangulo);prozo originala
54 - 2023;aŭgusto;324;227-230;Giorgio Silfer;Sur la fina benko;;;TEATRO;unuakta dramo;;teatro originala
54 - 2023;aŭgusto;324;231-239;Alessio Giordano;Ortoepio: la cindrulino de nia gramatiko;;;LINGVISTIKO;prelego;;eseo originala
54 - 2023;aŭgusto;324;240-241;"Paulo S. Viana, Marina
Colasanti";Post pli ol 20 jaroj Premio Machado de Assis fine honoras verkistinan karieron;Paulo S. Viana;portugala;REDAKCIE;premio;;anonco
54 - 2023;aŭgusto;324;242-243;Omar Seguna;Liriko en du maltaj lingvoj;Carmel Mallia;malta;BELETRO;letero;;prozo tradukita
54 - 2023;aŭgusto;324;244-248;Rubèn Fernández Asensio;Pri bibliotekoj kaj arĥivoj (4): ciferigado;;;KULTURPOLITIKO;prelego;;eseo originala
54 - 2023;aŭgusto;324;249-251;David K. Jordan;Fine mi komprenis Esperantion;;;EN VITRINO;komikso;Nicolas Vanof (teksto) kaj Tihomir Lovric (desegnoj) (2022), Esperantio vivas;recenzo
54 - 2023;aŭgusto;324;252;Carlo Minnaja;Ĉarmaj porinfanaj rakontoj;;;INFANLITERATURO;recenzo;"Elena Popova (2021), Renkontoj kun mirakloj; Elena Popova (2023), 
Galopu, ĉevaleto!";recenzo
54 - 2023;aŭgusto;324;253-254;Alessio Giordano;Koncize pri plantoj malbone presitaj;;;EN VITRINO;recenzo;Oldrich Arnošt Fischer (2022), Arboj kaj arbedoj;recenzo
54 - 2023;oktobro;325;259;Mariella Mehr;Jeniŝa lamento;Giorgio Silfer;itala;UVERTURO;poezio;;poezio tradukita
54 - 2023;oktobro;325;260-262;Giorgio Silfer;Festivalo de la Esperanta-Kulturo... necesis tuj ŝanĝi la nomon;;;HISTORIO;eseo;;eseo originala
54 - 2023;oktobro;325;263;La Abeletoj;12a KEF: etoso venkis super klimata bojkoto;;;SPECIALE KCE;raporto;;eseo originala
54 - 2023;oktobro;325;264-266;Delilah Gutman;Alfabeto de aero;Carlo Minnaja;itala;BELETRO;poezio;;poezio tradukita
54 - 2023;oktobro;325;267;Giorgio Silfer;Ĉu italo? ankaŭ ne ŝvabo: do kio?;;;REDAKCIE;eseo;;anonco
54 - 2023;oktobro;325;268-270;Italo Svevo;La konscienco de Zeno (epilogo);Giorgio Silfer;itala;BELETRO;prozo;;prozo tradukita
54 - 2023;oktobro;325;271-275;Luigi Pirandello;La piedoj sur la herbo;Carlo Minnaja;itala;BELETRO;prozo;;prozo tradukita
54 - 2023;oktobro;325;275;Wally du Temple;En venton;;;BELETRO;poezio;;poezio originala
54 - 2023;oktobro;325;276-277;Pablo Neruda;Odo al granda tinuso en la bazaro;Barry Friedman;hispana;REDAKCIE;poezio;;anonco
54 - 2023;oktobro;325;278-280;Nicolino Rossi;Mareno;;;BELETRO;prozo;;prozo originala
54 - 2023;oktobro;325;281;Ewa Grochowska;Amo laŭ sezonoj;;;KONKURSFAKO;poezio;;anonco
54 - 2023;oktobro;325;282-285;Yin Jiaxin;Revo kaj realo;;;BELETRO;prozo;;prozo originala
54 - 2023;oktobro;325;286-287;Renée Triolle;Dublado de filmoj fronte al Artefarita Intelekto;;;ESEO;eseo;;eseo originala
54 - 2023;oktobro;325;288-290;Perla Martinelli;Sondi profundojn de patrina psiko;;;LA SEPA ARTO;recenzo;Alice Drop (2022), Saint Omer;recenzo
54 - 2023;oktobro;325;291-299;Alessio Giordano;Alanoj de Eŭropo, Osetoj de Kaŭkazio;;;LINGVISTIKO;eseo;;eseo originala
54 - 2023;oktobro;325;300-305;Rubèn Fernández Asensio;Pri bibliotekoj (5): ciferecaj problemoj;;;KULTURPOLITIKO;eseo;;eseo originala
54 - 2023;oktobro;325;306-309;Tazio Carlevaro;Francesco Soave kaj lia kodo-skemo por internacia komunikado;;;PLANLINGVISTIKO;eseo;;eseo originala
54 - 2023;oktobro;325;310-312;Evarist Bartolo;Kiuj estas ni?;Carmel Mallia;malta;BELETRO;prozo;;prozo tradukita
54 - 2023;oktobro;325;313-315;Carlo Minnaja;Frukto de bona kunlaboro;;;EN VITRINO;recenzo;Wally G. du Temple (2023), La Kanada Verkaro;recenzo
54 - 2023;oktobro;325;316-317;Julian Modest;Senkompata satiro;;;EN VITRINO;recenzo;Alfred Jarry (2023), Reĝo Ubuo, tr. Thomas Larger kaj Thierry Tailhades;recenzo
54 - 2023;oktobro;325;318;Silvia Pinelli, Lorenzo Rosa;Giuseppe Pinelli kaj Giorgio Rosa ricevis la honoran esperantan civitanecon;;;REDAKCIE;letero;;anonco
54 - 2023;decembro;326;323-326;Fabrizio De André, Lluís Llach;Despero kaj espero;Giorgio Silfer, Perla Martinelli;itala;UVERTURO;poezio;;poezio tradukita
54 - 2023;decembro;326;327-330;Giorgio Silfer;La konkursoj kiel kongresa frukto;;;HISTORIO;eseo;;eseo originala
54 - 2023;decembro;326;331;Alessia Rastelli / Giorgio Silfer;La norvega filo de la plej absurda patro;;;KONKURSFAKO;intervjuo;;intervjuo
54 - 2023;decembro;326;332-333;Perla Martinelli;Denove – eble denove vane – Pac-Nobelo kronas la forton de irananino;;;FEMINISMO;eseo;;eseo originala
54 - 2023;decembro;326;334;Nicolino Rossi;Italo Calvino, pli ol aktuala;;;REDAKCIE;eseo;;anonco
54 - 2023;decembro;326;335-339;Italo Calvino;La urboj nevideblaj, specimenoj el ĉapitro 9;Nicolino Rossi;itala;BELETRO;prozo;;prozo tradukita
54 - 2023;decembro;326;340-341;Giorgio Silfer;Oracio por Marie-France Conde Rey;;;MEMORE PRI;nekrologo;;nekrologo
54 - 2023;decembro;326;341-342;Elena Popova;Nova stelo kun amo al la homoj;;;MEMORE PRI;nekrologo;;nekrologo
54 - 2023;decembro;326;343-349;Mikaelo Bronŝtejn;Pri la emo edziĝi;;;BELETRO;prozo;;prozo originala
54 - 2023;decembro;326;350-351;Yin Jiaxin;Komuna familia nomo;;;BELETRO;prozo;;prozo originala
54 - 2023;decembro;326;352-354;Giorgio Silfer;La radikoj de violento kontraŭ virinoj;;;LA SEPA ARTO;recenzo;Paul Verhoeven (2016), Elle (filmo);recenzo
54 - 2023;decembro;326;355-356;Carlo Minnaja;Subĉiela festivalo en Italio;;;SPECIALE PEN;raporto;;anonco
54 - 2023;decembro;326;357-366;Vittorio Springfield Tomelleri, Alessio Giordano;Xetægkaty Leuany fyrt K'osta: tradukaj problemoj;;;LINGVISTIKO;eseo;;eseo originala
54 - 2023;decembro;326;367-368;Kultura Centro Esperantista;"La unuaj rekomendoj de la ""svisa skolo""";;;TRADUKARTO;raporto;;eseo originala
54 - 2023;decembro;326;369-371;Judit Felszeghy;Mondoj el kune legataj libroj;;;INFANLITERATURO;eseo;;prozo originala
54 - 2023;decembro;326;371;Wally du Temple;Delfena knabo;;;BELETRO;poezio;;poezio originala
54 - 2023;decembro;326;372-377;Fernando Pita;La (plan)lingvo de la Vivdonanto;;;PLANLINGVISTIKO;eseo;;eseo originala
54 - 2023;decembro;326;378-381;Stan Keable;Sovetia framo por esperanta vivo;;;EN VITRINO;recenzo;Mikaelo Bronŝtejn (2022), Simeono;recenzo
54 - 2023;decembro;326;382;Redakcio;Ek la la Nova Jaro!;;;NOVJARA SALUTO;letero;;prozo originala
55 - 2024;februaro;327;3;Pablo Neruda;Odo al Paco;Perla Martinelli;hispana;UVERTURO;poezio;;poezio tradukita
55 - 2024;februaro;327;4;Kapitulo de la Esperanta Civito;Universala Deklaracio sepdekkvinjara;;;NOVJARA SALUTO;raporto;;eseo originala
55 - 2024;februaro;327;5;Benoît Philippe;La kapela mureto...;;;BELETRO;poezio;;poezio originala
55 - 2024;februaro;327;6-7;Perla Martinelli;Pli fortaj ol ajna diktaturo;;;KONKURSFAKO;eseo;;eseo originala
55 - 2024;februaro;327;8-9;Redakcio;Por ne forgesi, por konscii;;;KONKURSFAKO;eseo;;eseo originala
55 - 2024;februaro;327;10-16;Jon Fosse;Ludi la ludon (Leike leiken). Sonludo por du voĉoj;Otto Prytz;norvega;KONKURSFAKO;teatro;;teatro tradukita
55 - 2024;februaro;327;17-22;Perla Martinelli;La belbleka bando;;;INFANLITERATURO;prozo;;prozo originala
55 - 2024;februaro;327;23-25;Yin Jiaxin;Kromlaboro;;;BELETRO;prozo;;prozo originala
55 - 2024;februaro;327;26-27;Giuseppe Campolo;Pri la sublima malsukceso;;;KOMENTARIO;eseo;;eseo originala
55 - 2024;februaro;327;28-30;Immanuel Kant;Ses enkondukaj artikoloj profete principaj;Paul Gottfried Christaller;germana;ESEO;eseo;;eseo tradukita
55 - 2024;februaro;327;31-33;Voltaire;Kandid heroas inter Bulgaroj kaj Abaroj;Eŭgeno Lanti;franca;ESEO;eseo;;eseo tradukita
55 - 2024;februaro;327;34-36;Alessio Giordano;La projekto EuRom5 por interkompreniĝo. Legi kaj kompreni kvin romanidajn lingvojn;;;LINGVISTIKO;eseo;;eseo originala
55 - 2024;februaro;327;37-40;Mikaelo Bronŝtejn;"Fragmento el ""La projekto Vivo""";;;BELETRO;prozo;;poezio originala
55 - 2024;februaro;327;41- 50;Alessio Giordano;Oni ŝanĝas sian sorton, sed ne la korpon! La korpa releviĝo laŭ Katolikismo kaj Mazdeismo;;;ESEO;eseo;;eseo originala
55 - 2024;februaro;327;51-53;Perla Martinelli;Tenero melankolia ekstertempa sur klare socidenunca fono;;;LA SEPA ARTO;recenzo;Aki Kaurismäki (2023), Kuolleet lehdet (filmo);recenzo
55 - 2024;februaro;327;54-55;Ivaniĉka Maĝarova;Elena Popova, bulgara poetino;;;FEMINISMO;eseo;;eseo originala
55 - 2024;februaro;327;56-59;Nicolino Rossi;Emocivibra, malĉiutaga poezio;;;EN VITRINO;recenzo;Benoît Philippe (2023), Espero fola;recenzo
55 - 2024;februaro;327;60-61;Vinko Ošlak;Taŭga elekto, kun kelkaj bemoloj;;;EN VITRINO;recenzo;Costantin Gheorghiu (2022), La horo 25;recenzo
55 - 2024;februaro;327;62;Giorgio Silfer;Paŭlo kaj Veronika kiel karaj mensogantoj;;;TEATRO;teatro;;teatro originala
55 - 2024;aprilo;328;67;Primo Levi;Ŝema' (Aŭskultu);Perla Martinelli;itala;UVERTURO;poezio;;poezio tradukita
55 - 2024;aprilo;328;68;Redakcio;Por eviti tian estontecon;;;REDAKCIE;raporto;;eseo originala
55 - 2024;aprilo;328;69;Perla Martinelli;La aktualeco de amara historio;;;REDAKCIE;eseo;;anonco
55 - 2024;aprilo;328;70-72;Elsa Morante;"Paĝo el la romano ""La Historio""";Perla Martinelli;itala;BELETRO;prozo;;prozo tradukita
55 - 2024;aprilo;328;73;Stella Meester;Plia oka de marto...;;;FEMINISMO;eseo;;eseo originala
55 - 2024;aprilo;328;74-78;Tsangyang Gyatso;El la Poezia Biografio de Tsangyang Gyatso, Sesa Dalai-Lamao;Minosun;ĉina;HISTORIO;poezio;;poezio tradukita
55 - 2024;aprilo;328;79-81;Nicolino Rossi;Mobuno;;;BELETRO;prozo;;prozo originala
55 - 2024;aprilo;328;82-88;Mikaelo Bronŝtejn;Aleksandr Puŝkin kiel tradukisto;;;TRADUKARTO;eseo;;eseo originala
55 - 2024;aprilo;328;89-90;Helmi Martikainen;Virina trafo, honore al Alfred Nobel;;;FEMINISMO;eseo;;eseo originala
55 - 2024;aprilo;328;91-94;Juan García del Río;"Supertram kaj la ""Krimo de la Jarcento""";;;MUZIKO;eseo;;eseo originala
55 - 2024;aprilo;328;95-97;Giorgio Silfer;Trovi kaj perdi la realon apud la realo;;;LA SEPA ARTO;recenzo;Timm Kröger (2023), Die Theorie von Allem (filmo);recenzo
55 - 2024;aprilo;328;98;Olivier Friggieri;La adiaŭo;Carmel Mallia;malta;BELETRO;poezio;;poezio tradukita
55 - 2024;aprilo;328;99-103;Fernando Pita;Komenio, sekreta ponto inter diversaj fakoj;;;PLANLINGVISTIKO;eseo;;eseo originala
55 - 2024;aprilo;328;104;Heroldo Komunikas;Slovenio, Laponio, Ĉilio en 2024;;;SPECIALE PEN;raporto;;anonco
55 - 2024;aprilo;328;105-108;Alessio Giordano;Dua lingvo por la nacio, dua loko sur la podio;;;KULTURPOLITIKO;eseo;;eseo originala
55 - 2024;aprilo;328;109-111;Giorgio Silfer;"De ""terra nullius"" ĝis ""omnes ad unum""? La zamenhofa Alvoko al la diplomatoj";;;ESEO;eseo;;eseo originala
55 - 2024;aprilo;328;112-113;Aleksandro Zamenhof;El la taglibro de sieĝito en Port-Arturo;;;BELETRO;prozo;;prozo originala
55 - 2024;aprilo;328;114-116;Maurice Druon;La stranga milito de Tisto;Marie-France Conde Rey;franca;INFANLITERATURO;prozo;;prozo tradukita
55 - 2024;aprilo;328;117;Mao Zifu;La festo de la maljunuloj;;;BELETRO;poezio;;poezio originala
55 - 2024;aprilo;328;118-120;Arnaldo Fusinato;La lasta horo de Venecio;Carlo Minnaja;itala;BELETRO;poezio;;poezio tradukita
55 - 2024;aprilo;328;121;Perla Martinelli;Iom misgvida titolo por aro da premioj;;;EN VITRINO;recenzo;Aǔtoroj diversaj (2024), La Arto Verki kaj Traduki, tr. kaj red. Nicolino Rossi;recenzo
55 - 2024;aprilo;328;122-123;Giorgio Silfer;En esperanto la unua kaj lasta de Brecht;;;TEATRO;teatro;;teatro originala
55 - 2024;aprilo;328;124-125;Julian Modest;La amo estas eterna;;;EN VITRINO;recenzo;Ivaniĉka Maĝarova (2023), Dum sunsubiro (dulingva poemaro);recenzo
55 - 2024;aprilo;328;125-126;Judit Felszeghy;Lerta romaneto por lertaj lernantoj;;;EN VITRINO;recenzo;Laure Patas d'Illiers (2023), Inés en Okcitanio;recenzo
55 - 2024;junio;329;131;Gianni Rodari;Memorende;Carlo Minnaja, Perla Martinelli;itala;EN VITRINO;poezio;;recenzo
55 - 2024;junio;329;132;LF-koop;Novaj projektoj por garantii kontinuecon;;;REDAKCIE;raporto;;anonco
55 - 2024;junio;329;133-141;Alessio Giordano;Vivanta arĥivo de la esperanta kulturo;;;KULTURPOLITIKO;eseo;;eseo originala
55 - 2024;junio;329;142-144;Italo Svevo;Elpensi Ligon de Nacioj antaŭ ol Wilson;Giorgio Silfer;itala;ESEO;eseo;;eseo tradukita
55 - 2024;junio;329;145-147;Sándor Marai;"Fragmento el ""La buĉisto""";Giorgio Silfer;hungara;BELETRO;prozo;;prozo tradukita
55 - 2024;junio;329;148-149;Giuseppe Campolo;La revo de l' artisto;Carlo Minnaja;itala;BELETRO;prozo;;prozo tradukita
55 - 2024;junio;329;150-152;Stella Meester;Ĉu junulino povas esti militraportisto?;;;FEMINISMO;eseo;;eseo originala
55 - 2024;junio;329;153-156;Juan García del Río;Silvio Rodríguez: pli ol trobadoro;;;MUZIKO;eseo;;eseo originala
55 - 2024;junio;329;157-158;Yin Jiaxin;Ĉu vi ankoraŭ belos morgaŭ;;;BELETRO;prozo;;prozo originala
55 - 2024;junio;329;159-161;Giorgio Silfer;Tridek jarojn poste: hotelo de mil rifuĝintoj;;;LA SEPA ARTO;recenzo;Terry George (2004), Hotel Rwanda (filmo);recenzo
55 - 2024;junio;329;162-168;Laure Patas d’Illiers;Domo sepi-nuanca;;;BELETRO;prozo;;prozo originala
55 - 2024;junio;329;169-173;Alessio Giordano;Revuo al-popola, sed nur por-elita. Kuriozaĵoj pri la plej ekstravaganca itala revuo (1);;;ESEO;eseo;;eseo originala
55 - 2024;junio;329;174;Benoît Philippe;Pri amiko el Madejro;;;BELETRO;poezio;;poezio originala
55 - 2024;junio;329;175-180;Fernando Pita;Komenio, la plej grava filo de la Reformo kaj la plej grava instruisto de la latina;;;PLANLINGVISTIKO;eseo;;eseo originala
55 - 2024;junio;329;181;Carmel Mallia;La esperanta flamo;;;BELETRO;poezio;;poezio originala
55 - 2024;junio;329;182-183;Helmi Martikainen;Unu damo kun du kavaliroj;;;FEMINISMO;eseo;;eseo originala
55 - 2024;junio;329;184-185;Lin Sihuan;Voĉ-ĵonglado;Minosun;ĉina;TEATRO;teatro;;teatro tradukita
55 - 2024;junio;329;186-187;Paola Tosato;"""La Kosmokomikoj"": malfacila sed stimula";;;EN VITRINO;recenzo;Italo Calvino (2023), La Kosmokomikoj, tr. Nicolino Rossi;recenzo
55 - 2024;junio;329;187-188;Massimo Acciai Baggiani;Palomar, trafite!;;;EN VITRINO;recenzo;Italo Calvino (2023), Palomar, tr. Nicolino Rossi;recenzo
55 - 2024;junio;329;189-190;Giorgio Silfer;Historio de religioj paŝas pluen;;;EN VITRINO;recenzo;Shoghi Effendi (2023), Dio preterpasas, tr. BEL;recenzo
55 - 2024;aŭgusto;330;195;Arthur Rimbaud;La dormanto de la valo;Kálmán Kálocsay;franca;UVERTURO;poezio;;poezio tradukita
55 - 2024;aŭgusto;330;196-198;Edmond Privat;Nin ne blindigu niaj antaŭjuĝoj!;;;ESEO;eseo;;eseo originala
55 - 2024;aŭgusto;330;199-202;Henri Barbusse;"La tagiĝo - el la romano ""Subpafe""";Giorgio Silfer;franca;BELETRO;prozo;;prozo tradukita
55 - 2024;aŭgusto;330;203-208;Alessio Giordano;Radikala empatio. La transnacia arto de Elizabet Catlett;;;ARTO;eseo;;eseo originala
55 - 2024;aŭgusto;330;209;Elena Popova;Spirito kontraŭ sorto: Lilia Nikolova;;;FEMINISMO;eseo;;eseo originala
55 - 2024;aŭgusto;330;210-211;Giorgio Silfer;Por flari bonan teatron necesas nazo...;;;TEATRO;recenzo;Alexis Michalik (2016), Edmond;recenzo
55 - 2024;aŭgusto;330;212-216;Juan García del Río;"Patro Abrahamo kaj la ""Vivokanto""";;;MUZIKO;eseo;;eseo originala
55 - 2024;aŭgusto;330;218-220;Yin Jiaxin;Denove renkonti Flavon;;;BELETRO;prozo;;prozo originala
55 - 2024;aŭgusto;330;221-223;Nicolino Rossi;La kvaropo de Penzanco;;;BELETRO;prozo;;prozo originala
55 - 2024;aŭgusto;330;224-225;Renée Triolle;Taglibroj filmitaj de neprofesiuloj;;;LA SEPA ARTO;recenzo;"Manon Loizeau, Elaha Iqbali (2022), La vie devant elle (dokumenta filmo); Maciek Hamela (2023), Pierre Feuille Pistolet (dokumenta filmo)";recenzo
55 - 2024;aŭgusto;330;227-229;Jesper Lykke Jacobsen;Pri la utilo krei grandegan korpuson de revuoj en esperanto;;;LINGVISTIKO;eseo;;eseo originala
55 - 2024;aŭgusto;330;230-235;Fernando Pita;Komenio esploristo kaj filozofo. La mirindaj jaroj de la pedagogo;;;PLANLINGVISTIKO;eseo;;eseo originala
55 - 2024;aŭgusto;330;236-237;Carlo Minnaja;Modela akademiano;;;HUMURO;poezio;;poezio originala
55 - 2024;aŭgusto;330;238-240;Helmi Martikainen;Escepte alta kontribuo al la disvolvo de vakcino-terapio;;;FEMINISMO;eseo;;eseo originala
55 - 2024;aŭgusto;330;241;Minosun;Pejzaĝo;;;BELETRO;poezio;;poezio originala
55 - 2024;aŭgusto;330;242-244;Stella Meester;La forto de la virina interhelpo;;;FEMINISMO;eseo;;eseo originala
55 - 2024;aŭgusto;330;245-249;Alessio Giordano;Ŝoke kuraĝa, ne anstataŭebla. Kuriozaĵoj pri la plej ekstravaganca itala revuo (2);;;ESEO;eseo;;eseo originala
55 - 2024;aŭgusto;330;250;Ĝiorĝ Pisani;La bovo;Carmel Mallia;malta;BELETRO;poezio;;poezio tradukita
55 - 2024;aŭgusto;330;251;Giorgio Silfer;De aŭtonomio al heteronomio en arto;;;EN VITRINO;recenzo;Miguel Fernández (2023), Semo de matenruĝoj;recenzo
55 - 2024;aŭgusto;330;252-253;Judit Felszeghy;Ĉu vere por nivelo A1?;;;EN VITRINO;recenzo;Marie-Laure Lions-Oliviéri (2023), Stranga malapero;recenzo
55 - 2024;aŭgusto;330;254;Alessio Giordano;Temo dorna, tamen ne akra;;;EN VITRINO;recenzo;Oldřich Arnošt Fischer (2024), El mirinda mondo de kaktoj;recenzo
55 - 2024;oktobro;331;259-260;William Auld;La infana raso, kanto XV;;;UVERTURO;poezio;;poezio originala
55 - 2024;oktobro;331;261-265;Perla Martinelli, Giorgio Silfer;William Auld estus nun centjara. Konversacio pri la infana raso;;;INTERVJUO;intervjuo;;intervjuo
55 - 2024;oktobro;331;266-267;Stella Meester;Gae Aulenti, virino kaj arkitekto;;;FEMINISMO;eseo;;eseo originala
55 - 2024;oktobro;331;268-270;Juan García del Río;Se Dio aŭskultus muzikon...;;;MUZIKO;eseo;;eseo originala
55 - 2024;oktobro;331;271-276;Alessio Giordano, Vincenzo Sparagna;La milito neniam ĉesis, ne ekzistas veteranoj. Kuriozaĵoj pri la plej ekstravaganca itala revuo;;;INTERVJUO;intervjuo;;intervjuo
55 - 2024;oktobro;331;278-286;Rubèn Fernández Asensio;La paralelaj sortoj de jido kaj esperanto. Prezento de rimarkinda raporto pri jida arĥivejo;;;ESEO;eseo;;eseo originala
55 - 2024;oktobro;331;287-290;Alessio Giordano;Alia etoso, sama spektindo;;;LA SEPA ARTO;recenzo;"Juraj Herz (1969), Spalovaĉ mrtvol; Yorgos Zois (2024), Arkantia";recenzo
55 - 2024;oktobro;331;291-293;Alessio Giordano;Omaĝo al István Szerdahelyi;;;MEMORE PRI;nekrologo;;nekrologo
55 - 2024;oktobro;331;294;Elena Popova;La naturo, pentristo;;;BELETRO;poezio;;poezio originala
55 - 2024;oktobro;331;295-296;Carlo Minnaja;Drameca plektiĝo de moralismo kaj pasio;;;KULTURPOLITIKO;eseo;;eseo originala
55 - 2024;oktobro;331;297-298;Grazia Deledda;La doloro;Carlo Minnaja;itala;BELETRO;prozo;;prozo tradukita
55 - 2024;oktobro;331;299-300;Helmi Martikainen;Kontraŭ genocido kaj seksa perforto;;;FEMINISMO;eseo;;eseo originala
55 - 2024;oktobro;331;301-303;Jamahara Rjooiĉi;La perforto;Suzuki Tadaiti;japana;BELETRO;prozo;;prozo tradukita
55 - 2024;oktobro;331;304;Nicolino Rossi;Paco stompita;;;BELETRO;poezio;;poezio originala
55 - 2024;oktobro;331;305-314;Sigmund Freud;Pro kio milito? Respondo al Einstein;Vinko Oŝlak;germana;BELETRO;letero;;prozo tradukita
55 - 2024;oktobro;331;315;Giorgio Silfer;Iom da esperanto-literaturo sub lupeo;;;EN VITRINO;recenzo;Humphrey Tonkin (2020), Memoru ĉi praulojn;recenzo
55 - 2024;oktobro;331;316-317;Perla Martinelli;Veoplena rakonto por romantikuloj;;;EN VITRINO;recenzo;Miguel Delibes (2023), Sinjorino en ruĝo sur griza fono, tr. Antonio Valén;recenzo
55 - 2024;oktobro;331;317-318;Enrico Dovigo;Filozofio de malgrandaj aferoj;;;EN VITRINO;recenzo;Elena Popova (2024), Amu min, mia ido!;recenzo
55 - 2024;decembro;332;323;Luigi Minnaja;Pacon, Sinjoro!;;;UVERTURO;poezio;;poezio originala
55 - 2024;decembro;332;324-325, 381;Helmi Martikainen;Koreino translimigas literaturan trezoron;;;FEMINISMO;eseo;;eseo originala
55 - 2024;decembro;332;326-329;Nicolino Rossi;William Auld centjara en mond’ eterne militanta;;;REDAKCIE;eseo;;anonco
55 - 2024;decembro;332;330;Redakcio;Asertas Pereira premieras en Katalunio;;;ESEO;raporto;;eseo originala
55 - 2024;decembro;332;331-337;Carlo Minnaja;Marco Polo: venecia komercisto kiu kontribuis al la monda kulturo (1);;;REDAKCIE;eseo;;anonco
55 - 2024;decembro;332;338-340;Yin Jiaxin;La unua rendevuo;;;BELETRO;prozo;;prozo originala
55 - 2024;decembro;332;341-344;Goffredo Parise;Milito;Carlo Minnaja;itala;BELETRO;prozo;;prozo tradukita
55 - 2024;decembro;332;345;Wally du Temple;Akva muziko;;;BELETRO;poezio;;poezio originala
55 - 2024;decembro;332;346-350;Juan García del Río;BaRok’-Projekto: aparta, elstara propono;;;MUZIKO;eseo;;eseo originala
55 - 2024;decembro;332;351;Redakcio;Por ke oni ne forgesu;;;KONKURSFAKO;raporto;;eseo originala
55 - 2024;decembro;332;352-354;Renée Triolle;Norah;;;LA SEPA ARTO;recenzo;Tawfik Alzaidi (2023), Norah (filmo);recenzo
55 - 2024;decembro;332;354;Minosun;Kiam sen vi;;;BELETRO;poezio;;poezio originala
55 - 2024;decembro;332;355-361;Fernando Pita;Komenio, de senso al menso. Per nova lingvo kaj per trafa logiko;;;PLANLINGVISTIKO;eseo;;eseo originala
55 - 2024;decembro;332;362-367;Rubèn Fernández Asensio;La paralelaj sortoj de jido kaj esperanto (2). Prezento de rimarkinda raporto pri jida arĥivejo;;;ESEO;eseo;;eseo originala
55 - 2024;decembro;332;368-370;Aaron Lansky;Superruzante Historion. La aventuroj de savinto de miliono da jidaj libroj;Rubèn Fernández Asensio;angla;BELETRO;prozo;;prozo tradukita
55 - 2024;decembro;332;371-373;Alessio Giordano;La Respubliko de Fridujlando. Kuriozaĵoj pri la plej ekstravaganca itala revuo (4);;;ESEO;eseo;;eseo originala
55 - 2024;decembro;332;374-375;Giorgio Silfer;Kial esperanto restas esenca por paco?;;;KULTURPOLITIKO;eseo;;eseo originala
55 - 2024;decembro;332;376;Giorgio Silfer;Reko sen riska pirueto;;;EN VITRINO;recenzo;William Auld, Marjorie Boulton (2024), Rimleteroj;recenzo
55 - 2024;decembro;332;377-379;Carlo Minnaja;Legu, studu, ĝuu;;;EN VITRINO;recenzo;Sten Johansson (2024), Plia dozo da prozo, esearo;recenzo
55 - 2024;decembro;332;380-381;Alessio Giordano;Porinfana verko por plenkreskuloj;;;EN VITRINO;recenzo;Tracey Turner, Åsa Gilland (2022), Ni ĉiuj estas malsamaj, tr. Jorge Rafael Nogueras;recenzo
56 - 2025;februaro;333;3;István Nemere;Se mi mortos;;;UVERTURO;poezio;;poezio originala
56 - 2025;februaro;333;4-7;Giorgio Silfer;István Nemere nin forlasis;;;SPECIALE PEN;eseo;;anonco
56 - 2025;februaro;333;8;Redakcio;En 2025 disfloru la esperanta kulturo;;;NOVJARA SALUTO;raporto;;eseo originala
56 - 2025;februaro;333;9-11;Giorgio Silfer;Nia lingvo kiel lulilo de radiofonio;;;HISTORIO;eseo;;eseo originala
56 - 2025;februaro;333;12-14;Minosun;Koncize pri la ĉina antikva fabelo;;;INFANLITERATURO;eseo;;prozo originala
56 - 2025;februaro;333;15;Laure Patas d’Illiers;Hodiaŭ;;;BELETRO;prozo;;prozo originala
56 - 2025;februaro;333;16-22;Alessio Giordano;Inter movadoj kun sinkrona dimensio kaj mikrosocio kun diakrona retrospektivo (1);;;KULTURPOLITIKO;eseo;;eseo originala
56 - 2025;februaro;333;23-25;Helmi Martikainen;Batalante kontraŭ informa falsado;;;FEMINISMO;raporto;;eseo originala
56 - 2025;februaro;333;26;Mario Attard;Feminicido;Carmel Mallia;malta;BELETRO;poezio;;poezio tradukita
56 - 2025;februaro;333;27-31;Luigi Pirandello;"El “Unu, neniu kaj cent mil""";Carlo Minnaja;itala;BELETRO;prozo;;poezio tradukita
56 - 2025;februaro;333;32-34;Renée Triolle;Interesa teknika eksperimento;;;LA SEPA ARTO;recenzo;Lou Ye, Yingli Ma (2024), An Unfinished Film (Nefinita filmo);recenzo
56 - 2025;februaro;333;35-39;Carlo Minnaja;Marco Polo: venecia komercisto kiu kontribuis al la monda kulturo (2);;;ESEO;eseo;;eseo originala
56 - 2025;februaro;333;40-46;Juan García del Río;La longa kaj sinua vojo…;;;MUZIKO;eseo;;eseo originala
56 - 2025;februaro;333;47-49;Mike Belbin;Elirante de ilia pensmaniero;Stano Keable;angla;EN VITRINO;recenzo;Percival Everett (2024), James;recenzo
56 - 2025;februaro;333;50-51;Ilona Koutny;Memorkonferenco okaze de la 100-jara jubileo de István Szerdahelyi;;;REDAKCIE;raporto;;anonco
56 - 2025;februaro;333;52-53;Elena Popova;Antaŭ bildoj de Helga Plötner, esperanta pentristino;;;ARTO;eseo;;eseo originala
56 - 2025;februaro;333;54-58;Alessio Giordano;Pamo kaj sibo – ĉu esperantida propono?;;;PLANLINGVISTIKO;eseo;;eseo originala
56 - 2025;februaro;333;59-60;Tazio Carlevaro;Tre interesa, tre aktuala romano;;;EN VITRINO;recenzo;Antonio Tabucchi (2024), Asertas Pereira, tr. Perla Martinelli;recenzo
56 - 2025;februaro;333;60-61;Alessio Giordano;Kontraŭterora, neatendita odo al libero;;;EN VITRINO;recenzo;Cory Doctorow (2022), Malgranda frato/sibo, tr. Edmund Grimley;recenzo
56 - 2025;februaro;333;62;Perla Martinelli;Ne terura, sed sentema fresko;;;EN VITRINO;recenzo;Julian Modest (2024), Printempa teruro;recenzo
56 - 2025;aprilo;334;67;Jado;Kanto de revo;;;UVERTURO;poezio;;poezio originala
56 - 2025;aprilo;334;68;Julian Modest;La bronza junulino;;;BELETRO;prozo;;prozo originala
56 - 2025;aprilo;334;69-74;Giorgio Silfer;La ora epoko de la Verda Stacio;;;HISTORIO;eseo;;eseo originala
56 - 2025;aprilo;334;75-77;Perla Martinelli;Saĝo kaj toleremo ŝosintaj el hororo;;;FEMINISMO;eseo;;eseo originala
56 - 2025;aprilo;334;78-82;Luigi Pirandello;La edzo de mia edzino;Carlo Minnaja;itala;BELETRO;prozo;;prozo tradukita
56 - 2025;aprilo;334;83-85;Jado;Transtempaj harmonioj: interkultura dialogo;;;ESEO;eseo;;eseo originala
56 - 2025;aprilo;334;86-88;Yin Jiaxin;Dungiĝo;;;BELETRO;prozo;;prozo originala
56 - 2025;aprilo;334;89;Giorgio Silfer;Aŭtenta disĉiplo de Edmond Privat;;;HISTORIO;nekrologo;;nekrologo
56 - 2025;aprilo;334;90-95;Nataniel dos Santos, Natania da Silva;Angulemo, la bildstria mekko;;;ESEO;raporto;;eseo originala
56 - 2025;aprilo;334;96-97;Giorgio Silfer;La papeco, reale aŭ paradigme;;;LA SEPA ARTO;recenzo;Edward Berger (2024), Conclave (filmo);recenzo
56 - 2025;aprilo;334;98-107;Juan García del Río;Mike Oldfield: Reveno al Ommadawn;;;MUZIKO;eseo;;eseo originala
56 - 2025;aprilo;334;108-113;Tiago Pitta;Lingvaĵo, mito kaj glotopojezo en videoludoj;;;PLANLINGVISTIKO;eseo;;eseo originala
56 - 2025;aprilo;334;114-120;Alessio Giordano;"Inter movadoj kun sinkrona dimensio kaj
mikrosocio kun diakrona retrospektivo (2)";;;KULTURPOLITIKO;eseo;;eseo originala
56 - 2025;aprilo;334;121-122;Alessio Giordano;Originala epigono plenigas mankon;;;EN VITRINO;recenzo;Vinko Ošlak (2024), Epistolo al Philémonos;recenzo
56 - 2025;aprilo;334;121-123;Vinko Ošlak;Apokrifaj evangelioj;;;EN VITRINO;recenzo;Gerrit Berveling (2023), Ekster la limo, tr. Gerrit Berveling;recenzo
56 - 2025;aprilo;334;124-126;Carlo Minnaja;Per inko nigra;;;EN VITRINO;recenzo;Tiberio Madonna (2024), Inkaj pensoj;recenzo
56 - 2025;junio;335;131-133;Carmel Mallia;Rapsodio (por mia naŭdekkvina naskiĝtago);;;UVERTURO;poezio;;poezio originala
56 - 2025;junio;335;134-135;Lorena Bellotti;Inaŭgura mesaĝo de la Konsulino;;;REDAKCIE;raporto;;anonco
56 - 2025;junio;335;136-137;Giorgio Silfer;Vargas Llosa en la kontraŭa stratangulo;;;SPECIALE PEN;eseo;;anonco
56 - 2025;junio;335;138;Joyce Lussu;Mi vin perdis;Perla Martinelli;itala;BELETRO;poezio;;poezio tradukita
56 - 2025;junio;335;139-144;Carlo Minnaja;La antenoj de Caput Mundi;;;HISTORIO;eseo;;eseo originala
56 - 2025;junio;335;145-147;Perla Martinelli;Muzikalo kun sia kialo;;;TEATRO;recenzo;;recenzo
56 - 2025;junio;335;148-149;Helmi Martikainen;Faktoj pli gravas ol honortitoloj;;;FEMINISMO;eseo;;eseo originala
56 - 2025;junio;335;150-153;Stella Meester;"Bela ekzemplo de “homa homo""";;;FEMINISMO;eseo;;eseo originala
56 - 2025;junio;335;154;Tao Qian;Du ĉasistoj;Minosun;ĉina;BELETRO;prozo;;prozo tradukita
56 - 2025;junio;335;155-159;Juan García del Río;Panoramo al la turka muziko;;;MUZIKO;eseo;;eseo originala
56 - 2025;junio;335;160-161;Renée Triolle;Granda rondiro: surpriza, plurnivela filmo;;;LA SEPA ARTO;recenzo;Miguel Gomes (2024), Grand Tour (filmo);recenzo
56 - 2025;junio;335;162-165;Jado;Sperto sendube ne vana;;;KULTURPOLITIKO;eseo;;eseo originala
56 - 2025;junio;335;166-171;Alessio Giordano;Etno, nacio, lingvo: terminologiaj klarigoj;;;KULTURPOLITIKO;eseo;;eseo originala
56 - 2025;junio;335;172-176;Jerzy Leyk;Kiam malaperis la esperanto-movado? (1);;;KULTURPOLITIKO;eseo;;eseo originala
56 - 2025;junio;335;177-183;Fredrik Strömberg;Ĉu bildo valoras pli ol mil vortoj?;Fernando Pita;angla;BILDLITERATURO;eseo;;prozo tradukita
56 - 2025;junio;335;184;Giorgio Silfer;Harry Harryson: jubileo kun duobla veo;;;BELETRO;eseo;;prozo originala
56 - 2025;junio;335;185;Bertil Nilsson;Historie kredinda romano;;;EN VITRINO;recenzo;Sten Johansson (2024), Neŭtrale;recenzo
56 - 2025;junio;335;186-188;Carlo Minnaja;Nebulo, nuboj, suno, interna vivo;;;EN VITRINO;recenzo;Giuseppe Campolo (2024), Nubumo, tr. Nicolino Rossi;recenzo
56 - 2025;junio;335;188-189;Perla Martinelli;Malfacile difinebla verko;;;EN VITRINO;recenzo;Paulo Sergio Viana (2024), La ŝirmejo;recenzo
56 - 2025;junio;335;190;Miroslav Malovec;Detale pri la Verda Stacio;;;BELETRO;letero;;prozo originala
56 - 2025;aŭgusto;336;195-196;Nicolino Rossi;Somera spleno;;;UVERTURO;poezio;;poezio originala
56 - 2025;aŭgusto;336;197-198;Giorgio Silfer;Kun dolĉkompata melodio / Rakontis pri l’ Ginevra sorto…;;;TEATRO;eseo;;teatro originala
56 - 2025;aŭgusto;336;199;Lawrence Ferlinguetti;Kompaton;Perla Martinelli;angla;BELETRO;poezio;;poezio tradukita
56 - 2025;aŭgusto;336;200-201;Julian Modest;La enigmo;;;BELETRO;prozo;;prozo originala
56 - 2025;aŭgusto;336;202-206;Majgull Axelsson;Mi ne nomiĝas Miriam (1);Bertil Nilsson;sveda;BELETRO;prozo;;prozo tradukita
56 - 2025;aŭgusto;336;207-209;Leonardo Sciascia;"Mortminaco, fragmento el “Al ĉiu la sia""";Carlo Minnaja;itala;BELETRO;prozo;;prozo tradukita
56 - 2025;aŭgusto;336;210;Elena Popova;Antaŭ pentraĵoj de Bogomil Ĵivkov;;;ARTO;prozo;;prozo originala
56 - 2025;aŭgusto;336;211-216;Juan García del Río;La Andaluzia rok-sezono;;;MUZIKO;eseo;;eseo originala
56 - 2025;aŭgusto;336;217-222;Jerzy Uśpieński;Kiam ili festis mil kaj unu elsendojn;;;HISTORIO;eseo;;eseo originala
56 - 2025;aŭgusto;336;223;Stella Meester;Per fotarto atentigi pri la neceso vidi;;;FEMINISMO;eseo;;eseo originala
56 - 2025;aŭgusto;336;224-226;Renée Triolle;Nacia kaj persona tragedio kuniĝas en islanda somertago;;;LA SEPA ARTO;recenzo;Rúnar Rúnarsson (2024), Ljósbrot (filmo);recenzo
56 - 2025;aŭgusto;336;227;Benoît Philippe;Anĝelo de la morto;;;BELETRO;poezio;;poezio originala
56 - 2025;aŭgusto;336;228-229;Zhao Ye;Legendo pri Ziyu;Minosun;ĉina;BELETRO;prozo;;prozo tradukita
56 - 2025;aŭgusto;336;230-239;Alessio Giordano;Lingva komplekseco kaj universala gramatiko;;;ZAMENHOFOLOGIO;eseo;;eseo originala
56 - 2025;aŭgusto;336;240-242;Jerzy Leyk;Kiam malaperis la esperanto-movado (2);;;KULTURPOLITIKO;eseo;;eseo originala
56 - 2025;aŭgusto;336;243-248;Amaro Xavier Braga Junior;"“Turma da Mônica"", de Maurício de Sousa";;;BILDLITERATURO;eseo;;prozo originala
56 - 2025;aŭgusto;336;249-250;Manuela Ronco;Kono kaj sendependeco estas ĉies rajto;;;EN VITRINO;recenzo;Roald Dahl (2024), Matilda, tr. Tobiasz Kubisiowski;recenzo
56 - 2025;aŭgusto;336;251;Wally du Temple;Baleno savota;;;BELETRO;poezio;;poezio originala
56 - 2025;aŭgusto;336;252-253;Alessandra Madella;Nezha 2 faras sian destinon;;;EN VITRINO;recenzo;Jaozhi (2025), Nezha 2;recenzo
56 - 2025;aŭgusto;336;254;Giorgio Silfer;Ne ĉio cigana egalas al roŭma;;;EN VITRINO;recenzo;Jana Horváthová (2025), Ĉapitroj el la romaa historio, tr. Oldrich Fischer, Miroslav Malovec;recenzo
56 - 2025;oktobro;337;259;Minosun;Nokto morna;;;UVERTURO;poezio;;poezio originala
56 - 2025;oktobro;337;260-262;Giorgio Silfer;Dek du horoj da radio en esperanto;;;HISTORIO;eseo;;eseo originala
56 - 2025;oktobro;337;263-266;Nicolino Rossi;Ĉu eblas trasemajni la missentojn?;;;BELETRO;poezio;;poezio originala
56 - 2025;oktobro;337;267;Elena Popova;Impresoj;;;BELETRO;poezio;;poezio originala
56 - 2025;oktobro;337;268-271;Giacomo Comincini;Politika kantaro el la okupitaj Amamioj;;;ESEO;eseo;;eseo originala
56 - 2025;oktobro;337;272-276;Italo Svevo;La milito min atingis;Giorgio Silfer;itala;BELETRO;prozo;;prozo tradukita
56 - 2025;oktobro;337;277-280;Yin Jiaxin;Aŭgurado;;;BELETRO;prozo;;prozo originala
56 - 2025;oktobro;337;281-284;Juan García del Río;Eivør, Feroa sorĉo;;;MUZIKO;eseo;;eseo originala
56 - 2025;oktobro;337;285-287;Massimo Acciai Baggiani;Nirvano;;;BELETRO;prozo;;prozo originala
56 - 2025;oktobro;337;288-290;Renée Triolle;Plaĉos eĉ pli al esperantistoj;;;LA SEPA ARTO;recenzo;Matthew Rankin (2024), Une langue universelle;recenzo
56 - 2025;oktobro;337;291-292;Helmi Martikainen;Oleksandra Matviichuk, fiera ukrainino;;;FEMINISMO;eseo;;eseo originala
56 - 2025;oktobro;337;292-296;Oleksandra Matviichuk;Estas tempo surpreni respondecon;Helmi Martikainen;angla;FEMINISMO;eseo;;eseo tradukita
56 - 2025;oktobro;337;297-300;Stella Meester;Ĉiam je la flanko de justo kaj empatio;;;FEMINISMO;eseo;;eseo originala
56 - 2025;oktobro;337;301;Massimo Acciai Baggiani;Kaŝitaj trezoroj;;;BELETRO;poezio;;poezio originala
56 - 2025;oktobro;337;302-306;Majgull Axelsson;Mi ne nomiĝas Miriam (2);Bertil Nilsson;sveda;BELETRO;prozo;;prozo tradukita
56 - 2025;oktobro;337;307-310;Thiago Rocha Pitta;Ke via lango tordiĝu kaj rompiĝu;;;PLANLINGVISTIKO;eseo;;eseo originala
56 - 2025;oktobro;337;311;Paola Tosato;Feliĉa vivo en simbiozo kun naturo;;;EN VITRINO;recenzo;Zdravka Metz (2005), Birdoj en nia korto;recenzo
56 - 2025;oktobro;337;312-313;Vinko Ošlak;Legi altklasan aŭtoron en nia elektita lingvo;;;EN VITRINO;recenzo;Burhan Sönmez (2025), Istanbul’ Istanbulo, tr. Vasil Kadifeli;recenzo
56 - 2025;oktobro;337;314-317;Stanley Keable;Rea vizito al la Belle Époque;;;EN VITRINO;recenzo;Arthur Conan Doyle (2024), La ĉashundo de la Baskerviloj, tr. William Auld;recenzo
56 - 2025;oktobro;337;318;Alessio Giordano;Perditaj eroj de identeca mozaiko;;;EN VITRINO;recenzo;Stasia Chylicki (2025), Serendipità - Serendipeco, tr. Pavol Petrik;recenzo
56 - 2025;decembro;338;323;Giorgio Silfer;Leginte alies poemon jarfine;;;UVERTURO;poezio;;poezio originala
56 - 2025;decembro;338;324-328;Stasia Chylicki;La potenco de podkasto en esperanto;;;HISTORIO;eseo;;eseo originala
56 - 2025;decembro;338;329-332;Yin Jiaxin;Kaŝbileto en la angla;;;BELETRO;prozo;;prozo originala
56 - 2025;decembro;338;333-335;Israel Yehoshua Singer;"Fragmento el “Mondo ne plu ekzistanta""";Perla Martinelli;angla;BELETRO;prozo;;prozo tradukita
56 - 2025;decembro;338;336-340;Majgull Axelsson;Mi ne nomiĝas Miriam (3);Bertil Nilsson;sveda;BELETRO;prozo;;prozo tradukita
56 - 2025;decembro;338;341;Minosun;Pasero;;;BELETRO;poezio;;poezio originala
56 - 2025;decembro;338;342-343;Nikita Pimenov;Kiun mortigis Raskolnikov?;;;BELETRO;prozo;;prozo originala
56 - 2025;decembro;338;344-348;Juan García del Río;Per Malaika al Afriko;;;MUZIKO;eseo;;eseo originala
56 - 2025;decembro;338;349;PEN Internacia;Manifesto pri la defendo de Naturo;Giorgio Silfer;;SPECIALE PEN;raporto;;anonco
56 - 2025;decembro;338;350-351;Perla Martinelli;Jane Goodall, naturamika sciencisto;;;ESEO;eseo;;eseo originala
56 - 2025;decembro;338;352-353;Giorgio Silfer;La aŭtenta pesimismo estas ĉiam hungara;;;LA SEPA ARTO;recenzo;Béla Tarr, Âgnes Hranitzky (2011), A Torinói ló (filmo);recenzo
56 - 2025;decembro;338;354-363;Alessio Giordano;Muziko kaj filozofio en Helenio;;;ESEO;eseo;;eseo originala
56 - 2025;decembro;338;364;Stella Meester;Patrinaj voĉoj resonas pretertempe;;;FEMINISMO;eseo;;eseo originala
57 - 2025;decembro;338;365;Leendert C. Deij;El Literatura Foiro 92, aŭgusto 1985;;;FEMINISMO;;;eseo originala
56 - 2025;decembro;338;366-367;Giorgio Silfer;Kio estas Esperanto-Domo?;;;KULTURPOLITIKO;eseo;;eseo originala
56 - 2025;decembro;338;368;Perla Martinelli;Eble ŝi scias, kiom ŝi mankas;;;MEMORE PRI;nekrologo;;nekrologo
56 - 2025;decembro;338;369;Marie-France Conde Rey;Meritlisto;;;BELETRO;prozo;;prozo originala
56 - 2025;decembro;338;370-374;Fernando Pita;Intervjuo kun Rapha Pinheiro;;;BILDLITERATURO;intervjuo;;intervjuo
56 - 2025;decembro;338;375-377;Alessio Giordano;Biolingvistiko kaj konverĝa evoluo;;;LINGVISTIKO;eseo;;eseo originala
56 - 2025;decembro;338;378-380;Alessio Giordano;Apertaj rilatoj ja oportunas;;;EN VITRINO;recenzo;Oliver Schott (2025), Neekskluzivaj rilatoj ja indas, tr. Kirilo Brosch;recenzo
56 - 2025;decembro;338;381-382;Carlo Minnaja;Emocioj pentritaj en simpla lingvaĵo;;;EN VITRINO;recenzo;Ranja Zafinifotsy (2024), Kiel herbo en vento;recenzo
57 - 2026;februaro;339;3;Jado;Vojaĝo tra l’ silento;;;UVERTURO;poezio;;poezio originala
57 - 2026;februaro;339;4-5;Lorena Bellotti, Perla Martinelli, Alessio Giordano;Uverture al nova jarkolekto;;;NOVJARA SALUTO;raporto;;eseo originala
57 - 2026;februaro;339;6;Benoît Philippe;Kanto de rusa amiko;;;BELETRO;poezio;;poezio originala
57 - 2026;februaro;339;7-11;Giorgio Silfer;"Jarcenton post “La Verda Kato""";;;TEATRO;eseo;;teatro originala
57 - 2026;februaro;339;12-15;Mikaelo Bronŝtejn;Avo je mil kaj unu lunoj;;;BELETRO;prozo;;prozo originala
57 - 2026;februaro;339;16-17;Yin Jiaxin;Bleko de makula cervo;;;BELETRO;prozo;;prozo originala
57 - 2026;februaro;339;19-23;Virginia Woolf;Ĉambro nur por si. Ĉapitro unua (1);Stéphane Brault;angla;BELETRO;prozo;;prozo tradukita
57 - 2026;februaro;339;24;Mikaelo Bronŝtejn;La vortoj;;;BELETRO;poezio;;poezio originala
57 - 2026;februaro;339;25-31;Juan García del Río;De la eterna faduo al Madredeus;;;MUZIKO;eseo;;eseo originala
57 - 2026;februaro;339;32-34;Renée Triolle;Ridetoj kaj ruinoj el sieĝata teritorio;;;LA SEPA ARTO;recenzo;Sepideh Farsi (2025), Put your Soul on Your Hand and Walk;recenzo
57 - 2026;februaro;339;35-36;Alessio Giordano;Al vi mi deziras forgeson en arto;;;FEMINISMO;eseo;;eseo originala
57 - 2026;februaro;339;37-40;Gabriele Esposito Guido;Kiel rigardi en esperanto?;;;FILOZOFIO;eseo;;eseo originala
57 - 2026;februaro;339;41-45;Rafael dos Santos;"La brazila kino ĉiam “estis ĉi tie""";;;ESEO;eseo;;eseo originala
57 - 2026;februaro;339;46-50;Giacomo Comincini;Motus interruptus;;;HISTORIO;eseo;;eseo originala
57 - 2026;februaro;339;51-52;Alessio Giordano;Sen konkludo;;;KOMENTARIO;eseo;;eseo originala
57 - 2026;februaro;339;53-57;Nina Danylyuk;Pripense ĉe la verkaro de Eroŝenko;;;REDAKCIE;eseo;;anonco
57 - 2026;februaro;339;58-59;Giorgio Silfer;Diplomatia kaj geopolitika terminaro;;;KULTURPOLITIKO;eseo;;eseo originala
57 - 2026;februaro;339;60-61;Carlo Minnaja;Floroj en mizero de Navalona Lahanitriaina;;;EN VITRINO;recenzo;Navalona Lahanitriaina (2020), Floroj en mizero;recenzo
57 - 2026;februaro;339;62;Manuela Ronco;Tri knaboj, Krepuskulino kaj Terurul;;;EN VITRINO;recenzo;Eva Vychodilová (2020), Tri knaboj, Krepuskulino kaj Terurul, tr. Petr Chrdle;recenzo
57 - 2026;aprilo;340;67;Minosun;Senneĝa vintro;;;UVERTURO;poezio;;poezio originala
57 - 2026;aprilo;340;68-72;Giorgio Silfer;Ĉu kabaredo kontraŭ kabareto?;;;TEATRO;eseo;;teatro originala
57 - 2026;aprilo;340;73-78;László Krasznahorkai;Fragmentoj el satana alegorio;József Horváth;hungara;KONKURSFAKO;prozo;;prozo tradukita
57 - 2026;aprilo;340;79-84;Juan García del Río;Franz Schubert: tro frue, tro genie;;;MUZIKO;eseo;;eseo originala
57 - 2026;aprilo;340;85-89;Laure Patas d’Illiers;Hippolyte;;;BELETRO;prozo;;prozo originala
57 - 2026;aprilo;340;90;Benoît Philippe;Por vi;;;BELETRO;poezio;;poezio originala
57 - 2026;aprilo;340;91-95;Virginia Woolf;Ĉambro nur por si. Ĉapitro unua (2);Stéphane Brault;angla;BELETRO;prozo;;prozo tradukita
57 - 2026;aprilo;340;96-100;Rafael dos Santos;La aventuroj de sekreta agento en la tropika Venecio;Fernando Pita;portugala;LA SEPA ARTO;eseo;;prozo tradukita
57 - 2026;aprilo;340;101-105;Alessio Giordano;Produktiva soleco kaj intelekta laboro;;;KOMENTARIO;eseo;;eseo originala
57 - 2026;aprilo;340;106-107;Stella Meester;La kuraĝo de la sincero;;;FEMINISMO;eseo;;eseo originala
57 - 2026;aprilo;340;108-109;Giorgio Silfer;Nikolin’ adiaŭis nin, sed ne ŝia voĉo;;;MUZIKO;nekrologo;;nekrologo
57 - 2026;aprilo;340;110-112;Giacomo Comincini;La konstelacio de la akvomelono;;;HISTORIO;eseo;;eseo originala
57 - 2026;aprilo;340;113-116;Sonia M. Bibe Luyten;Mi kaj Osamu Tezuka, la revokreanto;Fernando Pita;portugala;BILDLITERATURO;eseo;;prozo tradukita
57 - 2026;aprilo;340;117- 120;Alberta Manni;Hildegarda el Bingen: Homo simplex;Carlo Minnaja;itala;FILOZOFIO;eseo;;eseo tradukita
57 - 2026;aprilo;340;121-122;Manuela Ronco;A. Christie (2023), La murdo de Roger Ackroyd;;;EN VITRINO;recenzo;Agatha Christie (2023), La murdo de Roger Ackroyd, tr. Hans Becklin;recenzo
57 - 2026;aprilo;340;122-123;Perla Martinelli;V. Ošlak (2025), Patron serĉinta, de Filo trovita;;;EN VITRINO;recenzo;Vinko Ošlak (2025), Patron serĉinta, de Filo trovita;recenzo
57 - 2026;aprilo;340;124-126;Stan Keable;S. Johansson (2025), Farango;;;EN VITRINO;recenzo;Sten Johansson (2025), Farango;recenzo
57 - 2026;junio;341;131;Carmel Mallia;Odo al Kálmán Kalocsay;;;UVERTURO;poezio;;poezio originala
57 - 2026;junio;341;132-136;Giorgio Silfer;Gaje pirati antaŭ ol la mondo sinkos;;;TEATRO;eseo;;teatro originala
57 - 2026;junio;341;137-139;Giacomo Comincini;Lasante Naze;;;BELETRO;prozo;;prozo originala
57 - 2026;junio;341;140-141;Alessio Giordano;Pri artefaktoj kaj papavo;;;KOMENTARIO;eseo;;eseo originala
57 - 2026;junio;341;142-144;Massimo Acciai Baggiani;Renkontiĝo;;;BELETRO;prozo;;prozo originala
57 - 2026;junio;341;145-149;Juan García del Río;Keith Jarrett;;;MUZIKO;eseo;;eseo originala
57 - 2026;junio;341;150-151;Renée Triolle;Triokulaj poemoj;;;BELETRO;poezio;;poezio originala
57 - 2026;junio;341;152-154;Jado;Heredaĵo kaj kresko;;;INTERVJUO;intervjuo;;intervjuo
57 - 2026;junio;341;155;Esperanta PEN-Centro, Alessio Giordano;Nia lingvo en la poezia PEN-maratono;;;SPECIALE PEN;poezio;;anonco
57 - 2026;junio;341;156-159;Yin Jiaxin;Stiri aŭton nokte;;;BELETRO;prozo;;prozo originala
57 - 2026;junio;341;160-161;Giorgio Silfer;Historia filmo filigrane nuntempa;;;LA SEPA ARTO;recenzo;Xavier Giannoli (2026), Les Rayons et les Ombres;recenzo
57 - 2026;junio;341;162-166;Virginia Woolf;Ĉambro nur por si. Ĉapitro dua (1);Stéphane Brault;angla;BELETRO;prozo;;prozo tradukita
57 - 2026;junio;341;167;LF-koop;Gejunuloj diskutas pri raŭmismo;;;ESEO;raporto;;eseo originala
57 - 2026;junio;341;168-170;Stella Meester;Pli ol patrino, Elisabeth;;;FEMINISMO;eseo;;eseo originala
57 - 2026;junio;341;171-172;Núrya Perpinyá;Penelopa ne plu atendas sian edzon;Abel Montagut;hispana;ESEO;eseo;;eseo tradukita
57 - 2026;junio;341;173-175;Natania da Silva;Nina Albright;Fernando Pita;portugala;BILDLITERATURO;eseo;;prozo tradukita
57 - 2026;junio;341;176-182;Isaak Ė. Babel’;Karl-Jankel;Mikaelo Bronŝtejn;rusa;BELETRO;prozo;;prozo tradukita
57 - 2026;junio;341;183-184;Giorgio Silfer;E. Tófalvy (2019), La liberiĝo;;;EN VITRINO;recenzo;Evá Tófalvy (2019), La liberiĝo;recenzo
57 - 2026;junio;341;185-188;Carlo Minnaja;D. Astori (2026), Che cos’è una lingua inventata;;;EN VITRINO;recenzo;Davide Astori (2025), Che cos’è una lingua inventata;recenzo
57 - 2026;junio;341;189-190;Perla Martinelli;J. R. Nogueras (2025), Centvorte;;;EN VITRINO;recenzo;Jorge Rafael Nogueras (2025), Centvorte;recenzo
57 - 2026;aŭgusto;342;;;;;;;;;eseo originala
57 - 2026;aŭgusto;342;;;;;;;;;eseo originala
57 - 2026;aŭgusto;342;;;;;;;;;eseo originala
57 - 2026;aŭgusto;342;;;;;;;;;eseo originala
57 - 2026;aŭgusto;342;;;;;;;;;eseo originala
57 - 2026;aŭgusto;342;;;;;;;;;eseo originala